country,code,date,variable,value
Afghanistan,AFG,2020-02,RCF,0.6818461538461539
Afghanistan,AFG,2020-02,TP,5.940307692307693
Afghanistan,AFG,2020-02,KTR,2.850461538461538
Afghanistan,AFG,2020-02,SAP,5.324999999999999
Afghanistan,AFG,2020-03,RCF,-5.313322580645161
Afghanistan,AFG,2020-03,TP,-4.5483548387096775
Afghanistan,AFG,2020-03,KTR,-1.2166451612903224
Afghanistan,AFG,2020-03,SAP,2.474612903225806
Afghanistan,AFG,2020-04,RCF,-43.5095
Afghanistan,AFG,2020-04,TP,-45.45233333333333
Afghanistan,AFG,2020-04,KTR,-34.31426666666666
Afghanistan,AFG,2020-04,SAP,-24.395300000000002
Afghanistan,AFG,2020-05,RCF,-41.75394444444444
Afghanistan,AFG,2020-05,TP,-45.03966666666666
Afghanistan,AFG,2020-05,KTR,-28.674611111111112
Afghanistan,AFG,2020-05,SAP,-19.579388888888886
Afghanistan,AFG,2020-07,RCF,-8.448413793103448
Afghanistan,AFG,2020-07,TP,-14.551724137931034
Afghanistan,AFG,2020-07,KTR,-11.556689655172415
Afghanistan,AFG,2020-07,SAP,16.024620689655173
Afghanistan,AFG,2020-08,RCF,-6.776000000000001
Afghanistan,AFG,2020-08,TP,-8.22658064516129
Afghanistan,AFG,2020-08,KTR,-15.631322580645163
Afghanistan,AFG,2020-08,SAP,15.14965
Afghanistan,AFG,2020-09,RCF,43.29727777777778
Afghanistan,AFG,2020-09,TP,-10.034166666666666
Afghanistan,AFG,2020-09,KTR,-2.728533333333333
Afghanistan,AFG,2020-09,SAP,48.035
Afghanistan,AFG,2020-10,RCF,39.046129032258065
Afghanistan,AFG,2020-10,TP,-7.023129032258065
Afghanistan,AFG,2020-10,KTR,-2.4608387096774194
Afghanistan,AFG,2020-10,SAP,49.70048387096774
Afghanistan,AFG,2020-11,RCF,34.76186666666667
Afghanistan,AFG,2020-11,TP,-9.423766666666667
Afghanistan,AFG,2020-11,KTR,-1.5143666666666666
Afghanistan,AFG,2020-11,SAP,46.90476666666667
Afghanistan,AFG,2020-12,RCF,36.110516129032256
Afghanistan,AFG,2020-12,TP,-2.0461290322580643
Afghanistan,AFG,2020-12,KTR,0.7695483870967741
Afghanistan,AFG,2020-12,SAP,52.60383870967742
Afghanistan,AFG,2021-01,RCF,32.225806451612904
Afghanistan,AFG,2021-01,TP,-10.635935483870968
Afghanistan,AFG,2021-01,KTR,-0.553
Afghanistan,AFG,2021-01,SAP,42.953870967741935
Afghanistan,AFG,2021-02,RCF,28.75507142857143
Afghanistan,AFG,2021-02,TP,-17.3215
Afghanistan,AFG,2021-02,KTR,-7.209178571428572
Afghanistan,AFG,2021-02,SAP,45.71932142857143
Afghanistan,AFG,2021-03,RCF,39.92167741935484
Afghanistan,AFG,2021-03,TP,-9.46541935483871
Afghanistan,AFG,2021-03,KTR,-6.437741935483871
Afghanistan,AFG,2021-03,SAP,66.7696129032258
Afghanistan,AFG,2021-04,RCF,36.12376666666667
Afghanistan,AFG,2021-04,TP,-3.495233333333333
Afghanistan,AFG,2021-04,KTR,-0.6237666666666667
Afghanistan,AFG,2021-04,SAP,68.12383333333334
Afghanistan,AFG,2021-05,RCF,46.94922580645161
Afghanistan,AFG,2021-05,TP,1.1198387096774194
Afghanistan,AFG,2021-05,KTR,-6.046064516129032
Afghanistan,AFG,2021-05,SAP,84.76032258064517
Afghanistan,AFG,2021-06,RCF,48.31903333333333
Afghanistan,AFG,2021-06,TP,-8.604733333333334
Afghanistan,AFG,2021-06,KTR,-2.5904000000000003
Afghanistan,AFG,2021-06,SAP,85.30003333333335
Afghanistan,AFG,2021-07,RCF,45.66816129032258
Afghanistan,AFG,2021-07,TP,-11.695838709677421
Afghanistan,AFG,2021-07,KTR,-12.801806451612903
Afghanistan,AFG,2021-07,SAP,80.95851612903226
Afghanistan,AFG,2021-08,RCF,40.599064516129026
Afghanistan,AFG,2021-08,TP,-2.861741935483871
Afghanistan,AFG,2021-08,KTR,-19.456258064516128
Afghanistan,AFG,2021-08,SAP,72.22577419354838
Afghanistan,AFG,2021-09,RCF,32.76193333333333
Afghanistan,AFG,2021-09,TP,-28.104766666666666
Afghanistan,AFG,2021-09,KTR,-22.509533333333334
Afghanistan,AFG,2021-09,SAP,72.4904
Afghanistan,AFG,2021-10,RCF,37.37790322580645
Afghanistan,AFG,2021-10,TP,-26.67277419354839
Afghanistan,AFG,2021-10,KTR,-18.645193548387095
Afghanistan,AFG,2021-10,SAP,79.26732258064516
Afghanistan,AFG,2021-11,RCF,41.3143
Afghanistan,AFG,2021-11,TP,-26.99996666666667
Afghanistan,AFG,2021-11,KTR,-14.066633333333334
Afghanistan,AFG,2021-11,SAP,86.09513333333332
Afghanistan,AFG,2021-12,RCF,40.073677419354844
Afghanistan,AFG,2021-12,TP,-29.350258064516126
Afghanistan,AFG,2021-12,KTR,-4.654354838709677
Afghanistan,AFG,2021-12,SAP,83.189
Afghanistan,AFG,2022-01,RCF,44.682
Afghanistan,AFG,2022-01,TP,-27.497612903225807
Afghanistan,AFG,2022-01,KTR,3.9861935483870967
Afghanistan,AFG,2022-01,SAP,90.364
Afghanistan,AFG,2022-02,RCF,53.29089285714286
Afghanistan,AFG,2022-02,TP,-22.147928571428572
Afghanistan,AFG,2022-02,KTR,9.30107142857143
Afghanistan,AFG,2022-02,SAP,104.33167857142857
Afghanistan,AFG,2022-03,RCF,89.39638709677419
Afghanistan,AFG,2022-03,TP,4.866387096774194
Afghanistan,AFG,2022-03,KTR,22.764935483870968
Afghanistan,AFG,2022-03,SAP,162.47012903225806
Afghanistan,AFG,2022-04,RCF,81.00946666666667
Afghanistan,AFG,2022-04,TP,6.866633333333334
Afghanistan,AFG,2022-04,KTR,28.76196666666667
Afghanistan,AFG,2022-04,SAP,164.29516666666666
Afghanistan,AFG,2022-05,RCF,89.35029032258065
Afghanistan,AFG,2022-05,TP,-0.49306451612903224
Afghanistan,AFG,2022-05,KTR,15.806451612903226
Afghanistan,AFG,2022-05,SAP,166.4653548387097
Afghanistan,AFG,2022-06,RCF,96.8905
Afghanistan,AFG,2022-06,TP,2.633366666666667
Afghanistan,AFG,2022-06,KTR,36.93806666666667
Afghanistan,AFG,2022-06,SAP,175.92853333333332
Afghanistan,AFG,2022-07,RCF,93.85715
Afghanistan,AFG,2022-07,TP,3.2286
Afghanistan,AFG,2022-07,KTR,18.364150000000002
Afghanistan,AFG,2022-07,SAP,174.60715
Angola,AGO,2020-02,RCF,-3.8003846153846155
Angola,AGO,2020-02,TP,-4.737615384615385
Angola,AGO,2020-02,KTR,-6.408615384615386
Angola,AGO,2020-02,SAP,-3.514307692307692
Angola,AGO,2020-03,RCF,-7.345741935483871
Angola,AGO,2020-03,TP,-14.000032258064516
Angola,AGO,2020-03,KTR,-3.7971612903225807
Angola,AGO,2020-03,SAP,1.3410322580645162
Angola,AGO,2020-04,RCF,-53.82383333333333
Angola,AGO,2020-04,TP,-59.71893333333333
Angola,AGO,2020-04,KTR,-43.00953333333334
Angola,AGO,2020-04,SAP,-34.04756666666667
Angola,AGO,2020-05,RCF,-35.663645161290326
Angola,AGO,2020-05,TP,-48.66822580645161
Angola,AGO,2020-05,KTR,-21.90783870967742
Angola,AGO,2020-05,SAP,-17.414709677419356
Angola,AGO,2020-06,RCF,-17.4619
Angola,AGO,2020-06,TP,-38.3237
Angola,AGO,2020-06,KTR,-8.595133333333333
Angola,AGO,2020-06,SAP,-2.6189999999999998
Angola,AGO,2020-07,RCF,-17.21661290322581
Angola,AGO,2020-07,TP,-36.05987096774194
Angola,AGO,2020-07,KTR,-10.783387096774193
Angola,AGO,2020-07,SAP,-2.774193548387097
Angola,AGO,2020-08,RCF,-13.705129032258064
Angola,AGO,2020-08,TP,-31.1044
Angola,AGO,2020-08,KTR,-10.649903225806451
Angola,AGO,2020-08,SAP,-1.032290322580645
Angola,AGO,2020-09,RCF,-8.866666666666667
Angola,AGO,2020-09,TP,-20.9515
Angola,AGO,2020-09,KTR,-13.800066666666668
Angola,AGO,2020-09,SAP,-2.3238333333333334
Angola,AGO,2020-10,RCF,-13.67283870967742
Angola,AGO,2020-10,TP,-16.56216129032258
Angola,AGO,2020-10,KTR,-14.317967741935485
Angola,AGO,2020-10,SAP,-1.2488709677419354
Angola,AGO,2020-11,RCF,-14.214333333333334
Angola,AGO,2020-11,TP,-16.2333
Angola,AGO,2020-11,KTR,-16.566733333333335
Angola,AGO,2020-11,SAP,-1.7047666666666668
Angola,AGO,2020-12,RCF,-5.225677419354839
Angola,AGO,2020-12,TP,1.6451612903225807
Angola,AGO,2020-12,KTR,-13.529967741935483
Angola,AGO,2020-12,SAP,9.345548387096773
Angola,AGO,2021-01,RCF,-14.281129032258063
Angola,AGO,2021-01,TP,-8.460903225806453
Angola,AGO,2021-01,KTR,-17.428580645161293
Angola,AGO,2021-01,SAP,-5.976967741935484
Angola,AGO,2021-02,RCF,-9.642821428571429
Angola,AGO,2021-02,TP,-15.153035714285716
Angola,AGO,2021-02,KTR,-24.841785714285717
Angola,AGO,2021-02,SAP,-2.459178571428571
Angola,AGO,2021-03,RCF,1.0875161290322581
Angola,AGO,2021-03,TP,-10.285645161290324
Angola,AGO,2021-03,KTR,-19.77877419354839
Angola,AGO,2021-03,SAP,8.866290322580646
Angola,AGO,2021-04,RCF,5.7761000000000005
Angola,AGO,2021-04,TP,-7.4999666666666664
Angola,AGO,2021-04,KTR,-12.928566666666667
Angola,AGO,2021-04,SAP,14.2714
Angola,AGO,2021-05,RCF,13.769612903225807
Angola,AGO,2021-05,TP,-8.17058064516129
Angola,AGO,2021-05,KTR,-6.373290322580646
Angola,AGO,2021-05,SAP,26.336354838709678
Angola,AGO,2021-06,RCF,26.061899999999998
Angola,AGO,2021-06,TP,-5.2190666666666665
Angola,AGO,2021-06,KTR,0.9429333333333333
Angola,AGO,2021-06,SAP,35.47613333333334
Angola,AGO,2021-07,RCF,34.54374193548387
Angola,AGO,2021-07,TP,0.5022903225806455
Angola,AGO,2021-07,KTR,1.046032258064516
Angola,AGO,2021-07,SAP,41.557580645161295
Angola,AGO,2021-08,RCF,40.63583870967742
Angola,AGO,2021-08,TP,2.041483870967742
Angola,AGO,2021-08,KTR,2.8617096774193547
Angola,AGO,2021-08,SAP,47.423967741935485
Angola,AGO,2021-09,RCF,43.8952
Angola,AGO,2021-09,TP,27.3715
Angola,AGO,2021-09,KTR,2.8713333333333333
Angola,AGO,2021-09,SAP,48.390499999999996
Angola,AGO,2021-10,RCF,51.829354838709676
Angola,AGO,2021-10,TP,19.834129032258062
Angola,AGO,2021-10,KTR,13.036838709677419
Angola,AGO,2021-10,SAP,52.212
Angola,AGO,2021-11,RCF,55.009566666666665
Angola,AGO,2021-11,TP,36.7762
Angola,AGO,2021-11,KTR,7.033366666666667
Angola,AGO,2021-11,SAP,52.4666
Angola,AGO,2021-12,RCF,58.253516129032256
Angola,AGO,2021-12,TP,42.368741935483875
Angola,AGO,2021-12,KTR,14.193483870967741
Angola,AGO,2021-12,SAP,59.45161290322581
Angola,AGO,2022-01,RCF,41.244290322580646
Angola,AGO,2022-01,TP,23.17967741935484
Angola,AGO,2022-01,KTR,11.59451612903226
Angola,AGO,2022-01,SAP,43.99993548387097
Angola,AGO,2022-02,RCF,61.70917857142857
Angola,AGO,2022-02,TP,36.622428571428564
Angola,AGO,2022-02,KTR,31.811285714285713
Angola,AGO,2022-02,SAP,58.06635714285714
Angola,AGO,2022-03,RCF,79.82483870967742
Angola,AGO,2022-03,TP,55.28103225806451
Angola,AGO,2022-03,KTR,35.97696774193549
Angola,AGO,2022-03,SAP,68.41932258064516
Angola,AGO,2022-04,RCF,92.69996666666665
Angola,AGO,2022-04,TP,85.9
Angola,AGO,2022-04,KTR,50.062000000000005
Angola,AGO,2022-04,SAP,80.75716666666668
Angola,AGO,2022-05,RCF,102.68661290322581
Angola,AGO,2022-05,TP,95.30877419354839
Angola,AGO,2022-05,KTR,64.09677419354838
Angola,AGO,2022-05,SAP,91.58064516129032
Angola,AGO,2022-06,RCF,106.5619
Angola,AGO,2022-06,TP,108.07146666666668
Angola,AGO,2022-06,KTR,70.25233333333334
Angola,AGO,2022-06,SAP,98.5572
Angola,AGO,2022-07,RCF,112.39994999999999
Angola,AGO,2022-07,TP,114.9571
Angola,AGO,2022-07,KTR,68.7714
Angola,AGO,2022-07,SAP,101.6572
Antigua and Barbuda,ATG,2020-02,RCF,-2.161923076923077
Antigua and Barbuda,ATG,2020-02,TP,-1.3121538461538462
Antigua and Barbuda,ATG,2020-02,KTR,0.8406153846153847
Antigua and Barbuda,ATG,2020-02,SAP,-0.7658461538461538
Antigua and Barbuda,ATG,2020-03,RCF,-9.80648387096774
Antigua and Barbuda,ATG,2020-03,TP,-11.61758064516129
Antigua and Barbuda,ATG,2020-03,KTR,-8.695870967741936
Antigua and Barbuda,ATG,2020-03,SAP,0.3779032258064517
Antigua and Barbuda,ATG,2020-04,RCF,-66.04763333333334
Antigua and Barbuda,ATG,2020-04,TP,-74.50956666666666
Antigua and Barbuda,ATG,2020-04,KTR,-66.94283333333334
Antigua and Barbuda,ATG,2020-04,SAP,-45.1096
Antigua and Barbuda,ATG,2020-05,RCF,-40.91703225806451
Antigua and Barbuda,ATG,2020-05,TP,-61.19364516129032
Antigua and Barbuda,ATG,2020-05,KTR,-45.42858064516129
Antigua and Barbuda,ATG,2020-05,SAP,-26.599032258064515
Antigua and Barbuda,ATG,2020-06,RCF,-31.409533333333332
Antigua and Barbuda,ATG,2020-06,TP,-49.4333
Antigua and Barbuda,ATG,2020-06,KTR,-31.747733333333333
Antigua and Barbuda,ATG,2020-06,SAP,-19.890533333333334
Antigua and Barbuda,ATG,2020-07,RCF,-27.221129032258066
Antigua and Barbuda,ATG,2020-07,TP,-48.414806451612904
Antigua and Barbuda,ATG,2020-07,KTR,-30.253387096774194
Antigua and Barbuda,ATG,2020-07,SAP,-17.806451612903224
Antigua and Barbuda,ATG,2020-08,RCF,-26.0671
Antigua and Barbuda,ATG,2020-08,TP,-48.05945
Antigua and Barbuda,ATG,2020-08,KTR,-34.227444444444444
Antigua and Barbuda,ATG,2020-08,SAP,-16.3628
Antigua and Barbuda,ATG,2020-09,RCF,-12.093833333333333
Antigua and Barbuda,ATG,2020-09,TP,-43.10366666666667
Antigua and Barbuda,ATG,2020-09,KTR,-29.8725
Antigua and Barbuda,ATG,2020-09,SAP,-8.361555555555556
Antigua and Barbuda,ATG,2020-10,RCF,-12.852483870967742
Antigua and Barbuda,ATG,2020-10,TP,-41.7281935483871
Antigua and Barbuda,ATG,2020-10,KTR,-26.9631935483871
Antigua and Barbuda,ATG,2020-10,SAP,-4.907806451612903
Antigua and Barbuda,ATG,2020-11,RCF,-13.080933333333332
Antigua and Barbuda,ATG,2020-11,TP,-42.03803333333334
Antigua and Barbuda,ATG,2020-11,KTR,-28.638066666666667
Antigua and Barbuda,ATG,2020-11,SAP,-6.195266666666667
Antigua and Barbuda,ATG,2020-12,RCF,-2.5252903225806453
Antigua and Barbuda,ATG,2020-12,TP,-34.723451612903226
Antigua and Barbuda,ATG,2020-12,KTR,-30.000032258064515
Antigua and Barbuda,ATG,2020-12,SAP,3.327225806451613
Antigua and Barbuda,ATG,2021-01,RCF,-10.838709677419354
Antigua and Barbuda,ATG,2021-01,TP,-37.16593548387097
Antigua and Barbuda,ATG,2021-01,KTR,-26.571354838709677
Antigua and Barbuda,ATG,2021-01,SAP,-5.7464516129032255
Antigua and Barbuda,ATG,2021-02,RCF,-28.673499999999997
Antigua and Barbuda,ATG,2021-02,TP,-50.15810714285714
Antigua and Barbuda,ATG,2021-02,KTR,-38.96935714285714
Antigua and Barbuda,ATG,2021-02,SAP,-12.90817857142857
Antigua and Barbuda,ATG,2021-03,RCF,-26.35941935483871
Antigua and Barbuda,ATG,2021-03,TP,-49.16125806451613
Antigua and Barbuda,ATG,2021-03,KTR,-40.08287096774193
Antigua and Barbuda,ATG,2021-03,SAP,-7.248870967741936
Antigua and Barbuda,ATG,2021-04,RCF,-15.709633333333333
Antigua and Barbuda,ATG,2021-04,TP,-42.73336666666667
Antigua and Barbuda,ATG,2021-04,KTR,-32.7429
Antigua and Barbuda,ATG,2021-04,SAP,3.5904000000000003
Antigua and Barbuda,ATG,2021-05,RCF,-3.6590967741935483
Antigua and Barbuda,ATG,2021-05,TP,-39.03229032258064
Antigua and Barbuda,ATG,2021-05,KTR,-25.502387096774193
Antigua and Barbuda,ATG,2021-05,SAP,10.940032258064516
Antigua and Barbuda,ATG,2021-06,RCF,7.595266666666666
Antigua and Barbuda,ATG,2021-06,TP,-32.53803333333333
Antigua and Barbuda,ATG,2021-06,KTR,-17.480966666666667
Antigua and Barbuda,ATG,2021-06,SAP,10.614233333333335
Antigua and Barbuda,ATG,2021-07,RCF,13.894
Antigua and Barbuda,ATG,2021-07,TP,-25.28106451612903
Antigua and Barbuda,ATG,2021-07,KTR,-21.036870967741937
Antigua and Barbuda,ATG,2021-07,SAP,10.175161290322581
Antigua and Barbuda,ATG,2021-08,RCF,12.870967741935484
Antigua and Barbuda,ATG,2021-08,TP,-30.871064516129035
Antigua and Barbuda,ATG,2021-08,KTR,-25.53458064516129
Antigua and Barbuda,ATG,2021-08,SAP,10.446903225806452
Antigua and Barbuda,ATG,2021-09,RCF,1.3190666666666668
Antigua and Barbuda,ATG,2021-09,TP,-35.72376666666666
Antigua and Barbuda,ATG,2021-09,KTR,-27.380999999999997
Antigua and Barbuda,ATG,2021-09,SAP,8.199966666666667
Antigua and Barbuda,ATG,2021-10,RCF,8.179677419354839
Antigua and Barbuda,ATG,2021-10,TP,-33.7188064516129
Antigua and Barbuda,ATG,2021-10,KTR,-21.027645161290323
Antigua and Barbuda,ATG,2021-10,SAP,12.686483870967741
Antigua and Barbuda,ATG,2021-11,RCF,24.6524
Antigua and Barbuda,ATG,2021-11,TP,-26.823800000000002
Antigua and Barbuda,ATG,2021-11,KTR,-13.0571
Antigua and Barbuda,ATG,2021-11,SAP,19.047666666666665
Antigua and Barbuda,ATG,2021-12,RCF,40.18890322580645
Antigua and Barbuda,ATG,2021-12,TP,-17.511451612903226
Antigua and Barbuda,ATG,2021-12,KTR,-14.433193548387097
Antigua and Barbuda,ATG,2021-12,SAP,24.33174193548387
Antigua and Barbuda,ATG,2022-01,RCF,28.124483870967744
Antigua and Barbuda,ATG,2022-01,TP,-18.995451612903228
Antigua and Barbuda,ATG,2022-01,KTR,-12.221225806451613
Antigua and Barbuda,ATG,2022-01,SAP,18.659064516129032
Antigua and Barbuda,ATG,2022-02,RCF,37.77028571428571
Antigua and Barbuda,ATG,2022-02,TP,-14.13275
Antigua and Barbuda,ATG,2022-02,KTR,0.9337142857142858
Antigua and Barbuda,ATG,2022-02,SAP,24.811214285714282
Antigua and Barbuda,ATG,2022-03,RCF,40.71883870967742
Antigua and Barbuda,ATG,2022-03,TP,-12.437870967741937
Antigua and Barbuda,ATG,2022-03,KTR,4.235064516129032
Antigua and Barbuda,ATG,2022-03,SAP,26.806516129032257
Antigua and Barbuda,ATG,2022-04,RCF,37.704766666666664
Antigua and Barbuda,ATG,2022-04,TP,-14.004833333333332
Antigua and Barbuda,ATG,2022-04,KTR,-3.3380333333333336
Antigua and Barbuda,ATG,2022-04,SAP,28.528599999999997
Antigua and Barbuda,ATG,2022-05,RCF,38.212
Antigua and Barbuda,ATG,2022-05,TP,-13.981645161290322
Antigua and Barbuda,ATG,2022-05,KTR,-1.7373225806451613
Antigua and Barbuda,ATG,2022-05,SAP,32.917032258064516
Antigua and Barbuda,ATG,2022-06,RCF,37.79046666666667
Antigua and Barbuda,ATG,2022-06,TP,-14.2524
Antigua and Barbuda,ATG,2022-06,KTR,-6.4048
Antigua and Barbuda,ATG,2022-06,SAP,35.7047
Antigua and Barbuda,ATG,2022-07,RCF,38.69285
Antigua and Barbuda,ATG,2022-07,TP,-12.828700000000001
Antigua and Barbuda,ATG,2022-07,KTR,-10.1928
Antigua and Barbuda,ATG,2022-07,SAP,37.3
Argentina,ARG,2020-02,RCF,-1.0464615384615386
Argentina,ARG,2020-02,TP,1.170923076923077
Argentina,ARG,2020-02,KTR,-1.8474615384615385
Argentina,ARG,2020-02,SAP,-1.8913846153846154
Argentina,ARG,2020-03,RCF,-31.124451612903226
Argentina,ARG,2020-03,TP,-24.451677419354837
Argentina,ARG,2020-03,KTR,-15.940129032258065
Argentina,ARG,2020-03,SAP,-13.216612903225805
Argentina,ARG,2020-04,RCF,-82.7048
Argentina,ARG,2020-04,TP,-68.24283333333334
Argentina,ARG,2020-04,KTR,-55.21426666666666
Argentina,ARG,2020-04,SAP,-40.381033333333335
Argentina,ARG,2020-05,RCF,-74.67735483870968
Argentina,ARG,2020-05,TP,-57.66351612903226
Argentina,ARG,2020-05,KTR,-37.54374193548387
Argentina,ARG,2020-05,SAP,-28.576032258064515
Argentina,ARG,2020-06,RCF,-64.3667
Argentina,ARG,2020-06,TP,-52.68093333333333
Argentina,ARG,2020-06,KTR,-25.5429
Argentina,ARG,2020-06,SAP,-19.599933333333336
Argentina,ARG,2020-07,RCF,-59.682
Argentina,ARG,2020-07,TP,-54.9861935483871
Argentina,ARG,2020-07,KTR,-26.17967741935484
Argentina,ARG,2020-07,SAP,-18.972290322580644
Argentina,ARG,2020-08,RCF,-54.46083870967742
Argentina,ARG,2020-08,TP,-50.06906451612903
Argentina,ARG,2020-08,KTR,-22.79732258064516
Argentina,ARG,2020-08,SAP,-16.580612903225806
Argentina,ARG,2020-09,RCF,-54.576299999999996
Argentina,ARG,2020-09,TP,-48.443
Argentina,ARG,2020-09,KTR,-23.133300000000002
Argentina,ARG,2020-09,SAP,-18.576199999999996
Argentina,ARG,2020-10,RCF,-51.99077419354838
Argentina,ARG,2020-10,TP,-42.77412903225807
Argentina,ARG,2020-10,KTR,-19.79267741935484
Argentina,ARG,2020-10,SAP,-14.437838709677418
Argentina,ARG,2020-11,RCF,-44.733266666666665
Argentina,ARG,2020-11,TP,-38.290499999999994
Argentina,ARG,2020-11,KTR,-14.857099999999999
Argentina,ARG,2020-11,SAP,-11.7
Argentina,ARG,2020-12,RCF,-35.20735483870968
Argentina,ARG,2020-12,TP,-30.60364516129032
Argentina,ARG,2020-12,KTR,-12.806387096774193
Argentina,ARG,2020-12,SAP,-3.046032258064516
Argentina,ARG,2021-01,RCF,-40.61293548387097
Argentina,ARG,2021-01,TP,-37.073677419354844
Argentina,ARG,2021-01,KTR,-19.497741935483873
Argentina,ARG,2021-01,SAP,-12.755870967741936
Argentina,ARG,2021-02,RCF,-35.27542857142857
Argentina,ARG,2021-02,TP,-31.51532142857143
Argentina,ARG,2021-02,KTR,-17.525464285714285
Argentina,ARG,2021-02,SAP,-7.183750000000001
Argentina,ARG,2021-03,RCF,-31.133709677419354
Argentina,ARG,2021-03,TP,-22.645225806451613
Argentina,ARG,2021-03,KTR,-8.230419354838709
Argentina,ARG,2021-03,SAP,0.29035483870967743
Argentina,ARG,2021-04,RCF,-35.7667
Argentina,ARG,2021-04,TP,-28.34283333333333
Argentina,ARG,2021-04,KTR,-8.938066666666666
Argentina,ARG,2021-04,SAP,0.31903333333333334
Argentina,ARG,2021-05,RCF,-41.64054838709677
Argentina,ARG,2021-05,TP,-33.55767741935484
Argentina,ARG,2021-05,KTR,-13.470032258064517
Argentina,ARG,2021-05,SAP,-0.4469677419354839
Argentina,ARG,2021-06,RCF,-36.24763333333333
Argentina,ARG,2021-06,TP,-28.1571
Argentina,ARG,2021-06,KTR,-8.047633333333334
Argentina,ARG,2021-06,SAP,5.480833333333334
Argentina,ARG,2021-07,RCF,-21.09209677419355
Argentina,ARG,2021-07,TP,-17.917
Argentina,ARG,2021-07,KTR,-4.165903225806452
Argentina,ARG,2021-07,SAP,14.239612903225806
Argentina,ARG,2021-08,RCF,-14.967774193548388
Argentina,ARG,2021-08,TP,-10.364064516129032
Argentina,ARG,2021-08,KTR,5.705032258064516
Argentina,ARG,2021-08,SAP,18.460870967741936
Argentina,ARG,2021-09,RCF,-11.8238
Argentina,ARG,2021-09,TP,-4.2143
Argentina,ARG,2021-09,KTR,14.614233333333335
Argentina,ARG,2021-09,SAP,19.790533333333332
Argentina,ARG,2021-10,RCF,-5.225774193548387
Argentina,ARG,2021-10,TP,2.3409032258064517
Argentina,ARG,2021-10,KTR,16.20741935483871
Argentina,ARG,2021-10,SAP,23.986129032258066
Argentina,ARG,2021-11,RCF,-1.5333666666666665
Argentina,ARG,2021-11,TP,8.0619
Argentina,ARG,2021-11,KTR,20.385766666666665
Argentina,ARG,2021-11,SAP,25.80476666666667
Argentina,ARG,2021-12,RCF,5.539193548387097
Argentina,ARG,2021-12,TP,9.728064516129033
Argentina,ARG,2021-12,KTR,12.497709677419355
Argentina,ARG,2021-12,SAP,31.67748387096774
Argentina,ARG,2022-01,RCF,-8.401
Argentina,ARG,2022-01,TP,-10.967806451612903
Argentina,ARG,2022-01,KTR,-9.516129032258064
Argentina,ARG,2022-01,SAP,24.359451612903225
Argentina,ARG,2022-02,RCF,5.285678571428571
Argentina,ARG,2022-02,TP,5.173571428571429
Argentina,ARG,2022-02,KTR,8.67357142857143
Argentina,ARG,2022-02,SAP,30.61217857142857
Argentina,ARG,2022-03,RCF,-0.6268064516129033
Argentina,ARG,2022-03,TP,3.4746774193548386
Argentina,ARG,2022-03,KTR,16.433193548387095
Argentina,ARG,2022-03,SAP,27.069064516129032
Argentina,ARG,2022-04,RCF,-0.6571999999999999
Argentina,ARG,2022-04,TP,8.542833333333334
Argentina,ARG,2022-04,KTR,31.533333333333335
Argentina,ARG,2022-04,SAP,28.247666666666664
Argentina,ARG,2022-05,RCF,-1.5069354838709679
Argentina,ARG,2022-05,TP,8.129064516129032
Argentina,ARG,2022-05,KTR,34.36403225806452
Argentina,ARG,2022-05,SAP,27.447
Argentina,ARG,2022-06,RCF,1.0714000000000001
Argentina,ARG,2022-06,TP,4.3857
Argentina,ARG,2022-06,KTR,36.21906666666667
Argentina,ARG,2022-06,SAP,32.24763333333333
Argentina,ARG,2022-07,RCF,6.4071
Argentina,ARG,2022-07,TP,6.1286000000000005
Argentina,ARG,2022-07,KTR,35.214299999999994
Argentina,ARG,2022-07,SAP,36.36425
Aruba,ABW,2020-02,RCF,0.589
Aruba,ABW,2020-02,TP,6.78776923076923
Aruba,ABW,2020-02,KTR,-11.924846153846154
Aruba,ABW,2020-02,SAP,-3.118846153846154
Aruba,ABW,2020-03,RCF,-24.576
Aruba,ABW,2020-03,TP,-21.47474193548387
Aruba,ABW,2020-03,KTR,-19.49767741935484
Aruba,ABW,2020-03,SAP,-4.838612903225806
Aruba,ABW,2020-04,RCF,-69.72856666666667
Aruba,ABW,2020-04,TP,-71.95243333333333
Aruba,ABW,2020-04,KTR,-65.43803333333334
Aruba,ABW,2020-04,SAP,-37.1428
Aruba,ABW,2020-05,RCF,-49.58980645161291
Aruba,ABW,2020-05,TP,-56.27648387096774
Aruba,ABW,2020-05,KTR,-45.37777419354839
Aruba,ABW,2020-05,SAP,-18.76958064516129
Aruba,ABW,2020-06,RCF,-30.133333333333333
Aruba,ABW,2020-06,TP,-48.0094
Aruba,ABW,2020-06,KTR,-23.7239
Aruba,ABW,2020-06,SAP,-6.6142666666666665
Aruba,ABW,2020-07,RCF,-21.566806451612905
Aruba,ABW,2020-07,TP,-40.30877419354839
Aruba,ABW,2020-07,KTR,-23.981548387096773
Aruba,ABW,2020-07,SAP,-4.631354838709678
Aruba,ABW,2020-08,RCF,-28.1733
Aruba,ABW,2020-08,TP,-39.76995
Aruba,ABW,2020-08,KTR,-26.770612903225807
Aruba,ABW,2020-08,SAP,-5.31615
Aruba,ABW,2020-09,RCF,-28.005944444444445
Aruba,ABW,2020-09,TP,-57.553
Aruba,ABW,2020-09,KTR,-21.974899999999998
Aruba,ABW,2020-09,SAP,-9.219166666666666
Aruba,ABW,2020-10,RCF,-22.50232258064516
Aruba,ABW,2020-10,TP,-53.76958064516129
Aruba,ABW,2020-10,KTR,-17.083
Aruba,ABW,2020-10,SAP,-5.7696129032258066
Aruba,ABW,2020-11,RCF,-16.542866666666665
Aruba,ABW,2020-11,TP,-51.13803333333333
Aruba,ABW,2020-11,KTR,-9.709666666666667
Aruba,ABW,2020-11,SAP,-4.309566666666667
Aruba,ABW,2020-12,RCF,-2.875516129032258
Aruba,ABW,2020-12,TP,-43.96316129032258
Aruba,ABW,2020-12,KTR,-15.976903225806451
Aruba,ABW,2020-12,SAP,4.253451612903226
Aruba,ABW,2021-01,RCF,-18.57606451612903
Aruba,ABW,2021-01,TP,-49.25348387096774
Aruba,ABW,2021-01,KTR,-19.732709677419354
Aruba,ABW,2021-01,SAP,-9.907870967741935
Aruba,ABW,2021-02,RCF,-16.117392857142857
Aruba,ABW,2021-02,TP,-51.59692857142857
Aruba,ABW,2021-02,KTR,-13.16325
Aruba,ABW,2021-02,SAP,-5.948928571428572
Aruba,ABW,2021-03,RCF,-10.207322580645162
Aruba,ABW,2021-03,TP,-50.88938709677419
Aruba,ABW,2021-03,KTR,-11.258064516129032
Aruba,ABW,2021-03,SAP,-2.4193870967741935
Aruba,ABW,2021-04,RCF,-8.9999
Aruba,ABW,2021-04,TP,-48.09996666666667
Aruba,ABW,2021-04,KTR,-15.857133333333334
Aruba,ABW,2021-04,SAP,-5.9571
Aruba,ABW,2021-05,RCF,1.2810645161290324
Aruba,ABW,2021-05,TP,-41.46083870967742
Aruba,ABW,2021-05,KTR,-8.373290322580646
Aruba,ABW,2021-05,SAP,1.3271612903225807
Aruba,ABW,2021-06,RCF,8.247666666666667
Aruba,ABW,2021-06,TP,-33.585766666666665
Aruba,ABW,2021-06,KTR,-5.242933333333334
Aruba,ABW,2021-06,SAP,6.442833333333334
Aruba,ABW,2021-07,RCF,13.64516129032258
Aruba,ABW,2021-07,TP,-30.86174193548387
Aruba,ABW,2021-07,KTR,-11.281032258064515
Aruba,ABW,2021-07,SAP,6.129
Aruba,ABW,2021-08,RCF,7.165967741935484
Aruba,ABW,2021-08,TP,-31.834032258064518
Aruba,ABW,2021-08,KTR,-12.387161290322581
Aruba,ABW,2021-08,SAP,7.387161290322581
Aruba,ABW,2021-09,RCF,5.995333333333333
Aruba,ABW,2021-09,TP,-33.7572
Aruba,ABW,2021-09,KTR,-4.780866666666666
Aruba,ABW,2021-09,SAP,10.233300000000002
Aruba,ABW,2021-10,RCF,9.54374193548387
Aruba,ABW,2021-10,TP,-30.88025806451613
Aruba,ABW,2021-10,KTR,-3.3549032258064515
Aruba,ABW,2021-10,SAP,12.401032258064516
Aruba,ABW,2021-11,RCF,16.5761
Aruba,ABW,2021-11,TP,-26.985799999999998
Aruba,ABW,2021-11,KTR,1.2142666666666666
Aruba,ABW,2021-11,SAP,15.909533333333334
Aruba,ABW,2021-12,RCF,28.548322580645163
Aruba,ABW,2021-12,TP,-24.184387096774195
Aruba,ABW,2021-12,KTR,-6.368645161290322
Aruba,ABW,2021-12,SAP,23.77422580645161
Aruba,ABW,2022-01,RCF,7.7373548387096776
Aruba,ABW,2022-01,TP,-35.49767741935484
Aruba,ABW,2022-01,KTR,-14.08758064516129
Aruba,ABW,2022-01,SAP,8.732709677419354
Aruba,ABW,2022-02,RCF,18.005142857142857
Aruba,ABW,2022-02,TP,-29.321464285714285
Aruba,ABW,2022-02,KTR,4.76025
Aruba,ABW,2022-02,SAP,16.224464285714287
Aruba,ABW,2022-03,RCF,16.99074193548387
Aruba,ABW,2022-03,TP,-27.27648387096774
Aruba,ABW,2022-03,KTR,1.585193548387097
Aruba,ABW,2022-03,SAP,18.33183870967742
Aruba,ABW,2022-04,RCF,12.699966666666667
Aruba,ABW,2022-04,TP,-28.266666666666666
Aruba,ABW,2022-04,KTR,-3.8714000000000004
Aruba,ABW,2022-04,SAP,16.552433333333333
Aruba,ABW,2022-05,RCF,19.009193548387096
Aruba,ABW,2022-05,TP,-23.506999999999998
Aruba,ABW,2022-05,KTR,-2.285677419354839
Aruba,ABW,2022-05,SAP,18.202806451612904
Aruba,ABW,2022-06,RCF,18.8476
Aruba,ABW,2022-06,TP,-23.3096
Aruba,ABW,2022-06,KTR,0.7095666666666667
Aruba,ABW,2022-06,SAP,20.590466666666664
Aruba,ABW,2022-07,RCF,20.40705
Aruba,ABW,2022-07,TP,-24.000049999999998
Aruba,ABW,2022-07,KTR,-3.4214999999999995
Aruba,ABW,2022-07,SAP,20.6357
Australia,AUS,2020-02,RCF,0.8832307692307692
Australia,AUS,2020-02,TP,7.41423076923077
Australia,AUS,2020-02,KTR,10.09123076923077
Australia,AUS,2020-02,SAP,1.705153846153846
Australia,AUS,2020-03,RCF,-8.235032258064516
Australia,AUS,2020-03,TP,-11.91248387096774
Australia,AUS,2020-03,KTR,0.474709677419355
Australia,AUS,2020-03,SAP,11.262645161290322
Australia,AUS,2020-04,RCF,-41.32856666666667
Australia,AUS,2020-04,TP,-60.381033333333335
Australia,AUS,2020-04,KTR,-39.785666666666664
Australia,AUS,2020-04,SAP,-12.6096
Australia,AUS,2020-05,RCF,-29.71883870967742
Australia,AUS,2020-05,TP,-50.66358064516129
Australia,AUS,2020-05,KTR,-26.72348387096774
Australia,AUS,2020-05,SAP,-2.6866129032258064
Australia,AUS,2020-06,RCF,-17.209533333333336
Australia,AUS,2020-06,TP,-40.70946666666667
Australia,AUS,2020-06,KTR,-17.0476
Australia,AUS,2020-06,SAP,-0.06683333333333333
Australia,AUS,2020-07,RCF,-14.092193548387097
Australia,AUS,2020-07,TP,-41.188967741935485
Australia,AUS,2020-07,KTR,-18.880193548387098
Australia,AUS,2020-07,SAP,-1.341
Australia,AUS,2020-08,RCF,-21.05535483870968
Australia,AUS,2020-08,TP,-45.216645161290316
Australia,AUS,2020-08,KTR,-19.15664516129032
Australia,AUS,2020-08,SAP,-6.677354838709677
Australia,AUS,2020-09,RCF,-18.838166666666666
Australia,AUS,2020-09,TP,-42.785833333333336
Australia,AUS,2020-09,KTR,-17.61436666666667
Australia,AUS,2020-09,SAP,-5.438233333333333
Australia,AUS,2020-10,RCF,-16.188935483870967
Australia,AUS,2020-10,TP,-40.967612903225806
Australia,AUS,2020-10,KTR,-16.55767741935484
Australia,AUS,2020-10,SAP,-1.488483870967742
Australia,AUS,2020-11,RCF,-10.228566666666667
Australia,AUS,2020-11,TP,-37.100033333333336
Australia,AUS,2020-11,KTR,-10.018966666666667
Australia,AUS,2020-11,SAP,1.881
Australia,AUS,2020-12,RCF,-5.299548387096774
Australia,AUS,2020-12,TP,-35.85258064516129
Australia,AUS,2020-12,KTR,-16.94009677419355
Australia,AUS,2020-12,SAP,5.377903225806452
Australia,AUS,2021-01,RCF,-12.875612903225807
Australia,AUS,2021-01,TP,-44.97235483870968
Australia,AUS,2021-01,KTR,-26.184290322580644
Australia,AUS,2021-01,SAP,-1.6451612903225807
Australia,AUS,2021-02,RCF,-13.285642857142857
Australia,AUS,2021-02,TP,-37.31628571428571
Australia,AUS,2021-02,KTR,-10.336678571428573
Australia,AUS,2021-02,SAP,-1.903
Australia,AUS,2021-03,RCF,-8.331870967741937
Australia,AUS,2021-03,TP,-31.046032258064518
Australia,AUS,2021-03,KTR,-7.4838387096774195
Australia,AUS,2021-03,SAP,1.4561935483870967
Australia,AUS,2021-04,RCF,-7.6857
Australia,AUS,2021-04,TP,-30.880966666666666
Australia,AUS,2021-04,KTR,-16.50003333333333
Australia,AUS,2021-04,SAP,1.5332666666666666
Australia,AUS,2021-05,RCF,-5.6451935483870965
Australia,AUS,2021-05,TP,-27.80183870967742
Australia,AUS,2021-05,KTR,-6.069096774193548
Australia,AUS,2021-05,SAP,6.437903225806451
Australia,AUS,2021-06,RCF,-9.509533333333334
Australia,AUS,2021-06,TP,-40.390499999999996
Australia,AUS,2021-06,KTR,-9.5524
Australia,AUS,2021-06,SAP,7.2809333333333335
Australia,AUS,2021-07,RCF,-18.732741935483872
Australia,AUS,2021-07,TP,-54.949322580645166
Australia,AUS,2021-07,KTR,-19.91245161290323
Australia,AUS,2021-07,SAP,4.649774193548387
Australia,AUS,2021-08,RCF,-23.658967741935484
Australia,AUS,2021-08,TP,-59.90316129032258
Australia,AUS,2021-08,KTR,-21.119806451612906
Australia,AUS,2021-08,SAP,3.1151290322580647
Australia,AUS,2021-09,RCF,-21.323866666666667
Australia,AUS,2021-09,TP,-58.78103333333333
Australia,AUS,2021-09,KTR,-22.2381
Australia,AUS,2021-09,SAP,5.3952
Australia,AUS,2021-10,RCF,-14.677322580645162
Australia,AUS,2021-10,TP,-53.8848064516129
Australia,AUS,2021-10,KTR,-19.668193548387098
Australia,AUS,2021-10,SAP,7.871032258064516
Australia,AUS,2021-11,RCF,-2.9667666666666666
Australia,AUS,2021-11,TP,-43.53326666666667
Australia,AUS,2021-11,KTR,-11.571433333333335
Australia,AUS,2021-11,SAP,10.504666666666667
Australia,AUS,2021-12,RCF,0.05529032258064512
Australia,AUS,2021-12,TP,-41.843483870967745
Australia,AUS,2021-12,KTR,-16.903161290322583
Australia,AUS,2021-12,SAP,13.276483870967743
Australia,AUS,2022-01,RCF,-11.953935483870968
Australia,AUS,2022-01,TP,-53.58993548387097
Australia,AUS,2022-01,KTR,-31.456225806451613
Australia,AUS,2022-01,SAP,7.838709677419355
Australia,AUS,2022-02,RCF,-8.163321428571429
Australia,AUS,2022-02,TP,-44.04089285714286
Australia,AUS,2022-02,KTR,-12.06625
Australia,AUS,2022-02,SAP,6.510285714285715
Australia,AUS,2022-03,RCF,-9.21658064516129
Australia,AUS,2022-03,TP,-41.668290322580646
Australia,AUS,2022-03,KTR,-10.857000000000001
Australia,AUS,2022-03,SAP,3.2395806451612907
Australia,AUS,2022-04,RCF,-7.666666666666667
Australia,AUS,2022-04,TP,-38.585699999999996
Australia,AUS,2022-04,KTR,-18.909499999999998
Australia,AUS,2022-04,SAP,2.9476333333333335
Australia,AUS,2022-05,RCF,-4.921709677419355
Australia,AUS,2022-05,TP,-34.45622580645161
Australia,AUS,2022-05,KTR,-7.115258064516129
Australia,AUS,2022-05,SAP,8.050580645161292
Australia,AUS,2022-06,RCF,-5.3905
Australia,AUS,2022-06,TP,-33.24286666666667
Australia,AUS,2022-06,KTR,-7.6523666666666665
Australia,AUS,2022-06,SAP,7.014433333333333
Australia,AUS,2022-07,RCF,-4.9857
Australia,AUS,2022-07,TP,-35.84995
Australia,AUS,2022-07,KTR,-12.3357
Australia,AUS,2022-07,SAP,7.0143
Austria,AUT,2020-02,RCF,6.801230769230769
Austria,AUT,2020-02,TP,4.567
Austria,AUT,2020-02,KTR,-1.3832307692307693
Austria,AUT,2020-02,SAP,7.729923076923077
Austria,AUT,2020-03,RCF,-37.428645161290326
Austria,AUT,2020-03,TP,-32.866354838709675
Austria,AUT,2020-03,KTR,-24.442419354838712
Austria,AUT,2020-03,SAP,-10.129032258064516
Austria,AUT,2020-04,RCF,-72.22383333333333
Austria,AUT,2020-04,TP,-61.63803333333333
Austria,AUT,2020-04,KTR,-52.000033333333334
Austria,AUT,2020-04,SAP,-28.642833333333332
Austria,AUT,2020-05,RCF,-39.93558064516129
Austria,AUT,2020-05,TP,-41.47925806451613
Austria,AUT,2020-05,KTR,-33.419387096774194
Austria,AUT,2020-05,SAP,-13.907838709677419
Austria,AUT,2020-06,RCF,-19.8904
Austria,AUT,2020-06,TP,-27.390466666666665
Austria,AUT,2020-06,KTR,-22.785633333333333
Austria,AUT,2020-06,SAP,-11.900033333333333
Austria,AUT,2020-07,RCF,-6.553032258064516
Austria,AUT,2020-07,TP,-16.944709677419358
Austria,AUT,2020-07,KTR,-21.857225806451613
Austria,AUT,2020-07,SAP,-3.202806451612903
Austria,AUT,2020-08,RCF,-5.691290322580645
Austria,AUT,2020-08,TP,-16.543709677419354
Austria,AUT,2020-08,KTR,-28.54383870967742
Austria,AUT,2020-08,SAP,-5.115225806451613
Austria,AUT,2020-09,RCF,-8.314266666666667
Austria,AUT,2020-09,TP,-15.319133333333333
Austria,AUT,2020-09,KTR,-21.276133333333334
Austria,AUT,2020-09,SAP,-7.566666666666666
Austria,AUT,2020-10,RCF,-22.354967741935486
Austria,AUT,2020-10,TP,-22.26258064516129
Austria,AUT,2020-10,KTR,-18.483870967741936
Austria,AUT,2020-10,SAP,-12.147451612903227
Austria,AUT,2020-11,RCF,-50.552400000000006
Austria,AUT,2020-11,TP,-42.53816666666667
Austria,AUT,2020-11,KTR,-31.633399999999998
Austria,AUT,2020-11,SAP,-17.276200000000003
Austria,AUT,2020-12,RCF,-52.15664516129032
Austria,AUT,2020-12,TP,-44.516064516129035
Austria,AUT,2020-12,KTR,-38.11061290322581
Austria,AUT,2020-12,SAP,-15.345612903225806
Austria,AUT,2021-01,RCF,-67.61287096774193
Austria,AUT,2021-01,TP,-52.17509677419354
Austria,AUT,2021-01,KTR,-42.71883870967742
Austria,AUT,2021-01,SAP,-25.483806451612903
Austria,AUT,2021-02,RCF,-51.30610714285714
Austria,AUT,2021-02,TP,-40.122428571428564
Austria,AUT,2021-02,KTR,-30.020285714285713
Austria,AUT,2021-02,SAP,-12.974535714285713
Austria,AUT,2021-03,RCF,-43.364000000000004
Austria,AUT,2021-03,TP,-33.58051612903226
Austria,AUT,2021-03,KTR,-25.110612903225807
Austria,AUT,2021-03,SAP,-4.953935483870968
Austria,AUT,2021-04,RCF,-47.70956666666667
Austria,AUT,2021-04,TP,-36.00476666666667
Austria,AUT,2021-04,KTR,-28.3095
Austria,AUT,2021-04,SAP,-5.1572000000000005
Austria,AUT,2021-05,RCF,-34.12903225806452
Austria,AUT,2021-05,TP,-24.78341935483871
Austria,AUT,2021-05,KTR,-23.027645161290323
Austria,AUT,2021-05,SAP,2.972322580645161
Austria,AUT,2021-06,RCF,-14.3572
Austria,AUT,2021-06,TP,-11.742833333333332
Austria,AUT,2021-06,KTR,-12.395233333333332
Austria,AUT,2021-06,SAP,10.452466666666668
Austria,AUT,2021-07,RCF,-5.930935483870968
Austria,AUT,2021-07,TP,-6.732709677419355
Austria,AUT,2021-07,KTR,-17.308806451612902
Austria,AUT,2021-07,SAP,12.576
Austria,AUT,2021-08,RCF,-0.41003225806451615
Austria,AUT,2021-08,TP,-4.603677419354839
Austria,AUT,2021-08,KTR,-23.387096774193548
Austria,AUT,2021-08,SAP,11.585225806451612
Austria,AUT,2021-09,RCF,-1.4381333333333333
Austria,AUT,2021-09,TP,-1.6714666666666667
Austria,AUT,2021-09,KTR,-15.9904
Austria,AUT,2021-09,SAP,12.1953
Austria,AUT,2021-10,RCF,-10.64974193548387
Austria,AUT,2021-10,TP,-12.87093548387097
Austria,AUT,2021-10,KTR,-17.041387096774194
Austria,AUT,2021-10,SAP,4.31325806451613
Austria,AUT,2021-11,RCF,-25.600066666666667
Austria,AUT,2021-11,TP,-21.633433333333336
Austria,AUT,2021-11,KTR,-20.290466666666667
Austria,AUT,2021-11,SAP,4.333333333333333
Austria,AUT,2021-12,RCF,-38.89406451612903
Austria,AUT,2021-12,TP,-30.48383870967742
Austria,AUT,2021-12,KTR,-28.17051612903226
Austria,AUT,2021-12,SAP,5.7465161290322575
Austria,AUT,2022-01,RCF,-28.428516129032257
Austria,AUT,2022-01,TP,-30.539193548387097
Austria,AUT,2022-01,KTR,-27.56677419354839
Austria,AUT,2022-01,SAP,0.4239032258064516
Austria,AUT,2022-02,RCF,-18.887785714285716
Austria,AUT,2022-02,TP,-24.739821428571428
Austria,AUT,2022-02,KTR,-17.510214285714287
Austria,AUT,2022-02,SAP,6.556107142857143
Austria,AUT,2022-03,RCF,-16.57141935483871
Austria,AUT,2022-03,TP,-17.520709677419358
Austria,AUT,2022-03,KTR,-13.709677419354838
Austria,AUT,2022-03,SAP,7.746548387096774
Austria,AUT,2022-04,RCF,-17.8381
Austria,AUT,2022-04,TP,-15.152366666666667
Austria,AUT,2022-04,KTR,-16.3524
Austria,AUT,2022-04,SAP,3.1619333333333333
Austria,AUT,2022-05,RCF,-9.704935483870967
Austria,AUT,2022-05,TP,-4.511516129032258
Austria,AUT,2022-05,KTR,-11.15216129032258
Austria,AUT,2022-05,SAP,7.013903225806452
Austria,AUT,2022-06,RCF,-8.952333333333334
Austria,AUT,2022-06,TP,1.2809
Austria,AUT,2022-06,KTR,-13.957033333333333
Austria,AUT,2022-06,SAP,7.6905
Austria,AUT,2022-07,RCF,-5.6572499999999994
Austria,AUT,2022-07,TP,3.6357
Austria,AUT,2022-07,KTR,-13.7643
Austria,AUT,2022-07,SAP,12.85715
Bahamas,BHS,2020-02,RCF,1.607846153846154
Bahamas,BHS,2020-02,TP,9.604923076923077
Bahamas,BHS,2020-02,KTR,-0.40107692307692305
Bahamas,BHS,2020-02,SAP,-0.7714615384615384
Bahamas,BHS,2020-03,RCF,-19.096774193548388
Bahamas,BHS,2020-03,TP,-19.27190322580645
Bahamas,BHS,2020-03,KTR,-15.741838709677419
Bahamas,BHS,2020-03,SAP,-1.2626129032258064
Bahamas,BHS,2020-04,RCF,-69.07136666666666
Bahamas,BHS,2020-04,TP,-86.99516666666666
Bahamas,BHS,2020-04,KTR,-66.56673333333333
Bahamas,BHS,2020-04,SAP,-43.40956666666667
Bahamas,BHS,2020-05,RCF,-55.87561290322581
Bahamas,BHS,2020-05,TP,-81.06448387096773
Bahamas,BHS,2020-05,KTR,-53.884838709677425
Bahamas,BHS,2020-05,SAP,-28.57145161290323
Bahamas,BHS,2020-06,RCF,-38.180933333333336
Bahamas,BHS,2020-06,TP,-63.014266666666664
Bahamas,BHS,2020-06,KTR,-37.861866666666664
Bahamas,BHS,2020-06,SAP,-15.2857
Bahamas,BHS,2020-07,RCF,-28.53458064516129
Bahamas,BHS,2020-07,TP,-48.07835483870968
Bahamas,BHS,2020-07,KTR,-31.82035483870968
Bahamas,BHS,2020-07,SAP,-9.073741935483872
Bahamas,BHS,2020-08,RCF,-64.11064516129032
Bahamas,BHS,2020-08,TP,-80.37559999999999
Bahamas,BHS,2020-08,KTR,-56.230451612903224
Bahamas,BHS,2020-08,SAP,-34.81390322580645
Bahamas,BHS,2020-09,RCF,-36.776266666666665
Bahamas,BHS,2020-09,TP,-62.36238888888889
Bahamas,BHS,2020-09,KTR,-34.276133333333334
Bahamas,BHS,2020-09,SAP,-21.6476
Bahamas,BHS,2020-10,RCF,-46.7788064516129
Bahamas,BHS,2020-10,TP,-64.31351612903227
Bahamas,BHS,2020-10,KTR,-40.055290322580646
Bahamas,BHS,2020-10,SAP,-28.788032258064515
Bahamas,BHS,2020-11,RCF,-42.48096666666667
Bahamas,BHS,2020-11,TP,-61.09043333333333
Bahamas,BHS,2020-11,KTR,-35.114266666666666
Bahamas,BHS,2020-11,SAP,-27.623766666666665
Bahamas,BHS,2020-12,RCF,-28.497709677419355
Bahamas,BHS,2020-12,TP,-45.87564516129032
Bahamas,BHS,2020-12,KTR,-31.327161290322582
Bahamas,BHS,2020-12,SAP,-15.520709677419354
Bahamas,BHS,2021-01,RCF,-36.58525806451613
Bahamas,BHS,2021-01,TP,-46.85261290322581
Bahamas,BHS,2021-01,KTR,-31.04151612903226
Bahamas,BHS,2021-01,SAP,-23.94009677419355
Bahamas,BHS,2021-02,RCF,-31.780607142857143
Bahamas,BHS,2021-02,TP,-46.46942857142857
Bahamas,BHS,2021-02,KTR,-26.65807142857143
Bahamas,BHS,2021-02,SAP,-19.153035714285714
Bahamas,BHS,2021-03,RCF,-26.58983870967742
Bahamas,BHS,2021-03,TP,-40.54838709677419
Bahamas,BHS,2021-03,KTR,-24.055387096774194
Bahamas,BHS,2021-03,SAP,-14.262645161290322
Bahamas,BHS,2021-04,RCF,-22.881033333333335
Bahamas,BHS,2021-04,TP,-33.909533333333336
Bahamas,BHS,2021-04,KTR,-26.338199999999997
Bahamas,BHS,2021-04,SAP,-12.300066666666668
Bahamas,BHS,2021-05,RCF,-14.691225806451612
Bahamas,BHS,2021-05,TP,-28.147548387096773
Bahamas,BHS,2021-05,KTR,-21.01393548387097
Bahamas,BHS,2021-05,SAP,-5.161290322580645
Bahamas,BHS,2021-06,RCF,-9.157133333333332
Bahamas,BHS,2021-06,TP,-18.2715
Bahamas,BHS,2021-06,KTR,-20.80476666666667
Bahamas,BHS,2021-06,SAP,-1.1570333333333334
Bahamas,BHS,2021-07,RCF,-5.635935483870968
Bahamas,BHS,2021-07,TP,-9.51616129032258
Bahamas,BHS,2021-07,KTR,-23.11983870967742
Bahamas,BHS,2021-07,SAP,0.4654838709677419
Bahamas,BHS,2021-08,RCF,-10.225774193548387
Bahamas,BHS,2021-08,TP,-12.958548387096775
Bahamas,BHS,2021-08,KTR,-25.502290322580645
Bahamas,BHS,2021-08,SAP,-0.7743225806451614
Bahamas,BHS,2021-09,RCF,-8.985800000000001
Bahamas,BHS,2021-09,TP,-26.0571
Bahamas,BHS,2021-09,KTR,-23.795166666666667
Bahamas,BHS,2021-09,SAP,0.4619666666666667
Bahamas,BHS,2021-10,RCF,-7.216548387096774
Bahamas,BHS,2021-10,TP,-19.903161290322583
Bahamas,BHS,2021-10,KTR,-21.709709677419355
Bahamas,BHS,2021-10,SAP,-0.8434193548387097
Bahamas,BHS,2021-11,RCF,-1.9953666666666665
Bahamas,BHS,2021-11,TP,-9.514333333333333
Bahamas,BHS,2021-11,KTR,-15.4238
Bahamas,BHS,2021-11,SAP,1.4762333333333333
Bahamas,BHS,2021-12,RCF,7.870903225806451
Bahamas,BHS,2021-12,TP,3.1981290322580644
Bahamas,BHS,2021-12,KTR,-17.193548387096776
Bahamas,BHS,2021-12,SAP,7.640612903225807
Bahamas,BHS,2022-01,RCF,-7.635870967741935
Bahamas,BHS,2022-01,TP,-11.594451612903226
Bahamas,BHS,2022-01,KTR,-21.43325806451613
Bahamas,BHS,2022-01,SAP,0.023064516129032254
Bahamas,BHS,2022-02,RCF,3.7449642857142855
Bahamas,BHS,2022-02,TP,0.03571428571428565
Bahamas,BHS,2022-02,KTR,-5.5866428571428575
Bahamas,BHS,2022-02,SAP,7.392821428571429
Bahamas,BHS,2022-03,RCF,3.668225806451613
Bahamas,BHS,2022-03,TP,5.65441935483871
Bahamas,BHS,2022-03,KTR,-2.801806451612903
Bahamas,BHS,2022-03,SAP,5.714290322580645
Bahamas,BHS,2022-04,RCF,5.1096
Bahamas,BHS,2022-04,TP,12.3858
Bahamas,BHS,2022-04,KTR,-7.6572000000000005
Bahamas,BHS,2022-04,SAP,6.680899999999999
Bahamas,BHS,2022-05,RCF,6.184258064516128
Bahamas,BHS,2022-05,TP,10.571387096774194
Bahamas,BHS,2022-05,KTR,-2.8570967741935482
Bahamas,BHS,2022-05,SAP,9.142870967741935
Bahamas,BHS,2022-06,RCF,3.7523
Bahamas,BHS,2022-06,TP,11.199933333333332
Bahamas,BHS,2022-06,KTR,-10.1714
Bahamas,BHS,2022-06,SAP,8.566666666666666
Bahamas,BHS,2022-07,RCF,6.4857
Bahamas,BHS,2022-07,TP,14.2142
Bahamas,BHS,2022-07,KTR,-13.085749999999999
Bahamas,BHS,2022-07,SAP,6.58575
Bahrain,BHR,2020-02,RCF,-5.433076923076923
Bahrain,BHR,2020-02,TP,-3.903153846153846
Bahrain,BHR,2020-02,KTR,4.054846153846154
Bahrain,BHR,2020-02,SAP,-0.464
Bahrain,BHR,2020-03,RCF,-22.98148387096774
Bahrain,BHR,2020-03,TP,-19.967774193548387
Bahrain,BHR,2020-03,KTR,-6.820225806451613
Bahrain,BHR,2020-03,SAP,-7.0
Bahrain,BHR,2020-04,RCF,-41.3
Bahrain,BHR,2020-04,TP,-36.276133333333334
Bahrain,BHR,2020-04,KTR,-24.471400000000003
Bahrain,BHR,2020-04,SAP,-16.366666666666667
Bahrain,BHR,2020-05,RCF,-38.93093548387097
Bahrain,BHR,2020-05,TP,-33.65890322580645
Bahrain,BHR,2020-05,KTR,-27.198193548387096
Bahrain,BHR,2020-05,SAP,-14.958548387096773
Bahrain,BHR,2020-06,RCF,-30.295333333333335
Bahrain,BHR,2020-06,TP,-28.014333333333333
Bahrain,BHR,2020-06,KTR,-18.9618
Bahrain,BHR,2020-06,SAP,-11.119066666666667
Bahrain,BHR,2020-07,RCF,-26.539225806451615
Bahrain,BHR,2020-07,TP,-25.529967741935483
Bahrain,BHR,2020-07,KTR,-19.428483870967742
Bahrain,BHR,2020-07,SAP,-9.912419354838711
Bahrain,BHR,2020-08,RCF,-26.852483870967742
Bahrain,BHR,2020-08,TP,-26.465387096774194
Bahrain,BHR,2020-08,KTR,-24.622129032258066
Bahrain,BHR,2020-08,SAP,-11.009193548387097
Bahrain,BHR,2020-09,RCF,-26.9667
Bahrain,BHR,2020-09,TP,-21.6429
Bahrain,BHR,2020-09,KTR,-21.704866666666664
Bahrain,BHR,2020-09,SAP,-13.2762
Bahrain,BHR,2020-10,RCF,-25.05532258064516
Bahrain,BHR,2020-10,TP,-15.442451612903225
Bahrain,BHR,2020-10,KTR,-18.304225806451615
Bahrain,BHR,2020-10,SAP,-10.13367741935484
Bahrain,BHR,2020-11,RCF,-21.380933333333335
Bahrain,BHR,2020-11,TP,-20.1856
Bahrain,BHR,2020-11,KTR,-17.4572
Bahrain,BHR,2020-11,SAP,-9.809500000000002
Bahrain,BHR,2020-12,RCF,-18.631354838709676
Bahrain,BHR,2020-12,TP,-17.235096774193547
Bahrain,BHR,2020-12,KTR,-17.907870967741935
Bahrain,BHR,2020-12,SAP,-5.700451612903226
Bahrain,BHR,2021-01,RCF,-21.631354838709676
Bahrain,BHR,2021-01,TP,-16.36858064516129
Bahrain,BHR,2021-01,KTR,-18.774193548387096
Bahrain,BHR,2021-01,SAP,-9.967806451612903
Bahrain,BHR,2021-02,RCF,-22.780571428571427
Bahrain,BHR,2021-02,TP,-18.04585714285714
Bahrain,BHR,2021-02,KTR,-20.780535714285715
Bahrain,BHR,2021-02,SAP,-10.5715
Bahrain,BHR,2021-03,RCF,-16.921645161290325
Bahrain,BHR,2021-03,TP,-11.811
Bahrain,BHR,2021-03,KTR,-17.635967741935485
Bahrain,BHR,2021-03,SAP,-4.663612903225807
Bahrain,BHR,2021-04,RCF,-16.409566666666667
Bahrain,BHR,2021-04,TP,-8.476133333333333
Bahrain,BHR,2021-04,KTR,-15.990433333333334
Bahrain,BHR,2021-04,SAP,-0.22376666666666667
Bahrain,BHR,2021-05,RCF,-13.580677419354839
Bahrain,BHR,2021-05,TP,-6.428483870967742
Bahrain,BHR,2021-05,KTR,-20.811064516129033
Bahrain,BHR,2021-05,SAP,3.304193548387097
Bahrain,BHR,2021-06,RCF,-23.823766666666664
Bahrain,BHR,2021-06,TP,-12.766699999999998
Bahrain,BHR,2021-06,KTR,-18.590500000000002
Bahrain,BHR,2021-06,SAP,1.5905333333333334
Bahrain,BHR,2021-07,RCF,-7.797225806451613
Bahrain,BHR,2021-07,TP,8.737354838709678
Bahrain,BHR,2021-07,KTR,-16.069064516129032
Bahrain,BHR,2021-07,SAP,5.847870967741935
Bahrain,BHR,2021-08,RCF,-7.529903225806452
Bahrain,BHR,2021-08,TP,6.534483870967742
Bahrain,BHR,2021-08,KTR,-13.764903225806451
Bahrain,BHR,2021-08,SAP,3.4608387096774194
Bahrain,BHR,2021-09,RCF,-4.542866666666667
Bahrain,BHR,2021-09,TP,8.947566666666667
Bahrain,BHR,2021-09,KTR,-6.580933333333333
Bahrain,BHR,2021-09,SAP,6.266633333333333
Bahrain,BHR,2021-10,RCF,-2.161290322580645
Bahrain,BHR,2021-10,TP,9.212
Bahrain,BHR,2021-10,KTR,-4.078290322580646
Bahrain,BHR,2021-10,SAP,6.926354838709678
Bahrain,BHR,2021-11,RCF,1.2571333333333332
Bahrain,BHR,2021-11,TP,10.890466666666667
Bahrain,BHR,2021-11,KTR,-1.6047666666666667
Bahrain,BHR,2021-11,SAP,10.409533333333334
Bahrain,BHR,2021-12,RCF,5.142838709677419
Bahrain,BHR,2021-12,TP,6.304064516129032
Bahrain,BHR,2021-12,KTR,-3.912451612903226
Bahrain,BHR,2021-12,SAP,14.000064516129033
Bahrain,BHR,2022-01,RCF,-0.6405483870967743
Bahrain,BHR,2022-01,TP,-1.3687096774193548
Bahrain,BHR,2022-01,KTR,-3.9262258064516127
Bahrain,BHR,2022-01,SAP,11.064483870967743
Bahrain,BHR,2022-02,RCF,-2.8112500000000002
Bahrain,BHR,2022-02,TP,0.3315714285714286
Bahrain,BHR,2022-02,KTR,-2.3521071428571427
Bahrain,BHR,2022-02,SAP,8.499964285714286
Bahrain,BHR,2022-03,RCF,0.1198709677419355
Bahrain,BHR,2022-03,TP,16.27651612903226
Bahrain,BHR,2022-03,KTR,3.742096774193548
Bahrain,BHR,2022-03,SAP,10.009193548387097
Bahrain,BHR,2022-04,RCF,-7.047633333333334
Bahrain,BHR,2022-04,TP,14.557166666666667
Bahrain,BHR,2022-04,KTR,1.2381333333333333
Bahrain,BHR,2022-04,SAP,9.842866666666668
Bahrain,BHR,2022-05,RCF,1.6773548387096775
Bahrain,BHR,2022-05,TP,19.01383870967742
Bahrain,BHR,2022-05,KTR,-4.5207096774193545
Bahrain,BHR,2022-05,SAP,11.751129032258065
Bahrain,BHR,2022-06,RCF,0.8095
Bahrain,BHR,2022-06,TP,18.7333
Bahrain,BHR,2022-06,KTR,4.1283666666666665
Bahrain,BHR,2022-06,SAP,11.238066666666667
Bahrain,BHR,2022-07,RCF,1.03575
Bahrain,BHR,2022-07,TP,23.8571
Bahrain,BHR,2022-07,KTR,-8.793
Bahrain,BHR,2022-07,SAP,9.49995
Bangladesh,BGD,2020-02,RCF,2.129
Bangladesh,BGD,2020-02,TP,3.7604615384615383
Bangladesh,BGD,2020-02,KTR,6.464076923076923
Bangladesh,BGD,2020-02,SAP,3.6003076923076924
Bangladesh,BGD,2020-03,RCF,-11.516193548387097
Bangladesh,BGD,2020-03,TP,-8.73274193548387
Bangladesh,BGD,2020-03,KTR,-3.3318064516129033
Bangladesh,BGD,2020-03,SAP,-2.7327096774193547
Bangladesh,BGD,2020-04,RCF,-72.40480000000001
Bangladesh,BGD,2020-04,TP,-69.4095
Bangladesh,BGD,2020-04,KTR,-56.095299999999995
Bangladesh,BGD,2020-04,SAP,-51.304766666666666
Bangladesh,BGD,2020-05,RCF,-61.54835483870968
Bangladesh,BGD,2020-05,TP,-57.96777419354839
Bangladesh,BGD,2020-05,KTR,-40.76506451612904
Bangladesh,BGD,2020-05,SAP,-39.70048387096774
Bangladesh,BGD,2020-06,RCF,-46.75716666666666
Bangladesh,BGD,2020-06,TP,-41.985699999999994
Bangladesh,BGD,2020-06,KTR,-22.328566666666667
Bangladesh,BGD,2020-06,SAP,-26.566566666666667
Bangladesh,BGD,2020-07,RCF,-32.17054838709677
Bangladesh,BGD,2020-07,TP,-31.53451612903226
Bangladesh,BGD,2020-07,KTR,-14.235032258064516
Bangladesh,BGD,2020-07,SAP,-14.248806451612904
Bangladesh,BGD,2020-08,RCF,-23.188870967741938
Bangladesh,BGD,2020-08,TP,-19.594548387096776
Bangladesh,BGD,2020-08,KTR,-17.972354838709677
Bangladesh,BGD,2020-08,SAP,-2.543709677419355
Bangladesh,BGD,2020-09,RCF,-16.50003333333333
Bangladesh,BGD,2020-09,TP,-11.733300000000002
Bangladesh,BGD,2020-09,KTR,-6.666733333333334
Bangladesh,BGD,2020-09,SAP,1.6237333333333335
Bangladesh,BGD,2020-10,RCF,-11.571354838709677
Bangladesh,BGD,2020-10,TP,-0.3364838709677419
Bangladesh,BGD,2020-10,KTR,-3.225806451612903
Bangladesh,BGD,2020-10,SAP,10.626709677419354
Bangladesh,BGD,2020-11,RCF,-5.8857
Bangladesh,BGD,2020-11,TP,6.038133333333334
Bangladesh,BGD,2020-11,KTR,3.628533333333333
Bangladesh,BGD,2020-11,SAP,15.319066666666666
Bangladesh,BGD,2020-12,RCF,-2.7833870967741934
Bangladesh,BGD,2020-12,TP,13.211967741935483
Bangladesh,BGD,2020-12,KTR,6.5529677419354835
Bangladesh,BGD,2020-12,SAP,22.410225806451614
Bangladesh,BGD,2021-01,RCF,-1.6174516129032257
Bangladesh,BGD,2021-01,TP,12.202677419354838
Bangladesh,BGD,2021-01,KTR,7.281096774193548
Bangladesh,BGD,2021-01,SAP,22.35022580645161
Bangladesh,BGD,2021-02,RCF,7.469428571428572
Bangladesh,BGD,2021-02,TP,20.367250000000002
Bangladesh,BGD,2021-02,KTR,7.704071428571429
Bangladesh,BGD,2021-02,SAP,33.489892857142856
Bangladesh,BGD,2021-03,RCF,13.382516129032258
Bangladesh,BGD,2021-03,TP,27.456290322580646
Bangladesh,BGD,2021-03,KTR,13.267193548387096
Bangladesh,BGD,2021-03,SAP,43.29951612903226
Bangladesh,BGD,2021-04,RCF,-17.019
Bangladesh,BGD,2021-04,TP,-8.033266666666666
Bangladesh,BGD,2021-04,KTR,-1.3572
Bangladesh,BGD,2021-04,SAP,23.166733333333333
Bangladesh,BGD,2021-05,RCF,7.179677419354839
Bangladesh,BGD,2021-05,TP,12.08290322580645
Bangladesh,BGD,2021-05,KTR,2.184322580645161
Bangladesh,BGD,2021-05,SAP,45.811064516129036
Bangladesh,BGD,2021-06,RCF,21.047533333333334
Bangladesh,BGD,2021-06,TP,30.15236666666667
Bangladesh,BGD,2021-06,KTR,17.966666666666665
Bangladesh,BGD,2021-06,SAP,53.44283333333333
Bangladesh,BGD,2021-07,RCF,-7.912354838709677
Bangladesh,BGD,2021-07,TP,-1.967741935483871
Bangladesh,BGD,2021-07,KTR,-9.612935483870967
Bangladesh,BGD,2021-07,SAP,35.2488064516129
Bangladesh,BGD,2021-08,RCF,12.396258064516129
Bangladesh,BGD,2021-08,TP,21.972290322580644
Bangladesh,BGD,2021-08,KTR,7.211935483870968
Bangladesh,BGD,2021-08,SAP,50.73277419354839
Bangladesh,BGD,2021-09,RCF,37.20956666666667
Bangladesh,BGD,2021-09,TP,49.433366666666664
Bangladesh,BGD,2021-09,KTR,21.757099999999998
Bangladesh,BGD,2021-09,SAP,68.4715
Bangladesh,BGD,2021-10,RCF,42.765032258064515
Bangladesh,BGD,2021-10,TP,57.95393548387097
Bangladesh,BGD,2021-10,KTR,26.474612903225804
Bangladesh,BGD,2021-10,SAP,74.38706451612903
Bangladesh,BGD,2021-11,RCF,49.43806666666667
Bangladesh,BGD,2021-11,TP,66.3667
Bangladesh,BGD,2021-11,KTR,34.28103333333333
Bangladesh,BGD,2021-11,SAP,82.72376666666668
Bangladesh,BGD,2021-12,RCF,54.23509677419355
Bangladesh,BGD,2021-12,TP,75.01835483870967
Bangladesh,BGD,2021-12,KTR,39.788
Bangladesh,BGD,2021-12,SAP,86.56674193548388
Bangladesh,BGD,2022-01,RCF,52.75574193548387
Bangladesh,BGD,2022-01,TP,74.0783870967742
Bangladesh,BGD,2022-01,KTR,50.53454838709677
Bangladesh,BGD,2022-01,SAP,87.70506451612903
Bangladesh,BGD,2022-02,RCF,55.107142857142854
Bangladesh,BGD,2022-02,TP,73.81121428571429
Bangladesh,BGD,2022-02,KTR,50.70410714285714
Bangladesh,BGD,2022-02,SAP,91.37239285714286
Bangladesh,BGD,2022-03,RCF,54.290290322580645
Bangladesh,BGD,2022-03,TP,83.51158064516129
Bangladesh,BGD,2022-03,KTR,61.11522580645162
Bangladesh,BGD,2022-03,SAP,89.94012903225807
Bangladesh,BGD,2022-04,RCF,43.44286666666667
Bangladesh,BGD,2022-04,TP,65.04763333333334
Bangladesh,BGD,2022-04,KTR,65.4381
Bangladesh,BGD,2022-04,SAP,79.26656666666666
Bangladesh,BGD,2022-05,RCF,49.82487096774193
Bangladesh,BGD,2022-05,TP,77.19351612903225
Bangladesh,BGD,2022-05,KTR,40.92161290322581
Bangladesh,BGD,2022-05,SAP,87.90316129032259
Bangladesh,BGD,2022-06,RCF,46.2572
Bangladesh,BGD,2022-06,TP,74.7334
Bangladesh,BGD,2022-06,KTR,66.56663333333333
Bangladesh,BGD,2022-06,SAP,80.16663333333332
Bangladesh,BGD,2022-07,RCF,50.49275
Bangladesh,BGD,2022-07,TP,82.36420000000001
Bangladesh,BGD,2022-07,KTR,38.82855
Bangladesh,BGD,2022-07,SAP,94.20715
Barbados,BRB,2020-02,RCF,1.6855384615384614
Barbados,BRB,2020-02,TP,1.111846153846154
Barbados,BRB,2020-02,KTR,1.1063846153846155
Barbados,BRB,2020-02,SAP,0.4384615384615384
Barbados,BRB,2020-03,RCF,-9.35941935483871
Barbados,BRB,2020-03,TP,-13.35941935483871
Barbados,BRB,2020-03,KTR,-8.078387096774193
Barbados,BRB,2020-03,SAP,-0.308741935483871
Barbados,BRB,2020-04,RCF,-75.00476666666667
Barbados,BRB,2020-04,TP,-80.42373333333333
Barbados,BRB,2020-04,KTR,-70.89513333333333
Barbados,BRB,2020-04,SAP,-58.804700000000004
Barbados,BRB,2020-05,RCF,-57.58980645161291
Barbados,BRB,2020-05,TP,-67.63129032258065
Barbados,BRB,2020-05,KTR,-51.69583870967742
Barbados,BRB,2020-05,SAP,-39.94016129032258
Barbados,BRB,2020-06,RCF,-34.6714
Barbados,BRB,2020-06,TP,-56.7429
Barbados,BRB,2020-06,KTR,-34.79046666666667
Barbados,BRB,2020-06,SAP,-23.3523
Barbados,BRB,2020-07,RCF,-22.548387096774192
Barbados,BRB,2020-07,TP,-50.08293548387096
Barbados,BRB,2020-07,KTR,-28.783354838709677
Barbados,BRB,2020-07,SAP,-16.027645161290323
Barbados,BRB,2020-08,RCF,-20.191193548387098
Barbados,BRB,2020-08,TP,-45.720299999999995
Barbados,BRB,2020-08,KTR,-29.345580645161288
Barbados,BRB,2020-08,SAP,-16.376806451612904
Barbados,BRB,2020-09,RCF,-14.156366666666667
Barbados,BRB,2020-09,TP,-35.78322222222222
Barbados,BRB,2020-09,KTR,-24.757066666666667
Barbados,BRB,2020-09,SAP,-16.234033333333333
Barbados,BRB,2020-10,RCF,-20.165967741935482
Barbados,BRB,2020-10,TP,-38.1151935483871
Barbados,BRB,2020-10,KTR,-21.142806451612906
Barbados,BRB,2020-10,SAP,-17.133612903225806
Barbados,BRB,2020-11,RCF,-17.576166666666666
Barbados,BRB,2020-11,TP,-37.7524
Barbados,BRB,2020-11,KTR,-17.671333333333333
Barbados,BRB,2020-11,SAP,-15.290433333333333
Barbados,BRB,2020-12,RCF,-3.972322580645161
Barbados,BRB,2020-12,TP,-34.45167741935484
Barbados,BRB,2020-12,KTR,-22.377903225806453
Barbados,BRB,2020-12,SAP,-6.857161290322581
Barbados,BRB,2021-01,RCF,-36.15212903225806
Barbados,BRB,2021-01,TP,-51.193612903225805
Barbados,BRB,2021-01,KTR,-39.852548387096775
Barbados,BRB,2021-01,SAP,-28.07832258064516
Barbados,BRB,2021-02,RCF,-67.49489285714286
Barbados,BRB,2021-02,TP,-71.95410714285714
Barbados,BRB,2021-02,KTR,-62.26532142857143
Barbados,BRB,2021-02,SAP,-47.7245
Barbados,BRB,2021-03,RCF,-44.26267741935484
Barbados,BRB,2021-03,TP,-60.85716129032259
Barbados,BRB,2021-03,KTR,-44.29951612903226
Barbados,BRB,2021-03,SAP,-33.33648387096774
Barbados,BRB,2021-04,RCF,-34.704766666666664
Barbados,BRB,2021-04,TP,-58.81426666666666
Barbados,BRB,2021-04,KTR,-41.357166666666664
Barbados,BRB,2021-04,SAP,-29.019033333333333
Barbados,BRB,2021-05,RCF,-9.479290322580646
Barbados,BRB,2021-05,TP,-46.44238709677419
Barbados,BRB,2021-05,KTR,-28.027677419354838
Barbados,BRB,2021-05,SAP,-12.24425806451613
Barbados,BRB,2021-06,RCF,0.5715
Barbados,BRB,2021-06,TP,-36.661833333333334
Barbados,BRB,2021-06,KTR,-17.923833333333334
Barbados,BRB,2021-06,SAP,-1.0095
Barbados,BRB,2021-07,RCF,-0.2626774193548387
Barbados,BRB,2021-07,TP,-37.198193548387096
Barbados,BRB,2021-07,KTR,-23.60364516129032
Barbados,BRB,2021-07,SAP,-0.6450967741935483
Barbados,BRB,2021-08,RCF,4.953870967741936
Barbados,BRB,2021-08,TP,-32.995290322580644
Barbados,BRB,2021-08,KTR,-21.834096774193547
Barbados,BRB,2021-08,SAP,-0.18435483870967742
Barbados,BRB,2021-09,RCF,1.6857666666666666
Barbados,BRB,2021-09,TP,-32.4048
Barbados,BRB,2021-09,KTR,-20.033366666666666
Barbados,BRB,2021-09,SAP,3.7667333333333333
Barbados,BRB,2021-10,RCF,0.6773870967741936
Barbados,BRB,2021-10,TP,-33.56225806451613
Barbados,BRB,2021-10,KTR,-19.161225806451615
Barbados,BRB,2021-10,SAP,1.1751935483870968
Barbados,BRB,2021-11,RCF,11.266666666666667
Barbados,BRB,2021-11,TP,-21.6523
Barbados,BRB,2021-11,KTR,-15.685733333333333
Barbados,BRB,2021-11,SAP,6.4952
Barbados,BRB,2021-12,RCF,29.60374193548387
Barbados,BRB,2021-12,TP,-10.709645161290323
Barbados,BRB,2021-12,KTR,-13.737322580645161
Barbados,BRB,2021-12,SAP,18.267290322580642
Barbados,BRB,2022-01,RCF,12.133612903225806
Barbados,BRB,2022-01,TP,-14.97693548387097
Barbados,BRB,2022-01,KTR,-14.506870967741934
Barbados,BRB,2022-01,SAP,7.368709677419355
Barbados,BRB,2022-02,RCF,17.61732142857143
Barbados,BRB,2022-02,TP,-9.872464285714285
Barbados,BRB,2022-02,KTR,-5.744892857142857
Barbados,BRB,2022-02,SAP,14.010142857142856
Barbados,BRB,2022-03,RCF,22.3871935483871
Barbados,BRB,2022-03,TP,-0.5437741935483872
Barbados,BRB,2022-03,KTR,2.912516129032258
Barbados,BRB,2022-03,SAP,17.72816129032258
Barbados,BRB,2022-04,RCF,17.30956666666667
Barbados,BRB,2022-04,TP,-8.947566666666667
Barbados,BRB,2022-04,KTR,-3.8238333333333334
Barbados,BRB,2022-04,SAP,13.566733333333334
Barbados,BRB,2022-05,RCF,20.42858064516129
Barbados,BRB,2022-05,TP,-11.364064516129032
Barbados,BRB,2022-05,KTR,-0.05067741935483873
Barbados,BRB,2022-05,SAP,17.668225806451613
Barbados,BRB,2022-06,RCF,22.942833333333333
Barbados,BRB,2022-06,TP,-10.104766666666666
Barbados,BRB,2022-06,KTR,2.2858
Barbados,BRB,2022-06,SAP,18.980999999999998
Barbados,BRB,2022-07,RCF,25.2143
Barbados,BRB,2022-07,TP,-8.6786
Barbados,BRB,2022-07,KTR,3.1144000000000003
Barbados,BRB,2022-07,SAP,20.6999
Belarus,BLR,2020-02,RCF,5.129846153846154
Belarus,BLR,2020-02,TP,5.875923076923077
Belarus,BLR,2020-02,KTR,5.315384615384615
Belarus,BLR,2020-02,SAP,5.227461538461538
Belarus,BLR,2020-03,RCF,-0.6498387096774192
Belarus,BLR,2020-03,TP,0.3548387096774194
Belarus,BLR,2020-03,KTR,2.9861290322580643
Belarus,BLR,2020-03,SAP,6.396290322580645
Belarus,BLR,2020-04,RCF,-24.033433333333335
Belarus,BLR,2020-04,TP,-22.752433333333332
Belarus,BLR,2020-04,KTR,-18.871466666666667
Belarus,BLR,2020-04,SAP,-3.9475333333333333
Belarus,BLR,2020-05,RCF,-17.483935483870965
Belarus,BLR,2020-05,TP,-19.212032258064514
Belarus,BLR,2020-05,KTR,-20.078290322580646
Belarus,BLR,2020-05,SAP,-1.5898387096774191
Belarus,BLR,2020-06,RCF,-7.0380666666666665
Belarus,BLR,2020-06,TP,-8.609466666666666
Belarus,BLR,2020-06,KTR,-17.23806666666667
Belarus,BLR,2020-06,SAP,5.552366666666667
Belarus,BLR,2020-07,RCF,-2.460870967741936
Belarus,BLR,2020-07,TP,-6.152129032258065
Belarus,BLR,2020-07,KTR,-23.032290322580643
Belarus,BLR,2020-07,SAP,7.064516129032258
Belarus,BLR,2020-08,RCF,-9.387064516129032
Belarus,BLR,2020-08,TP,-11.350225806451611
Belarus,BLR,2020-08,KTR,-26.981548387096773
Belarus,BLR,2020-08,SAP,0.39629032258064517
Belarus,BLR,2020-09,RCF,-9.076266666666667
Belarus,BLR,2020-09,TP,-0.5285
Belarus,BLR,2020-09,KTR,-14.704833333333333
Belarus,BLR,2020-09,SAP,4.162
Belarus,BLR,2020-10,RCF,-16.53464516129032
Belarus,BLR,2020-10,TP,-1.682
Belarus,BLR,2020-10,KTR,-9.57141935483871
Belarus,BLR,2020-10,SAP,1.9815806451612903
Belarus,BLR,2020-11,RCF,-23.633266666666668
Belarus,BLR,2020-11,TP,-13.2142
Belarus,BLR,2020-11,KTR,-16.695233333333334
Belarus,BLR,2020-11,SAP,-2.3809666666666667
Belarus,BLR,2020-12,RCF,-22.774129032258067
Belarus,BLR,2020-12,TP,-15.695870967741936
Belarus,BLR,2020-12,KTR,-18.115193548387097
Belarus,BLR,2020-12,SAP,-1.2995806451612903
Belarus,BLR,2021-01,RCF,-28.714322580645163
Belarus,BLR,2021-01,TP,-22.700419354838708
Belarus,BLR,2021-01,KTR,-28.700483870967744
Belarus,BLR,2021-01,SAP,-7.926290322580646
Belarus,BLR,2021-02,RCF,-28.821392857142857
Belarus,BLR,2021-02,TP,-18.316285714285716
Belarus,BLR,2021-02,KTR,-19.08164285714286
Belarus,BLR,2021-02,SAP,-8.209107142857142
Belarus,BLR,2021-03,RCF,-21.317967741935483
Belarus,BLR,2021-03,TP,-10.723451612903226
Belarus,BLR,2021-03,KTR,-17.03232258064516
Belarus,BLR,2021-03,SAP,-1.4325458382260084e-17
Belarus,BLR,2021-04,RCF,-17.661833333333334
Belarus,BLR,2021-04,TP,-3.4285
Belarus,BLR,2021-04,KTR,-15.2334
Belarus,BLR,2021-04,SAP,4.614366666666667
Belarus,BLR,2021-05,RCF,-13.041483870967742
Belarus,BLR,2021-05,TP,0.617516129032258
Belarus,BLR,2021-05,KTR,-16.267290322580646
Belarus,BLR,2021-05,SAP,10.414741935483871
Belarus,BLR,2021-06,RCF,-7.290533333333333
Belarus,BLR,2021-06,TP,5.5571
Belarus,BLR,2021-06,KTR,-23.2381
Belarus,BLR,2021-06,SAP,16.552366666666664
Belarus,BLR,2021-07,RCF,-8.705064516129031
Belarus,BLR,2021-07,TP,1.1474516129032257
Belarus,BLR,2021-07,KTR,-31.447064516129032
Belarus,BLR,2021-07,SAP,15.244290322580644
Belarus,BLR,2021-08,RCF,-5.663548387096774
Belarus,BLR,2021-08,TP,1.0599354838709676
Belarus,BLR,2021-08,KTR,-30.212032258064514
Belarus,BLR,2021-08,SAP,15.073677419354839
Belarus,BLR,2021-09,RCF,-8.3285
Belarus,BLR,2021-09,TP,1.9760333333333333
Belarus,BLR,2021-09,KTR,-22.014233333333333
Belarus,BLR,2021-09,SAP,12.909500000000001
Belarus,BLR,2021-10,RCF,-12.511548387096774
Belarus,BLR,2021-10,TP,-0.852516129032258
Belarus,BLR,2021-10,KTR,-15.737193548387097
Belarus,BLR,2021-10,SAP,12.516129032258064
Belarus,BLR,2021-11,RCF,-13.085633333333334
Belarus,BLR,2021-11,TP,-3.0762333333333336
Belarus,BLR,2021-11,KTR,-16.247666666666667
Belarus,BLR,2021-11,SAP,9.933466666666668
Belarus,BLR,2021-12,RCF,-12.106064516129033
Belarus,BLR,2021-12,TP,-5.01383870967742
Belarus,BLR,2021-12,KTR,-14.636032258064516
Belarus,BLR,2021-12,SAP,8.631354838709678
Belarus,BLR,2022-01,RCF,-17.88474193548387
Belarus,BLR,2022-01,TP,-11.502290322580645
Belarus,BLR,2022-01,KTR,-24.774129032258067
Belarus,BLR,2022-01,SAP,6.520774193548387
Belarus,BLR,2022-02,RCF,-20.147892857142857
Belarus,BLR,2022-02,TP,-12.755071428571428
Belarus,BLR,2022-02,KTR,-16.846964285714286
Belarus,BLR,2022-02,SAP,6.908142857142857
Belarus,BLR,2022-03,RCF,-16.81558064516129
Belarus,BLR,2022-03,TP,-9.51158064516129
Belarus,BLR,2022-03,KTR,-8.317935483870967
Belarus,BLR,2022-03,SAP,9.073806451612903
Belarus,BLR,2022-04,RCF,-19.847666666666665
Belarus,BLR,2022-04,TP,-10.704766666666668
Belarus,BLR,2022-04,KTR,-9.890566666666667
Belarus,BLR,2022-04,SAP,5.4667
Belarus,BLR,2022-05,RCF,-13.626774193548387
Belarus,BLR,2022-05,TP,-5.520741935483871
Belarus,BLR,2022-05,KTR,-11.695903225806452
Belarus,BLR,2022-05,SAP,11.055290322580644
Belarus,BLR,2022-06,RCF,-10.885666666666667
Belarus,BLR,2022-06,TP,-1.4951666666666665
Belarus,BLR,2022-06,KTR,-17.9904
Belarus,BLR,2022-06,SAP,14.395266666666666
Belarus,BLR,2022-07,RCF,-12.9714
Belarus,BLR,2022-07,TP,-5.69295
Belarus,BLR,2022-07,KTR,-25.31425
Belarus,BLR,2022-07,SAP,12.1858
Belgium,BEL,2020-02,RCF,0.048153846153846144
Belgium,BEL,2020-02,TP,0.24984615384615394
Belgium,BEL,2020-02,KTR,-4.238076923076923
Belgium,BEL,2020-02,SAP,-0.022076923076923088
Belgium,BEL,2020-03,RCF,-34.56225806451613
Belgium,BEL,2020-03,TP,-30.525290322580645
Belgium,BEL,2020-03,KTR,-26.8248064516129
Belgium,BEL,2020-03,SAP,-5.764967741935484
Belgium,BEL,2020-04,RCF,-74.29523333333333
Belgium,BEL,2020-04,TP,-66.26676666666667
Belgium,BEL,2020-04,KTR,-58.81913333333333
Belgium,BEL,2020-04,SAP,-27.752366666666667
Belgium,BEL,2020-05,RCF,-51.580612903225806
Belgium,BEL,2020-05,TP,-49.04606451612903
Belgium,BEL,2020-05,KTR,-42.617483870967746
Belgium,BEL,2020-05,SAP,-15.479258064516129
Belgium,BEL,2020-06,RCF,-21.085733333333334
Belgium,BEL,2020-06,TP,-29.4143
Belgium,BEL,2020-06,KTR,-24.600066666666667
Belgium,BEL,2020-06,SAP,-4.761833333333333
Belgium,BEL,2020-07,RCF,-8.91709677419355
Belgium,BEL,2020-07,TP,-25.511516129032255
Belgium,BEL,2020-07,KTR,-30.059870967741936
Belgium,BEL,2020-07,SAP,-7.221225806451613
Belgium,BEL,2020-08,RCF,-13.64516129032258
Belgium,BEL,2020-08,TP,-31.612903225806452
Belgium,BEL,2020-08,KTR,-32.17509677419355
Belgium,BEL,2020-08,SAP,-8.746548387096775
Belgium,BEL,2020-09,RCF,-10.400033333333333
Belgium,BEL,2020-09,TP,-16.5096
Belgium,BEL,2020-09,KTR,-20.16193333333333
Belgium,BEL,2020-09,SAP,-4.980933333333334
Belgium,BEL,2020-10,RCF,-24.39174193548387
Belgium,BEL,2020-10,TP,-22.516064516129035
Belgium,BEL,2020-10,KTR,-17.76032258064516
Belgium,BEL,2020-10,SAP,-4.188806451612903
Belgium,BEL,2020-11,RCF,-51.8857
Belgium,BEL,2020-11,TP,-43.104733333333336
Belgium,BEL,2020-11,KTR,-36.109566666666666
Belgium,BEL,2020-11,SAP,-10.038033333333335
Belgium,BEL,2020-12,RCF,-39.69132258064516
Belgium,BEL,2020-12,TP,-38.92625806451613
Belgium,BEL,2020-12,KTR,-32.17970967741935
Belgium,BEL,2020-12,SAP,-1.949225806451613
Belgium,BEL,2021-01,RCF,-45.25812903225806
Belgium,BEL,2021-01,TP,-40.884741935483866
Belgium,BEL,2021-01,KTR,-29.764967741935486
Belgium,BEL,2021-01,SAP,-8.571451612903225
Belgium,BEL,2021-02,RCF,-39.77032142857143
Belgium,BEL,2021-02,TP,-35.199
Belgium,BEL,2021-02,KTR,-27.051
Belgium,BEL,2021-02,SAP,-1.9642499999999998
Belgium,BEL,2021-03,RCF,-35.276548387096774
Belgium,BEL,2021-03,TP,-29.792645161290324
Belgium,BEL,2021-03,KTR,-19.848
Belgium,BEL,2021-03,SAP,4.659064516129033
Belgium,BEL,2021-04,RCF,-37.40473333333333
Belgium,BEL,2021-04,TP,-33.528533333333336
Belgium,BEL,2021-04,KTR,-28.8905
Belgium,BEL,2021-04,SAP,6.752433333333333
Belgium,BEL,2021-05,RCF,-19.09216129032258
Belgium,BEL,2021-05,TP,-20.60374193548387
Belgium,BEL,2021-05,KTR,-19.728129032258064
Belgium,BEL,2021-05,SAP,12.746580645161291
Belgium,BEL,2021-06,RCF,0.7666333333333333
Belgium,BEL,2021-06,TP,-10.176166666666667
Belgium,BEL,2021-06,KTR,-8.937999999999999
Belgium,BEL,2021-06,SAP,20.2905
Belgium,BEL,2021-07,RCF,3.4193548387096775
Belgium,BEL,2021-07,TP,-18.608290322580643
Belgium,BEL,2021-07,KTR,-28.096838709677417
Belgium,BEL,2021-07,SAP,13.01848387096774
Belgium,BEL,2021-08,RCF,5.175129032258065
Belgium,BEL,2021-08,TP,-17.760354838709677
Belgium,BEL,2021-08,KTR,-26.009193548387096
Belgium,BEL,2021-08,SAP,13.359354838709677
Belgium,BEL,2021-09,RCF,7.304833333333334
Belgium,BEL,2021-09,TP,-0.9570333333333333
Belgium,BEL,2021-09,KTR,-14.7238
Belgium,BEL,2021-09,SAP,18.4285
Belgium,BEL,2021-10,RCF,0.9953548387096774
Belgium,BEL,2021-10,TP,-8.857129032258065
Belgium,BEL,2021-10,KTR,-11.912451612903226
Belgium,BEL,2021-10,SAP,15.115193548387095
Belgium,BEL,2021-11,RCF,-3.1143333333333336
Belgium,BEL,2021-11,TP,-18.171400000000002
Belgium,BEL,2021-11,KTR,-22.328533333333333
Belgium,BEL,2021-11,SAP,13.395199999999999
Belgium,BEL,2021-12,RCF,-3.6681935483870967
Belgium,BEL,2021-12,TP,-24.01377419354839
Belgium,BEL,2021-12,KTR,-22.75116129032258
Belgium,BEL,2021-12,SAP,19.70967741935484
Belgium,BEL,2022-01,RCF,-11.41009677419355
Belgium,BEL,2022-01,TP,-30.46551612903226
Belgium,BEL,2022-01,KTR,-24.88474193548387
Belgium,BEL,2022-01,SAP,12.797225806451612
Belgium,BEL,2022-02,RCF,-8.311178571428572
Belgium,BEL,2022-02,TP,-21.295964285714287
Belgium,BEL,2022-02,KTR,-13.045892857142858
Belgium,BEL,2022-02,SAP,12.607142857142858
Belgium,BEL,2022-03,RCF,-4.041483870967742
Belgium,BEL,2022-03,TP,-14.903225806451612
Belgium,BEL,2022-03,KTR,-10.824903225806452
Belgium,BEL,2022-03,SAP,16.986193548387096
Belgium,BEL,2022-04,RCF,-4.0381
Belgium,BEL,2022-04,TP,-15.919099999999998
Belgium,BEL,2022-04,KTR,-16.742766666666668
Belgium,BEL,2022-04,SAP,18.14286666666667
Belgium,BEL,2022-05,RCF,4.663677419354839
Belgium,BEL,2022-05,TP,-4.875612903225806
Belgium,BEL,2022-05,KTR,-7.0968064516129035
Belgium,BEL,2022-05,SAP,25.055258064516128
Belgium,BEL,2022-06,RCF,3.0380333333333334
Belgium,BEL,2022-06,TP,-6.471466666666667
Belgium,BEL,2022-06,KTR,-8.928533333333332
Belgium,BEL,2022-06,SAP,26.2476
Belgium,BEL,2022-07,RCF,3.9286000000000003
Belgium,BEL,2022-07,TP,-9.3071
Belgium,BEL,2022-07,KTR,-20.1142
Belgium,BEL,2022-07,SAP,24.55015
Belize,BLZ,2020-02,RCF,3.444153846153846
Belize,BLZ,2020-02,TP,9.602307692307692
Belize,BLZ,2020-02,KTR,0.6036923076923076
Belize,BLZ,2020-02,SAP,-0.011230769230769223
Belize,BLZ,2020-03,RCF,-11.13825806451613
Belize,BLZ,2020-03,TP,-10.24425806451613
Belize,BLZ,2020-03,KTR,-10.437806451612904
Belize,BLZ,2020-03,SAP,1.8524516129032258
Belize,BLZ,2020-04,RCF,-68.13806666666667
Belize,BLZ,2020-04,TP,-77.79533333333333
Belize,BLZ,2020-04,KTR,-64.01913333333333
Belize,BLZ,2020-04,SAP,-48.8666
Belize,BLZ,2020-05,RCF,-42.75109677419355
Belize,BLZ,2020-05,TP,-57.17051612903226
Belize,BLZ,2020-05,KTR,-42.534516129032255
Belize,BLZ,2020-05,SAP,-23.686645161290325
Belize,BLZ,2020-06,RCF,-25.7285
Belize,BLZ,2020-06,TP,-43.81896666666667
Belize,BLZ,2020-06,KTR,-25.528633333333335
Belize,BLZ,2020-06,SAP,-8.952333333333334
Belize,BLZ,2020-07,RCF,-17.442387096774194
Belize,BLZ,2020-07,TP,-37.65429032258064
Belize,BLZ,2020-07,KTR,-23.29041935483871
Belize,BLZ,2020-07,SAP,-4.88025806451613
Belize,BLZ,2020-08,RCF,-28.247750000000003
Belize,BLZ,2020-08,TP,-47.2682
Belize,BLZ,2020-08,KTR,-32.18967741935484
Belize,BLZ,2020-08,SAP,-10.31925
Belize,BLZ,2020-09,RCF,-19.200666666666667
Belize,BLZ,2020-09,TP,-48.50177777777778
Belize,BLZ,2020-09,KTR,-35.57216666666667
Belize,BLZ,2020-09,SAP,-9.796777777777779
Belize,BLZ,2020-10,RCF,-18.98622580645161
Belize,BLZ,2020-10,TP,-44.308838709677424
Belize,BLZ,2020-10,KTR,-28.737225806451615
Belize,BLZ,2020-10,SAP,-3.502322580645161
Belize,BLZ,2020-11,RCF,-20.128533333333333
Belize,BLZ,2020-11,TP,-45.609500000000004
Belize,BLZ,2020-11,KTR,-33.485733333333336
Belize,BLZ,2020-11,SAP,-3.523766666666667
Belize,BLZ,2020-12,RCF,-14.341000000000001
Belize,BLZ,2020-12,TP,-39.12909677419355
Belize,BLZ,2020-12,KTR,-32.44232258064516
Belize,BLZ,2020-12,SAP,5.778870967741936
Belize,BLZ,2021-01,RCF,-25.603612903225805
Belize,BLZ,2021-01,TP,-43.59445161290322
Belize,BLZ,2021-01,KTR,-34.848
Belize,BLZ,2021-01,SAP,-8.216548387096774
Belize,BLZ,2021-02,RCF,-16.53575
Belize,BLZ,2021-02,TP,-38.58671428571428
Belize,BLZ,2021-02,KTR,-29.306071428571432
Belize,BLZ,2021-02,SAP,-1.5153571428571428
Belize,BLZ,2021-03,RCF,-8.999967741935485
Belize,BLZ,2021-03,TP,-31.695870967741936
Belize,BLZ,2021-03,KTR,-27.75109677419355
Belize,BLZ,2021-03,SAP,8.917129032258064
Belize,BLZ,2021-04,RCF,-5.0333
Belize,BLZ,2021-04,TP,-26.00936666666667
Belize,BLZ,2021-04,KTR,-28.547633333333334
Belize,BLZ,2021-04,SAP,14.219033333333334
Belize,BLZ,2021-05,RCF,2.9723548387096774
Belize,BLZ,2021-05,TP,-21.31332258064516
Belize,BLZ,2021-05,KTR,-23.12451612903226
Belize,BLZ,2021-05,SAP,22.050612903225804
Belize,BLZ,2021-06,RCF,12.904733333333333
Belize,BLZ,2021-06,TP,-13.304733333333333
Belize,BLZ,2021-06,KTR,-18.7381
Belize,BLZ,2021-06,SAP,28.528566666666666
Belize,BLZ,2021-07,RCF,13.64974193548387
Belize,BLZ,2021-07,TP,-8.691290322580645
Belize,BLZ,2021-07,KTR,-21.926193548387097
Belize,BLZ,2021-07,SAP,29.267290322580646
Belize,BLZ,2021-08,RCF,12.529967741935483
Belize,BLZ,2021-08,TP,-10.824870967741937
Belize,BLZ,2021-08,KTR,-22.25351612903226
Belize,BLZ,2021-08,SAP,29.221193548387095
Belize,BLZ,2021-09,RCF,4.0332333333333334
Belize,BLZ,2021-09,TP,-20.57153333333333
Belize,BLZ,2021-09,KTR,-26.557133333333333
Belize,BLZ,2021-09,SAP,21.92846666666667
Belize,BLZ,2021-10,RCF,3.539193548387097
Belize,BLZ,2021-10,TP,-21.76958064516129
Belize,BLZ,2021-10,KTR,-24.778806451612905
Belize,BLZ,2021-10,SAP,20.944709677419354
Belize,BLZ,2021-11,RCF,18.104733333333336
Belize,BLZ,2021-11,TP,-8.976133333333333
Belize,BLZ,2021-11,KTR,-19.428533333333334
Belize,BLZ,2021-11,SAP,32.58096666666667
Belize,BLZ,2021-12,RCF,38.511483870967744
Belize,BLZ,2021-12,TP,4.884806451612904
Belize,BLZ,2021-12,KTR,-15.97232258064516
Belize,BLZ,2021-12,SAP,51.479225806451616
Belize,BLZ,2022-01,RCF,19.83867741935484
Belize,BLZ,2022-01,TP,-5.188903225806452
Belize,BLZ,2022-01,KTR,-18.198225806451614
Belize,BLZ,2022-01,SAP,33.03683870967742
Belize,BLZ,2022-02,RCF,31.826535714285715
Belize,BLZ,2022-02,TP,2.790785714285714
Belize,BLZ,2022-02,KTR,-5.76025
Belize,BLZ,2022-02,SAP,38.739821428571425
Belize,BLZ,2022-03,RCF,35.73264516129032
Belize,BLZ,2022-03,TP,9.02758064516129
Belize,BLZ,2022-03,KTR,0.4147741935483872
Belize,BLZ,2022-03,SAP,42.79716129032258
Belize,BLZ,2022-04,RCF,36.5095
Belize,BLZ,2022-04,TP,10.7762
Belize,BLZ,2022-04,KTR,-5.266666666666667
Belize,BLZ,2022-04,SAP,45.62383333333333
Belize,BLZ,2022-05,RCF,35.93554838709677
Belize,BLZ,2022-05,TP,7.138290322580645
Belize,BLZ,2022-05,KTR,1.308741935483871
Belize,BLZ,2022-05,SAP,48.861774193548385
Belize,BLZ,2022-06,RCF,35.428466666666665
Belize,BLZ,2022-06,TP,7.628566666666667
Belize,BLZ,2022-06,KTR,0.9713666666666666
Belize,BLZ,2022-06,SAP,49.857166666666664
Belize,BLZ,2022-07,RCF,37.8286
Belize,BLZ,2022-07,TP,10.66435
Belize,BLZ,2022-07,KTR,-2.20715
Belize,BLZ,2022-07,SAP,50.378499999999995
Benin,BEN,2020-02,RCF,-0.6456923076923077
Benin,BEN,2020-02,TP,-1.5457692307692308
Benin,BEN,2020-02,KTR,-0.10369230769230768
Benin,BEN,2020-02,SAP,3.1965384615384616
Benin,BEN,2020-03,RCF,-5.092129032258065
Benin,BEN,2020-03,TP,1.308709677419355
Benin,BEN,2020-03,KTR,0.8571290322580645
Benin,BEN,2020-03,SAP,2.4745806451612906
Benin,BEN,2020-04,RCF,-19.80003333333333
Benin,BEN,2020-04,TP,-21.38563333333333
Benin,BEN,2020-04,KTR,-12.042933333333334
Benin,BEN,2020-04,SAP,-8.452466666666668
Benin,BEN,2020-05,RCF,-15.069129032258063
Benin,BEN,2020-05,TP,-19.299580645161292
Benin,BEN,2020-05,KTR,-6.963161290322581
Benin,BEN,2020-05,SAP,-3.8570967741935487
Benin,BEN,2020-06,RCF,-9.371433333333332
Benin,BEN,2020-06,TP,-16.719
Benin,BEN,2020-06,KTR,-3.4238333333333335
Benin,BEN,2020-06,SAP,-2.6809333333333334
Benin,BEN,2020-07,RCF,-5.86641935483871
Benin,BEN,2020-07,TP,-12.64058064516129
Benin,BEN,2020-07,KTR,-5.691290322580645
Benin,BEN,2020-07,SAP,1.9446451612903226
Benin,BEN,2020-08,RCF,0.9808387096774193
Benin,BEN,2020-08,TP,-6.29495
Benin,BEN,2020-08,KTR,-6.235
Benin,BEN,2020-08,SAP,10.082870967741936
Benin,BEN,2020-09,RCF,1.6497333333333335
Benin,BEN,2020-09,TP,4.3132222222222225
Benin,BEN,2020-09,KTR,-3.2
Benin,BEN,2020-09,SAP,14.342833333333335
Benin,BEN,2020-10,RCF,-11.096774193548388
Benin,BEN,2020-10,TP,0.2995483870967741
Benin,BEN,2020-10,KTR,-10.01841935483871
Benin,BEN,2020-10,SAP,33.36870967741935
Benin,BEN,2020-11,RCF,-10.6857
Benin,BEN,2020-11,TP,-4.042766666666667
Benin,BEN,2020-11,KTR,-6.1572000000000005
Benin,BEN,2020-11,SAP,37.95719999999999
Benin,BEN,2020-12,RCF,-7.341
Benin,BEN,2020-12,TP,-5.732612903225807
Benin,BEN,2020-12,KTR,-6.714290322580645
Benin,BEN,2020-12,SAP,54.95854838709677
Benin,BEN,2021-01,RCF,-9.207451612903226
Benin,BEN,2021-01,TP,-9.060032258064515
Benin,BEN,2021-01,KTR,-13.433096774193547
Benin,BEN,2021-01,SAP,45.801870967741934
Benin,BEN,2021-02,RCF,-12.60207142857143
Benin,BEN,2021-02,TP,-9.306107142857142
Benin,BEN,2021-02,KTR,-15.877607142857142
Benin,BEN,2021-02,SAP,49.928535714285715
Benin,BEN,2021-03,RCF,-9.539258064516128
Benin,BEN,2021-03,TP,-4.907774193548387
Benin,BEN,2021-03,KTR,-11.479193548387098
Benin,BEN,2021-03,SAP,52.44696774193548
Benin,BEN,2021-04,RCF,-7.333266666666666
Benin,BEN,2021-04,TP,-2.3095
Benin,BEN,2021-04,KTR,-9.928633333333332
Benin,BEN,2021-04,SAP,57.276133333333334
Benin,BEN,2021-05,RCF,0.12903225806451618
Benin,BEN,2021-05,TP,1.8295161290322581
Benin,BEN,2021-05,KTR,-4.921709677419355
Benin,BEN,2021-05,SAP,70.06909677419354
Benin,BEN,2021-06,RCF,11.004833333333332
Benin,BEN,2021-06,TP,4.976233333333334
Benin,BEN,2021-06,KTR,-0.6000333333333334
Benin,BEN,2021-06,SAP,88.9476
Benin,BEN,2021-07,RCF,12.852516129032258
Benin,BEN,2021-07,TP,5.981516129032258
Benin,BEN,2021-07,KTR,-4.654354838709677
Benin,BEN,2021-07,SAP,97.55303225806452
Benin,BEN,2021-08,RCF,14.695870967741936
Benin,BEN,2021-08,TP,8.843354838709677
Benin,BEN,2021-08,KTR,-5.055225806451612
Benin,BEN,2021-08,SAP,104.63593548387097
Benin,BEN,2021-09,RCF,12.085700000000001
Benin,BEN,2021-09,TP,9.628533333333333
Benin,BEN,2021-09,KTR,-3.0380333333333334
Benin,BEN,2021-09,SAP,103.04296666666667
Benin,BEN,2021-10,RCF,13.235000000000001
Benin,BEN,2021-10,TP,9.285838709677419
Benin,BEN,2021-10,KTR,2.2996129032258064
Benin,BEN,2021-10,SAP,104.23954838709678
Benin,BEN,2021-11,RCF,17.76193333333333
Benin,BEN,2021-11,TP,13.480966666666665
Benin,BEN,2021-11,KTR,7.038166666666666
Benin,BEN,2021-11,SAP,106.40946666666667
Benin,BEN,2021-12,RCF,21.912451612903222
Benin,BEN,2021-12,TP,26.14741935483871
Benin,BEN,2021-12,KTR,15.19816129032258
Benin,BEN,2021-12,SAP,117.35945161290323
Benin,BEN,2022-01,RCF,21.866387096774197
Benin,BEN,2022-01,TP,13.529967741935483
Benin,BEN,2022-01,KTR,18.00925806451613
Benin,BEN,2022-01,SAP,109.41022580645162
Benin,BEN,2022-02,RCF,28.612392857142858
Benin,BEN,2022-02,TP,-0.46425
Benin,BEN,2022-02,KTR,35.82142857142857
Benin,BEN,2022-02,SAP,111.1735
Benin,BEN,2022-03,RCF,62.894
Benin,BEN,2022-03,TP,7.599161290322581
Benin,BEN,2022-03,KTR,62.811032258064515
Benin,BEN,2022-03,SAP,150.61748387096773
Benin,BEN,2022-04,RCF,68.11433333333333
Benin,BEN,2022-04,TP,12.861966666666666
Benin,BEN,2022-04,KTR,63.8286
Benin,BEN,2022-04,SAP,165.54756666666665
Benin,BEN,2022-05,RCF,65.79267741935485
Benin,BEN,2022-05,TP,14.917
Benin,BEN,2022-05,KTR,62.41925806451613
Benin,BEN,2022-05,SAP,163.74190322580645
Benin,BEN,2022-06,RCF,65.06660000000001
Benin,BEN,2022-06,TP,14.257133333333334
Benin,BEN,2022-06,KTR,59.06673333333333
Benin,BEN,2022-06,SAP,163.12853333333334
Benin,BEN,2022-07,RCF,65.9356
Benin,BEN,2022-07,TP,14.914250000000001
Benin,BEN,2022-07,KTR,55.97855
Benin,BEN,2022-07,SAP,169.35
Bolivia,BOL,2020-02,RCF,-5.956538461538462
Bolivia,BOL,2020-02,TP,-5.131384615384615
Bolivia,BOL,2020-02,KTR,1.0813076923076923
Bolivia,BOL,2020-02,SAP,0.0032307692307693534
Bolivia,BOL,2020-03,RCF,-32.70974193548387
Bolivia,BOL,2020-03,TP,-33.90325806451613
Bolivia,BOL,2020-03,KTR,-15.12906451612903
Bolivia,BOL,2020-03,SAP,-19.89864516129032
Bolivia,BOL,2020-04,RCF,-85.61903333333333
Bolivia,BOL,2020-04,TP,-84.3047
Bolivia,BOL,2020-04,KTR,-75.48566666666667
Bolivia,BOL,2020-04,SAP,-75.03333333333333
Bolivia,BOL,2020-05,RCF,-77.9123870967742
Bolivia,BOL,2020-05,TP,-77.48383870967741
Bolivia,BOL,2020-05,KTR,-63.424
Bolivia,BOL,2020-05,SAP,-67.32251612903227
Bolivia,BOL,2020-06,RCF,-64.98093333333333
Bolivia,BOL,2020-06,TP,-66.0858
Bolivia,BOL,2020-06,KTR,-47.70473333333334
Bolivia,BOL,2020-06,SAP,-51.7761
Bolivia,BOL,2020-07,RCF,-60.72348387096774
Bolivia,BOL,2020-07,TP,-62.640580645161286
Bolivia,BOL,2020-07,KTR,-46.08751612903226
Bolivia,BOL,2020-07,SAP,-46.705064516129035
Bolivia,BOL,2020-08,RCF,-54.27641935483871
Bolivia,BOL,2020-08,TP,-55.87561290322581
Bolivia,BOL,2020-08,KTR,-40.981580645161294
Bolivia,BOL,2020-08,SAP,-40.285806451612906
Bolivia,BOL,2020-09,RCF,-42.45243333333334
Bolivia,BOL,2020-09,TP,-40.100033333333336
Bolivia,BOL,2020-09,KTR,-26.742933333333333
Bolivia,BOL,2020-09,SAP,-25.257166666666667
Bolivia,BOL,2020-10,RCF,-36.84329032258065
Bolivia,BOL,2020-10,TP,-31.72348387096774
Bolivia,BOL,2020-10,KTR,-17.95858064516129
Bolivia,BOL,2020-10,SAP,-15.954
Bolivia,BOL,2020-11,RCF,-31.747700000000002
Bolivia,BOL,2020-11,TP,-29.07153333333333
Bolivia,BOL,2020-11,KTR,-15.381
Bolivia,BOL,2020-11,SAP,-15.104800000000001
Bolivia,BOL,2020-12,RCF,-19.488483870967745
Bolivia,BOL,2020-12,TP,-15.101387096774195
Bolivia,BOL,2020-12,KTR,-9.516064516129031
Bolivia,BOL,2020-12,SAP,-0.6036451612903226
Bolivia,BOL,2021-01,RCF,-33.792645161290324
Bolivia,BOL,2021-01,TP,-28.516193548387097
Bolivia,BOL,2021-01,KTR,-24.70506451612903
Bolivia,BOL,2021-01,SAP,-13.419387096774193
Bolivia,BOL,2021-02,RCF,-32.21432142857143
Bolivia,BOL,2021-02,TP,-31.06121428571429
Bolivia,BOL,2021-02,KTR,-22.290785714285715
Bolivia,BOL,2021-02,SAP,-12.48475
Bolivia,BOL,2021-03,RCF,-24.76967741935484
Bolivia,BOL,2021-03,TP,-21.70506451612903
Bolivia,BOL,2021-03,KTR,-12.709645161290323
Bolivia,BOL,2021-03,SAP,-6.050709677419355
Bolivia,BOL,2021-04,RCF,-21.280933333333333
Bolivia,BOL,2021-04,TP,-19.328633333333336
Bolivia,BOL,2021-04,KTR,-10.961866666666667
Bolivia,BOL,2021-04,SAP,-1.9381333333333333
Bolivia,BOL,2021-05,RCF,-18.89393548387097
Bolivia,BOL,2021-05,TP,-17.34567741935484
Bolivia,BOL,2021-05,KTR,-8.912451612903226
Bolivia,BOL,2021-05,SAP,3.1336129032258064
Bolivia,BOL,2021-06,RCF,-23.7048
Bolivia,BOL,2021-06,TP,-22.366600000000002
Bolivia,BOL,2021-06,KTR,-17.2668
Bolivia,BOL,2021-06,SAP,-1.5286000000000002
Bolivia,BOL,2021-07,RCF,-9.414741935483871
Bolivia,BOL,2021-07,TP,-10.202838709677419
Bolivia,BOL,2021-07,KTR,-4.921677419354839
Bolivia,BOL,2021-07,SAP,8.175064516129032
Bolivia,BOL,2021-08,RCF,-2.5852903225806454
Bolivia,BOL,2021-08,TP,-3.225741935483871
Bolivia,BOL,2021-08,KTR,-1.4470967741935483
Bolivia,BOL,2021-08,SAP,11.695709677419355
Bolivia,BOL,2021-09,RCF,2.4762
Bolivia,BOL,2021-09,TP,-2.0953
Bolivia,BOL,2021-09,KTR,2.3
Bolivia,BOL,2021-09,SAP,12.938166666666666
Bolivia,BOL,2021-10,RCF,4.368645161290322
Bolivia,BOL,2021-10,TP,-0.967741935483871
Bolivia,BOL,2021-10,KTR,6.658967741935483
Bolivia,BOL,2021-10,SAP,13.608322580645162
Bolivia,BOL,2021-11,RCF,2.3284666666666665
Bolivia,BOL,2021-11,TP,-5.257099999999999
Bolivia,BOL,2021-11,KTR,0.27616666666666667
Bolivia,BOL,2021-11,SAP,12.1572
Bolivia,BOL,2021-12,RCF,20.852451612903227
Bolivia,BOL,2021-12,TP,12.834129032258065
Bolivia,BOL,2021-12,KTR,7.889322580645161
Bolivia,BOL,2021-12,SAP,28.543774193548387
Bolivia,BOL,2022-01,RCF,5.672741935483871
Bolivia,BOL,2022-01,TP,2.8249032258064517
Bolivia,BOL,2022-01,KTR,-1.479225806451613
Bolivia,BOL,2022-01,SAP,21.133709677419354
Bolivia,BOL,2022-02,RCF,15.36225
Bolivia,BOL,2022-02,TP,6.214285714285714
Bolivia,BOL,2022-02,KTR,15.270428571428571
Bolivia,BOL,2022-02,SAP,23.280642857142855
Bolivia,BOL,2022-03,RCF,9.61741935483871
Bolivia,BOL,2022-03,TP,5.958451612903225
Bolivia,BOL,2022-03,KTR,18.479258064516127
Bolivia,BOL,2022-03,SAP,19.073645161290322
Bolivia,BOL,2022-04,RCF,13.8094
Bolivia,BOL,2022-04,TP,11.261899999999999
Bolivia,BOL,2022-04,KTR,32.53326666666667
Bolivia,BOL,2022-04,SAP,22.5952
Bolivia,BOL,2022-05,RCF,18.880225806451612
Bolivia,BOL,2022-05,TP,12.62674193548387
Bolivia,BOL,2022-05,KTR,40.23967741935484
Bolivia,BOL,2022-05,SAP,27.460774193548385
Bolivia,BOL,2022-06,RCF,19.357166666666668
Bolivia,BOL,2022-06,TP,12.680966666666666
Bolivia,BOL,2022-06,KTR,38.79046666666667
Bolivia,BOL,2022-06,SAP,29.652333333333335
Bolivia,BOL,2022-07,RCF,23.7071
Bolivia,BOL,2022-07,TP,26.907249999999998
Bolivia,BOL,2022-07,KTR,28.7215
Bolivia,BOL,2022-07,SAP,30.471449999999997
Bosnia and Herzegovina,BIH,2020-02,RCF,3.0310769230769234
Bosnia and Herzegovina,BIH,2020-02,TP,6.139538461538461
Bosnia and Herzegovina,BIH,2020-02,KTR,6.940076923076924
Bosnia and Herzegovina,BIH,2020-02,SAP,4.597538461538462
Bosnia and Herzegovina,BIH,2020-03,RCF,-27.30416129032258
Bosnia and Herzegovina,BIH,2020-03,TP,-22.244225806451613
Bosnia and Herzegovina,BIH,2020-03,KTR,-16.433225806451613
Bosnia and Herzegovina,BIH,2020-03,SAP,-7.437838709677419
Bosnia and Herzegovina,BIH,2020-04,RCF,-64.12866666666667
Bosnia and Herzegovina,BIH,2020-04,TP,-52.76193333333333
Bosnia and Herzegovina,BIH,2020-04,KTR,-47.38576666666667
Bosnia and Herzegovina,BIH,2020-04,SAP,-32.16673333333333
Bosnia and Herzegovina,BIH,2020-05,RCF,-34.84322580645161
Bosnia and Herzegovina,BIH,2020-05,TP,-30.78338709677419
Bosnia and Herzegovina,BIH,2020-05,KTR,-26.88016129032258
Bosnia and Herzegovina,BIH,2020-05,SAP,-9.548354838709677
Bosnia and Herzegovina,BIH,2020-06,RCF,-3.6142333333333334
Bosnia and Herzegovina,BIH,2020-06,TP,-10.409533333333334
Bosnia and Herzegovina,BIH,2020-06,KTR,-8.609533333333333
Bosnia and Herzegovina,BIH,2020-06,SAP,7.6761
Bosnia and Herzegovina,BIH,2020-07,RCF,-4.88025806451613
Bosnia and Herzegovina,BIH,2020-07,TP,-8.317935483870967
Bosnia and Herzegovina,BIH,2020-07,KTR,-12.511516129032259
Bosnia and Herzegovina,BIH,2020-07,SAP,6.9677741935483875
Bosnia and Herzegovina,BIH,2020-08,RCF,-2.718903225806452
Bosnia and Herzegovina,BIH,2020-08,TP,-7.7510645161290315
Bosnia and Herzegovina,BIH,2020-08,KTR,-19.506806451612903
Bosnia and Herzegovina,BIH,2020-08,SAP,8.552999999999999
Bosnia and Herzegovina,BIH,2020-09,RCF,-6.6858
Bosnia and Herzegovina,BIH,2020-09,TP,-4.828533333333334
Bosnia and Herzegovina,BIH,2020-09,KTR,-11.709466666666666
Bosnia and Herzegovina,BIH,2020-09,SAP,3.8381666666666665
Bosnia and Herzegovina,BIH,2020-10,RCF,-12.350161290322582
Bosnia and Herzegovina,BIH,2020-10,TP,-7.894
Bosnia and Herzegovina,BIH,2020-10,KTR,-8.571516129032258
Bosnia and Herzegovina,BIH,2020-10,SAP,3.1474516129032257
Bosnia and Herzegovina,BIH,2020-11,RCF,-20.895300000000002
Bosnia and Herzegovina,BIH,2020-11,TP,-23.028566666666666
Bosnia and Herzegovina,BIH,2020-11,KTR,-14.923866666666667
Bosnia and Herzegovina,BIH,2020-11,SAP,-3.857133333333333
Bosnia and Herzegovina,BIH,2020-12,RCF,-16.917032258064516
Bosnia and Herzegovina,BIH,2020-12,TP,-20.659
Bosnia and Herzegovina,BIH,2020-12,KTR,-11.953903225806453
Bosnia and Herzegovina,BIH,2020-12,SAP,0.7189354838709677
Bosnia and Herzegovina,BIH,2021-01,RCF,-18.728064516129034
Bosnia and Herzegovina,BIH,2021-01,TP,-24.70506451612903
Bosnia and Herzegovina,BIH,2021-01,KTR,-21.783419354838706
Bosnia and Herzegovina,BIH,2021-01,SAP,-3.7096129032258065
Bosnia and Herzegovina,BIH,2021-02,RCF,-14.709214285714285
Bosnia and Herzegovina,BIH,2021-02,TP,-21.693857142857144
Bosnia and Herzegovina,BIH,2021-02,KTR,-10.255107142857144
Bosnia and Herzegovina,BIH,2021-02,SAP,1.8418571428571429
Bosnia and Herzegovina,BIH,2021-03,RCF,-19.239645161290323
Bosnia and Herzegovina,BIH,2021-03,TP,-24.313387096774196
Bosnia and Herzegovina,BIH,2021-03,KTR,-15.391774193548386
Bosnia and Herzegovina,BIH,2021-03,SAP,8.79258064516129
Bosnia and Herzegovina,BIH,2021-04,RCF,-21.0857
Bosnia and Herzegovina,BIH,2021-04,TP,-23.16193333333333
Bosnia and Herzegovina,BIH,2021-04,KTR,-19.385733333333334
Bosnia and Herzegovina,BIH,2021-04,SAP,14.2809
Bosnia and Herzegovina,BIH,2021-05,RCF,-3.359483870967742
Bosnia and Herzegovina,BIH,2021-05,TP,-5.686612903225806
Bosnia and Herzegovina,BIH,2021-05,KTR,-13.880161290322581
Bosnia and Herzegovina,BIH,2021-05,SAP,28.815645161290323
Bosnia and Herzegovina,BIH,2021-06,RCF,4.657066666666666
Bosnia and Herzegovina,BIH,2021-06,TP,3.0332999999999997
Bosnia and Herzegovina,BIH,2021-06,KTR,-10.500066666666667
Bosnia and Herzegovina,BIH,2021-06,SAP,34.20953333333333
Bosnia and Herzegovina,BIH,2021-07,RCF,13.787967741935484
Bosnia and Herzegovina,BIH,2021-07,TP,14.58990322580645
Bosnia and Herzegovina,BIH,2021-07,KTR,-17.05535483870968
Bosnia and Herzegovina,BIH,2021-07,SAP,46.88945161290323
Bosnia and Herzegovina,BIH,2021-08,RCF,27.539161290322582
Bosnia and Herzegovina,BIH,2021-08,TP,22.354870967741935
Bosnia and Herzegovina,BIH,2021-08,KTR,-18.212
Bosnia and Herzegovina,BIH,2021-08,SAP,61.17970967741935
Bosnia and Herzegovina,BIH,2021-09,RCF,12.8524
Bosnia and Herzegovina,BIH,2021-09,TP,14.657166666666665
Bosnia and Herzegovina,BIH,2021-09,KTR,-5.952366666666666
Bosnia and Herzegovina,BIH,2021-09,SAP,45.97606666666666
Bosnia and Herzegovina,BIH,2021-10,RCF,10.290322580645162
Bosnia and Herzegovina,BIH,2021-10,TP,10.907935483870968
Bosnia and Herzegovina,BIH,2021-10,KTR,1.041483870967742
Bosnia and Herzegovina,BIH,2021-10,SAP,43.059935483870966
Bosnia and Herzegovina,BIH,2021-11,RCF,6.6428666666666665
Bosnia and Herzegovina,BIH,2021-11,TP,5.423900000000001
Bosnia and Herzegovina,BIH,2021-11,KTR,-0.17140000000000002
Bosnia and Herzegovina,BIH,2021-11,SAP,39.538066666666666
Bosnia and Herzegovina,BIH,2021-12,RCF,12.027774193548387
Bosnia and Herzegovina,BIH,2021-12,TP,3.0368064516129034
Bosnia and Herzegovina,BIH,2021-12,KTR,5.585258064516129
Bosnia and Herzegovina,BIH,2021-12,SAP,47.82487096774193
Bosnia and Herzegovina,BIH,2022-01,RCF,8.175032258064515
Bosnia and Herzegovina,BIH,2022-01,TP,-27.88932258064516
Bosnia and Herzegovina,BIH,2022-01,KTR,-11.829516129032259
Bosnia and Herzegovina,BIH,2022-01,SAP,44.092193548387094
Bosnia and Herzegovina,BIH,2022-02,RCF,9.73475
Bosnia and Herzegovina,BIH,2022-02,TP,-34.795964285714284
Bosnia and Herzegovina,BIH,2022-02,KTR,10.398
Bosnia and Herzegovina,BIH,2022-02,SAP,45.44896428571428
Bosnia and Herzegovina,BIH,2022-03,RCF,9.405516129032257
Bosnia and Herzegovina,BIH,2022-03,TP,-29.972322580645162
Bosnia and Herzegovina,BIH,2022-03,KTR,14.188935483870967
Bosnia and Herzegovina,BIH,2022-03,SAP,42.56225806451613
Bosnia and Herzegovina,BIH,2022-04,RCF,12.2809
Bosnia and Herzegovina,BIH,2022-04,TP,-22.576166666666666
Bosnia and Herzegovina,BIH,2022-04,KTR,11.266666666666667
Bosnia and Herzegovina,BIH,2022-04,SAP,49.51903333333333
Bosnia and Herzegovina,BIH,2022-05,RCF,19.06916129032258
Bosnia and Herzegovina,BIH,2022-05,TP,-15.95841935483871
Bosnia and Herzegovina,BIH,2022-05,KTR,8.175129032258065
Bosnia and Herzegovina,BIH,2022-05,SAP,56.88938709677419
Bosnia and Herzegovina,BIH,2022-06,RCF,19.752433333333332
Bosnia and Herzegovina,BIH,2022-06,TP,-15.690466666666667
Bosnia and Herzegovina,BIH,2022-06,KTR,8.3286
Bosnia and Herzegovina,BIH,2022-06,SAP,56.285666666666664
Bosnia and Herzegovina,BIH,2022-07,RCF,23.21435
Bosnia and Herzegovina,BIH,2022-07,TP,-13.3285
Bosnia and Herzegovina,BIH,2022-07,KTR,-2.09285
Bosnia and Herzegovina,BIH,2022-07,SAP,62.5357
Botswana,BWA,2020-02,RCF,0.5797692307692308
Botswana,BWA,2020-02,TP,-5.016846153846154
Botswana,BWA,2020-02,KTR,7.243307692307692
Botswana,BWA,2020-02,SAP,-3.0837692307692306
Botswana,BWA,2020-03,RCF,-1.3134193548387096
Botswana,BWA,2020-03,TP,-7.824967741935484
Botswana,BWA,2020-03,KTR,3.516161290322581
Botswana,BWA,2020-03,SAP,-0.981483870967742
Botswana,BWA,2020-04,RCF,-56.8858
Botswana,BWA,2020-04,TP,-68.10003333333333
Botswana,BWA,2020-04,KTR,-52.17136666666667
Botswana,BWA,2020-04,SAP,-46.48093333333333
Botswana,BWA,2020-05,RCF,-39.00932258064516
Botswana,BWA,2020-05,TP,-58.74658064516129
Botswana,BWA,2020-05,KTR,-36.73729032258065
Botswana,BWA,2020-05,SAP,-29.281032258064517
Botswana,BWA,2020-06,RCF,-3.057166666666667
Botswana,BWA,2020-06,TP,-11.633333333333333
Botswana,BWA,2020-06,KTR,0.8095999999999999
Botswana,BWA,2020-06,SAP,4.557166666666666
Botswana,BWA,2020-07,RCF,4.147483870967742
Botswana,BWA,2020-07,TP,3.27658064516129
Botswana,BWA,2020-07,KTR,-1.1106774193548385
Botswana,BWA,2020-07,SAP,14.944645161290323
Botswana,BWA,2020-08,RCF,-20.4644
Botswana,BWA,2020-08,TP,-29.526850000000003
Botswana,BWA,2020-08,KTR,-13.446225806451613
Botswana,BWA,2020-08,SAP,-1.5659500000000002
Botswana,BWA,2020-09,RCF,13.968388888888889
Botswana,BWA,2020-09,TP,21.424166666666665
Botswana,BWA,2020-09,KTR,1.1793666666666667
Botswana,BWA,2020-09,SAP,25.08138888888889
Botswana,BWA,2020-10,RCF,9.11516129032258
Botswana,BWA,2020-10,TP,17.128967741935487
Botswana,BWA,2020-10,KTR,-4.631290322580645
Botswana,BWA,2020-10,SAP,29.258064516129032
Botswana,BWA,2020-11,RCF,15.514299999999999
Botswana,BWA,2020-11,TP,24.219066666666667
Botswana,BWA,2020-11,KTR,2.971433333333333
Botswana,BWA,2020-11,SAP,38.38096666666667
Botswana,BWA,2020-12,RCF,22.990903225806452
Botswana,BWA,2020-12,TP,39.20274193548387
Botswana,BWA,2020-12,KTR,-15.391774193548386
Botswana,BWA,2020-12,SAP,48.77429032258064
Botswana,BWA,2021-01,RCF,-4.212
Botswana,BWA,2021-01,TP,11.63132258064516
Botswana,BWA,2021-01,KTR,-26.119806451612906
Botswana,BWA,2021-01,SAP,21.20283870967742
Botswana,BWA,2021-02,RCF,0.48975
Botswana,BWA,2021-02,TP,8.102035714285714
Botswana,BWA,2021-02,KTR,-14.270464285714285
Botswana,BWA,2021-02,SAP,28.67342857142857
Botswana,BWA,2021-03,RCF,14.61758064516129
Botswana,BWA,2021-03,TP,27.069064516129032
Botswana,BWA,2021-03,KTR,-9.562225806451613
Botswana,BWA,2021-03,SAP,52.28106451612903
Botswana,BWA,2021-04,RCF,15.352433333333332
Botswana,BWA,2021-04,TP,36.40003333333333
Botswana,BWA,2021-04,KTR,-10.457133333333333
Botswana,BWA,2021-04,SAP,56.4571
Botswana,BWA,2021-05,RCF,31.193612903225805
Botswana,BWA,2021-05,TP,59.85248387096774
Botswana,BWA,2021-05,KTR,-3.6912903225806453
Botswana,BWA,2021-05,SAP,78.28106451612904
Botswana,BWA,2021-06,RCF,34.59996666666667
Botswana,BWA,2021-06,TP,53.538133333333334
Botswana,BWA,2021-06,KTR,2.7857
Botswana,BWA,2021-06,SAP,80.86193333333334
Botswana,BWA,2021-07,RCF,27.889354838709675
Botswana,BWA,2021-07,TP,42.345612903225806
Botswana,BWA,2021-07,KTR,-8.705096774193548
Botswana,BWA,2021-07,SAP,81.98154838709677
Botswana,BWA,2021-08,RCF,20.152
Botswana,BWA,2021-08,TP,27.626774193548385
Botswana,BWA,2021-08,KTR,-9.184322580645162
Botswana,BWA,2021-08,SAP,71.64980645161292
Botswana,BWA,2021-09,RCF,25.447533333333336
Botswana,BWA,2021-09,TP,26.233366666666665
Botswana,BWA,2021-09,KTR,-0.2524333333333333
Botswana,BWA,2021-09,SAP,76.92373333333333
Botswana,BWA,2021-10,RCF,29.871
Botswana,BWA,2021-10,TP,38.49306451612903
Botswana,BWA,2021-10,KTR,3.746483870967742
Botswana,BWA,2021-10,SAP,80.4608064516129
Botswana,BWA,2021-11,RCF,38.266666666666666
Botswana,BWA,2021-11,TP,60.161899999999996
Botswana,BWA,2021-11,KTR,15.1
Botswana,BWA,2021-11,SAP,83.69526666666667
Botswana,BWA,2021-12,RCF,44.97232258064516
Botswana,BWA,2021-12,TP,68.81096774193549
Botswana,BWA,2021-12,KTR,-5.875612903225806
Botswana,BWA,2021-12,SAP,91.93545161290322
Botswana,BWA,2022-01,RCF,25.691258064516127
Botswana,BWA,2022-01,TP,48.17054838709677
Botswana,BWA,2022-01,KTR,-9.101354838709677
Botswana,BWA,2022-01,SAP,69.917
Botswana,BWA,2022-02,RCF,43.178535714285715
Botswana,BWA,2022-02,TP,64.13267857142857
Botswana,BWA,2022-02,KTR,24.117464285714284
Botswana,BWA,2022-02,SAP,84.56125
Botswana,BWA,2022-03,RCF,57.94922580645161
Botswana,BWA,2022-03,TP,81.84787096774194
Botswana,BWA,2022-03,KTR,44.050709677419356
Botswana,BWA,2022-03,SAP,87.74193548387096
Botswana,BWA,2022-04,RCF,59.57616666666667
Botswana,BWA,2022-04,TP,79.96666666666667
Botswana,BWA,2022-04,KTR,34.79046666666667
Botswana,BWA,2022-04,SAP,83.4095
Botswana,BWA,2022-05,RCF,65.60835483870967
Botswana,BWA,2022-05,TP,78.57603225806452
Botswana,BWA,2022-05,KTR,41.571387096774195
Botswana,BWA,2022-05,SAP,91.84332258064516
Botswana,BWA,2022-06,RCF,68.79996666666666
Botswana,BWA,2022-06,TP,78.59989999999999
Botswana,BWA,2022-06,KTR,48.3095
Botswana,BWA,2022-06,SAP,98.44763333333334
Botswana,BWA,2022-07,RCF,74.25710000000001
Botswana,BWA,2022-07,TP,87.1216
Botswana,BWA,2022-07,KTR,39.41415
Botswana,BWA,2022-07,SAP,106.36434999999999
Brazil,BRA,2020-02,RCF,-3.473615384615385
Brazil,BRA,2020-02,TP,1.409
Brazil,BRA,2020-02,KTR,0.25738461538461527
Brazil,BRA,2020-02,SAP,0.3324615384615386
Brazil,BRA,2020-03,RCF,-23.129032258064516
Brazil,BRA,2020-03,TP,-16.68658064516129
Brazil,BRA,2020-03,KTR,-6.13358064516129
Brazil,BRA,2020-03,SAP,-3.9908064516129027
Brazil,BRA,2020-04,RCF,-59.25246666666667
Brazil,BRA,2020-04,TP,-54.623733333333334
Brazil,BRA,2020-04,KTR,-38.22863333333333
Brazil,BRA,2020-04,SAP,-17.166633333333333
Brazil,BRA,2020-05,RCF,-53.235
Brazil,BRA,2020-05,TP,-48.54374193548387
Brazil,BRA,2020-05,KTR,-27.51148387096774
Brazil,BRA,2020-05,SAP,-9.124419354838711
Brazil,BRA,2020-06,RCF,-44.919
Brazil,BRA,2020-06,TP,-40.852333333333334
Brazil,BRA,2020-06,KTR,-19.0381
Brazil,BRA,2020-06,SAP,-2.066666666666667
Brazil,BRA,2020-07,RCF,-38.20274193548387
Brazil,BRA,2020-07,TP,-34.70048387096774
Brazil,BRA,2020-07,KTR,-15.128967741935483
Brazil,BRA,2020-07,SAP,3.364032258064516
Brazil,BRA,2020-08,RCF,-29.70958064516129
Brazil,BRA,2020-08,TP,-28.903258064516127
Brazil,BRA,2020-08,KTR,-10.875580645161289
Brazil,BRA,2020-08,SAP,7.9308387096774196
Brazil,BRA,2020-09,RCF,-25.0714
Brazil,BRA,2020-09,TP,-23.1619
Brazil,BRA,2020-09,KTR,-8.604700000000001
Brazil,BRA,2020-09,SAP,10.628633333333333
Brazil,BRA,2020-10,RCF,-22.119774193548388
Brazil,BRA,2020-10,TP,-12.829516129032259
Brazil,BRA,2020-10,KTR,-4.603677419354839
Brazil,BRA,2020-10,SAP,15.516096774193548
Brazil,BRA,2020-11,RCF,-18.200133333333333
Brazil,BRA,2020-11,TP,-10.323833333333333
Brazil,BRA,2020-11,KTR,-2.2570333333333332
Brazil,BRA,2020-11,SAP,17.747566666666668
Brazil,BRA,2020-12,RCF,-14.617516129032259
Brazil,BRA,2020-12,TP,-11.354709677419354
Brazil,BRA,2020-12,KTR,-3.7142258064516125
Brazil,BRA,2020-12,SAP,22.184354838709677
Brazil,BRA,2021-01,RCF,-27.727999999999998
Brazil,BRA,2021-01,TP,-22.935451612903226
Brazil,BRA,2021-01,KTR,-11.659
Brazil,BRA,2021-01,SAP,8.345612903225806
Brazil,BRA,2021-02,RCF,-26.418357142857143
Brazil,BRA,2021-02,TP,-20.193892857142856
Brazil,BRA,2021-02,KTR,-6.270428571428572
Brazil,BRA,2021-02,SAP,9.469464285714285
Brazil,BRA,2021-03,RCF,-39.14751612903226
Brazil,BRA,2021-03,TP,-28.15209677419355
Brazil,BRA,2021-03,KTR,-10.893967741935485
Brazil,BRA,2021-03,SAP,10.078387096774193
Brazil,BRA,2021-04,RCF,-37.3143
Brazil,BRA,2021-04,TP,-29.0238
Brazil,BRA,2021-04,KTR,-11.176233333333334
Brazil,BRA,2021-04,SAP,14.576233333333333
Brazil,BRA,2021-05,RCF,-22.815612903225805
Brazil,BRA,2021-05,TP,-15.276451612903225
Brazil,BRA,2021-05,KTR,0.6590322580645162
Brazil,BRA,2021-05,SAP,27.101451612903226
Brazil,BRA,2021-06,RCF,-19.1095
Brazil,BRA,2021-06,TP,-13.347633333333333
Brazil,BRA,2021-06,KTR,2.3143000000000002
Brazil,BRA,2021-06,SAP,31.585766666666665
Brazil,BRA,2021-07,RCF,-12.04158064516129
Brazil,BRA,2021-07,TP,-8.069193548387098
Brazil,BRA,2021-07,KTR,6.133645161290323
Brazil,BRA,2021-07,SAP,37.09667741935484
Brazil,BRA,2021-08,RCF,-8.880161290322581
Brazil,BRA,2021-08,TP,-3.21658064516129
Brazil,BRA,2021-08,KTR,12.469967741935484
Brazil,BRA,2021-08,SAP,40.05525806451613
Brazil,BRA,2021-09,RCF,-7.423933333333334
Brazil,BRA,2021-09,TP,-2.5379666666666667
Brazil,BRA,2021-09,KTR,11.395233333333332
Brazil,BRA,2021-09,SAP,39.419
Brazil,BRA,2021-10,RCF,-4.788
Brazil,BRA,2021-10,TP,-0.9400000000000001
Brazil,BRA,2021-10,KTR,13.91258064516129
Brazil,BRA,2021-10,SAP,40.405580645161294
Brazil,BRA,2021-11,RCF,-1.4381
Brazil,BRA,2021-11,TP,3.8
Brazil,BRA,2021-11,KTR,14.342933333333333
Brazil,BRA,2021-11,SAP,42.10006666666666
Brazil,BRA,2021-12,RCF,7.184354838709678
Brazil,BRA,2021-12,TP,6.829451612903226
Brazil,BRA,2021-12,KTR,13.58990322580645
Brazil,BRA,2021-12,SAP,50.72351612903226
Brazil,BRA,2022-01,RCF,-8.79725806451613
Brazil,BRA,2022-01,TP,-6.7696774193548395
Brazil,BRA,2022-01,KTR,1.2626129032258064
Brazil,BRA,2022-01,SAP,40.56216129032258
Brazil,BRA,2022-02,RCF,-0.7346785714285714
Brazil,BRA,2022-02,TP,4.969321428571428
Brazil,BRA,2022-02,KTR,19.749964285714288
Brazil,BRA,2022-02,SAP,46.05610714285714
Brazil,BRA,2022-03,RCF,-4.106064516129032
Brazil,BRA,2022-03,TP,0.23051612903225804
Brazil,BRA,2022-03,KTR,23.258064516129032
Brazil,BRA,2022-03,SAP,41.92167741935484
Brazil,BRA,2022-04,RCF,-3.1238
Brazil,BRA,2022-04,TP,0.8047333333333333
Brazil,BRA,2022-04,KTR,23.376233333333335
Brazil,BRA,2022-04,SAP,45.0238
Brazil,BRA,2022-05,RCF,-0.553
Brazil,BRA,2022-05,TP,5.53
Brazil,BRA,2022-05,KTR,34.442419354838705
Brazil,BRA,2022-05,SAP,48.76951612903226
Brazil,BRA,2022-06,RCF,-2.1237666666666666
Brazil,BRA,2022-06,TP,2.1858
Brazil,BRA,2022-06,KTR,29.523766666666667
Brazil,BRA,2022-06,SAP,49.13806666666667
Brazil,BRA,2022-07,RCF,0.6071500000000001
Brazil,BRA,2022-07,TP,4.7713
Brazil,BRA,2022-07,KTR,26.8214
Brazil,BRA,2022-07,SAP,51.29995
Bulgaria,BGR,2020-02,RCF,3.3663846153846153
Bulgaria,BGR,2020-02,TP,7.5579230769230765
Bulgaria,BGR,2020-02,KTR,2.4274615384615386
Bulgaria,BGR,2020-02,SAP,2.9783076923076925
Bulgaria,BGR,2020-03,RCF,-29.285677419354837
Bulgaria,BGR,2020-03,TP,-25.106032258064516
Bulgaria,BGR,2020-03,KTR,-22.77422580645161
Bulgaria,BGR,2020-03,SAP,-9.94932258064516
Bulgaria,BGR,2020-04,RCF,-55.347566666666665
Bulgaria,BGR,2020-04,TP,-54.34766666666667
Bulgaria,BGR,2020-04,KTR,-41.885666666666665
Bulgaria,BGR,2020-04,SAP,-24.242866666666668
Bulgaria,BGR,2020-05,RCF,-29.16583870967742
Bulgaria,BGR,2020-05,TP,-35.451516129032264
Bulgaria,BGR,2020-05,KTR,-28.377967741935482
Bulgaria,BGR,2020-05,SAP,-9.207354838709678
Bulgaria,BGR,2020-06,RCF,-7.1142666666666665
Bulgaria,BGR,2020-06,TP,-17.171400000000002
Bulgaria,BGR,2020-06,KTR,-13.6285
Bulgaria,BGR,2020-06,SAP,-1.9286333333333334
Bulgaria,BGR,2020-07,RCF,0.46077419354838706
Bulgaria,BGR,2020-07,TP,-8.903225806451612
Bulgaria,BGR,2020-07,KTR,-16.93541935483871
Bulgaria,BGR,2020-07,SAP,-0.566741935483871
Bulgaria,BGR,2020-08,RCF,5.33641935483871
Bulgaria,BGR,2020-08,TP,-4.599064516129032
Bulgaria,BGR,2020-08,KTR,-22.170548387096776
Bulgaria,BGR,2020-08,SAP,1.857225806451613
Bulgaria,BGR,2020-09,RCF,1.2857333333333334
Bulgaria,BGR,2020-09,TP,1.8047666666666666
Bulgaria,BGR,2020-09,KTR,-19.571466666666666
Bulgaria,BGR,2020-09,SAP,3.7904666666666667
Bulgaria,BGR,2020-10,RCF,-10.926258064516128
Bulgaria,BGR,2020-10,TP,7.958516129032258
Bulgaria,BGR,2020-10,KTR,-12.211967741935485
Bulgaria,BGR,2020-10,SAP,6.433290322580644
Bulgaria,BGR,2020-11,RCF,-26.357233333333333
Bulgaria,BGR,2020-11,TP,-15.247566666666668
Bulgaria,BGR,2020-11,KTR,-23.80003333333333
Bulgaria,BGR,2020-11,SAP,-0.9286
Bulgaria,BGR,2020-12,RCF,-42.75577419354839
Bulgaria,BGR,2020-12,TP,-26.294999999999998
Bulgaria,BGR,2020-12,KTR,-36.78796774193548
Bulgaria,BGR,2020-12,SAP,-2.4285806451612904
Bulgaria,BGR,2021-01,RCF,-45.7833870967742
Bulgaria,BGR,2021-01,TP,-26.77416129032258
Bulgaria,BGR,2021-01,KTR,-32.65441935483871
Bulgaria,BGR,2021-01,SAP,-7.511516129032258
Bulgaria,BGR,2021-02,RCF,-38.50517857142857
Bulgaria,BGR,2021-02,TP,-13.020428571428571
Bulgaria,BGR,2021-02,KTR,-24.841785714285717
Bulgaria,BGR,2021-02,SAP,-0.22446428571428578
Bulgaria,BGR,2021-03,RCF,-31.640516129032257
Bulgaria,BGR,2021-03,TP,-10.023000000000001
Bulgaria,BGR,2021-03,KTR,-25.63132258064516
Bulgaria,BGR,2021-03,SAP,4.050709677419355
Bulgaria,BGR,2021-04,RCF,-26.590466666666664
Bulgaria,BGR,2021-04,TP,-2.3142
Bulgaria,BGR,2021-04,KTR,-22.0429
Bulgaria,BGR,2021-04,SAP,9.757233333333334
Bulgaria,BGR,2021-05,RCF,-8.875548387096774
Bulgaria,BGR,2021-05,TP,8.419354838709678
Bulgaria,BGR,2021-05,KTR,-23.995354838709677
Bulgaria,BGR,2021-05,SAP,16.65438709677419
Bulgaria,BGR,2021-06,RCF,-3.2143333333333333
Bulgaria,BGR,2021-06,TP,26.10953333333333
Bulgaria,BGR,2021-06,KTR,-10.433333333333334
Bulgaria,BGR,2021-06,SAP,20.795233333333332
Bulgaria,BGR,2021-07,RCF,6.4516451612903225
Bulgaria,BGR,2021-07,TP,31.437870967741933
Bulgaria,BGR,2021-07,KTR,-18.43325806451613
Bulgaria,BGR,2021-07,SAP,24.861741935483874
Bulgaria,BGR,2021-08,RCF,12.852516129032258
Bulgaria,BGR,2021-08,TP,32.917
Bulgaria,BGR,2021-08,KTR,-22.133612903225806
Bulgaria,BGR,2021-08,SAP,29.69590322580645
Bulgaria,BGR,2021-09,RCF,2.914266666666667
Bulgaria,BGR,2021-09,TP,30.633366666666667
Bulgaria,BGR,2021-09,KTR,-19.4143
Bulgaria,BGR,2021-09,SAP,26.8571
Bulgaria,BGR,2021-10,RCF,-15.91248387096774
Bulgaria,BGR,2021-10,TP,15.709645161290323
Bulgaria,BGR,2021-10,KTR,-18.38703225806452
Bulgaria,BGR,2021-10,SAP,18.612903225806452
Bulgaria,BGR,2021-11,RCF,-25.676033333333333
Bulgaria,BGR,2021-11,TP,7.5904
Bulgaria,BGR,2021-11,KTR,-22.419033333333335
Bulgaria,BGR,2021-11,SAP,15.666766666666666
Bulgaria,BGR,2021-12,RCF,-23.428612903225808
Bulgaria,BGR,2021-12,TP,7.313225806451613
Bulgaria,BGR,2021-12,KTR,-24.193612903225805
Bulgaria,BGR,2021-12,SAP,16.972354838709677
Bulgaria,BGR,2022-01,RCF,-30.19816129032258
Bulgaria,BGR,2022-01,TP,-2.972387096774194
Bulgaria,BGR,2022-01,KTR,-26.714225806451612
Bulgaria,BGR,2022-01,SAP,10.368677419354837
Bulgaria,BGR,2022-02,RCF,-23.540785714285715
Bulgaria,BGR,2022-02,TP,7.4235
Bulgaria,BGR,2022-02,KTR,-18.040785714285715
Bulgaria,BGR,2022-02,SAP,14.357142857142858
Bulgaria,BGR,2022-03,RCF,-24.626709677419356
Bulgaria,BGR,2022-03,TP,12.281161290322581
Bulgaria,BGR,2022-03,KTR,-12.552903225806451
Bulgaria,BGR,2022-03,SAP,11.889387096774193
Bulgaria,BGR,2022-04,RCF,-17.447666666666667
Bulgaria,BGR,2022-04,TP,21.6
Bulgaria,BGR,2022-04,KTR,-15.457133333333333
Bulgaria,BGR,2022-04,SAP,15.761866666666666
Bulgaria,BGR,2022-05,RCF,-9.110612903225805
Bulgaria,BGR,2022-05,TP,31.516
Bulgaria,BGR,2022-05,KTR,-12.612870967741934
Bulgaria,BGR,2022-05,SAP,21.84783870967742
Bulgaria,BGR,2022-06,RCF,-6.942833333333334
Bulgaria,BGR,2022-06,TP,38.27616666666667
Bulgaria,BGR,2022-06,KTR,-6.495233333333333
Bulgaria,BGR,2022-06,SAP,22.814200000000003
Bulgaria,BGR,2022-07,RCF,-2.2713
Bulgaria,BGR,2022-07,TP,40.84295
Bulgaria,BGR,2022-07,KTR,-12.08565
Bulgaria,BGR,2022-07,SAP,25.450049999999997
Burkina Faso,BFA,2020-02,RCF,1.5146923076923076
Burkina Faso,BFA,2020-02,TP,-1.5913076923076923
Burkina Faso,BFA,2020-02,KTR,3.537153846153846
Burkina Faso,BFA,2020-02,SAP,0.00792307692307693
Burkina Faso,BFA,2020-03,RCF,-7.4516451612903225
Burkina Faso,BFA,2020-03,TP,-10.368677419354837
Burkina Faso,BFA,2020-03,KTR,-4.0646129032258065
Burkina Faso,BFA,2020-03,SAP,-4.884870967741935
Burkina Faso,BFA,2020-04,RCF,-27.5953
Burkina Faso,BFA,2020-04,TP,-43.700066666666665
Burkina Faso,BFA,2020-04,KTR,-14.981
Burkina Faso,BFA,2020-04,SAP,-21.033333333333335
Burkina Faso,BFA,2020-05,RCF,-15.548387096774194
Burkina Faso,BFA,2020-05,TP,-28.806354838709677
Burkina Faso,BFA,2020-05,KTR,-5.027677419354839
Burkina Faso,BFA,2020-05,SAP,-8.350225806451613
Burkina Faso,BFA,2020-06,RCF,2.895233333333333
Burkina Faso,BFA,2020-06,TP,-16.438133333333333
Burkina Faso,BFA,2020-06,KTR,3.6047999999999996
Burkina Faso,BFA,2020-06,SAP,3.1142666666666665
Burkina Faso,BFA,2020-07,RCF,10.336354838709678
Burkina Faso,BFA,2020-07,TP,-6.6405806451612905
Burkina Faso,BFA,2020-07,KTR,2.4239354838709675
Burkina Faso,BFA,2020-07,SAP,3.6681290322580646
Burkina Faso,BFA,2020-08,RCF,15.07055
Burkina Faso,BFA,2020-08,TP,4.1108
Burkina Faso,BFA,2020-08,KTR,-5.087516129032258
Burkina Faso,BFA,2020-08,SAP,8.884774193548386
Burkina Faso,BFA,2020-09,RCF,19.727166666666665
Burkina Faso,BFA,2020-09,TP,11.538611111111111
Burkina Faso,BFA,2020-09,KTR,-3.2952
Burkina Faso,BFA,2020-09,SAP,24.65716666666667
Burkina Faso,BFA,2020-10,RCF,4.8985806451612905
Burkina Faso,BFA,2020-10,TP,6.788
Burkina Faso,BFA,2020-10,KTR,-7.539096774193548
Burkina Faso,BFA,2020-10,SAP,48.8388064516129
Burkina Faso,BFA,2020-11,RCF,8.723766666666668
Burkina Faso,BFA,2020-11,TP,4.5714
Burkina Faso,BFA,2020-11,KTR,-1.9238666666666668
Burkina Faso,BFA,2020-11,SAP,55.18576666666667
Burkina Faso,BFA,2020-12,RCF,12.732806451612904
Burkina Faso,BFA,2020-12,TP,23.285741935483873
Burkina Faso,BFA,2020-12,KTR,-0.4838709677419355
Burkina Faso,BFA,2020-12,SAP,69.77883870967743
Burkina Faso,BFA,2021-01,RCF,15.35483870967742
Burkina Faso,BFA,2021-01,TP,20.175129032258063
Burkina Faso,BFA,2021-01,KTR,1.0046451612903229
Burkina Faso,BFA,2021-01,SAP,63.94467741935484
Burkina Faso,BFA,2021-02,RCF,14.622428571428571
Burkina Faso,BFA,2021-02,TP,13.38775
Burkina Faso,BFA,2021-02,KTR,3.4388571428571426
Burkina Faso,BFA,2021-02,SAP,63.89292857142857
Burkina Faso,BFA,2021-03,RCF,19.442290322580646
Burkina Faso,BFA,2021-03,TP,19.29493548387097
Burkina Faso,BFA,2021-03,KTR,4.718870967741935
Burkina Faso,BFA,2021-03,SAP,69.18435483870968
Burkina Faso,BFA,2021-04,RCF,20.16193333333333
Burkina Faso,BFA,2021-04,TP,28.81433333333333
Burkina Faso,BFA,2021-04,KTR,4.9761
Burkina Faso,BFA,2021-04,SAP,75.02860000000001
Burkina Faso,BFA,2021-05,RCF,29.05077419354839
Burkina Faso,BFA,2021-05,TP,31.82483870967742
Burkina Faso,BFA,2021-05,KTR,8.70032258064516
Burkina Faso,BFA,2021-05,SAP,91.19354838709677
Burkina Faso,BFA,2021-06,RCF,45.02383333333333
Burkina Faso,BFA,2021-06,TP,43.000033333333334
Burkina Faso,BFA,2021-06,KTR,12.909566666666667
Burkina Faso,BFA,2021-06,SAP,108.1858
Burkina Faso,BFA,2021-07,RCF,48.424
Burkina Faso,BFA,2021-07,TP,51.89858064516129
Burkina Faso,BFA,2021-07,KTR,9.0
Burkina Faso,BFA,2021-07,SAP,116.88016129032258
Burkina Faso,BFA,2021-08,RCF,50.963032258064516
Burkina Faso,BFA,2021-08,TP,56.912451612903226
Burkina Faso,BFA,2021-08,KTR,4.917064516129033
Burkina Faso,BFA,2021-08,SAP,126.47935483870968
Burkina Faso,BFA,2021-09,RCF,56.39046666666666
Burkina Faso,BFA,2021-09,TP,54.95233333333333
Burkina Faso,BFA,2021-09,KTR,11.8476
Burkina Faso,BFA,2021-09,SAP,129.6524
Burkina Faso,BFA,2021-10,RCF,55.88487096774194
Burkina Faso,BFA,2021-10,TP,49.63129032258065
Burkina Faso,BFA,2021-10,KTR,13.91709677419355
Burkina Faso,BFA,2021-10,SAP,126.78803225806452
Burkina Faso,BFA,2021-11,RCF,38.63816666666666
Burkina Faso,BFA,2021-11,TP,27.071399999999997
Burkina Faso,BFA,2021-11,KTR,7.085700000000001
Burkina Faso,BFA,2021-11,SAP,93.84273333333334
Burkina Faso,BFA,2021-12,RCF,68.11061290322581
Burkina Faso,BFA,2021-12,TP,56.58987096774194
Burkina Faso,BFA,2021-12,KTR,30.737387096774196
Burkina Faso,BFA,2021-12,SAP,142.8201935483871
Burkina Faso,BFA,2022-01,RCF,66.96767741935484
Burkina Faso,BFA,2022-01,TP,48.783354838709684
Burkina Faso,BFA,2022-01,KTR,38.58516129032258
Burkina Faso,BFA,2022-01,SAP,137.55764516129034
Burkina Faso,BFA,2022-02,RCF,84.97442857142858
Burkina Faso,BFA,2022-02,TP,52.12753571428571
Burkina Faso,BFA,2022-02,KTR,67.95403571428571
Burkina Faso,BFA,2022-02,SAP,141.76532142857144
Burkina Faso,BFA,2022-03,RCF,126.70974193548388
Burkina Faso,BFA,2022-03,TP,86.74654838709678
Burkina Faso,BFA,2022-03,KTR,90.18438709677419
Burkina Faso,BFA,2022-03,SAP,196.11977419354838
Burkina Faso,BFA,2022-04,RCF,121.8571
Burkina Faso,BFA,2022-04,TP,86.34753333333333
Burkina Faso,BFA,2022-04,KTR,98.42856666666667
Burkina Faso,BFA,2022-04,SAP,191.74763333333334
Burkina Faso,BFA,2022-05,RCF,132.19809677419354
Burkina Faso,BFA,2022-05,TP,91.5806129032258
Burkina Faso,BFA,2022-05,KTR,90.11054838709678
Burkina Faso,BFA,2022-05,SAP,201.77422580645162
Burkina Faso,BFA,2022-06,RCF,128.86186666666666
Burkina Faso,BFA,2022-06,TP,97.33333333333333
Burkina Faso,BFA,2022-06,KTR,86.40473333333333
Burkina Faso,BFA,2022-06,SAP,196.43813333333335
Burkina Faso,BFA,2022-07,RCF,128.80705
Burkina Faso,BFA,2022-07,TP,101.74289999999999
Burkina Faso,BFA,2022-07,KTR,76.4285
Burkina Faso,BFA,2022-07,SAP,194.0286
Cambodia,KHM,2020-02,RCF,-0.6553076923076924
Cambodia,KHM,2020-02,TP,-19.93307692307692
Cambodia,KHM,2020-02,KTR,4.998615384615385
Cambodia,KHM,2020-02,SAP,-0.9306153846153846
Cambodia,KHM,2020-03,RCF,-14.820258064516128
Cambodia,KHM,2020-03,TP,-31.79267741935484
Cambodia,KHM,2020-03,KTR,-4.8064193548387095
Cambodia,KHM,2020-03,SAP,-7.732709677419355
Cambodia,KHM,2020-04,RCF,-39.42386666666666
Cambodia,KHM,2020-04,TP,-56.714333333333336
Cambodia,KHM,2020-04,KTR,-27.4857
Cambodia,KHM,2020-04,SAP,-25.676133333333333
Cambodia,KHM,2020-05,RCF,-26.414709677419356
Cambodia,KHM,2020-05,TP,-46.511548387096774
Cambodia,KHM,2020-05,KTR,-21.84332258064516
Cambodia,KHM,2020-05,SAP,-16.33183870967742
Cambodia,KHM,2020-06,RCF,-19.552366666666668
Cambodia,KHM,2020-06,TP,-42.55233333333333
Cambodia,KHM,2020-06,KTR,-16.552433333333333
Cambodia,KHM,2020-06,SAP,-12.4
Cambodia,KHM,2020-07,RCF,-15.977
Cambodia,KHM,2020-07,TP,-41.99532258064516
Cambodia,KHM,2020-07,KTR,-16.67277419354839
Cambodia,KHM,2020-07,SAP,-10.525354838709678
Cambodia,KHM,2020-08,RCF,-13.893870967741934
Cambodia,KHM,2020-08,TP,-40.26722580645161
Cambodia,KHM,2020-08,KTR,-23.534612903225806
Cambodia,KHM,2020-08,SAP,-9.456161290322582
Cambodia,KHM,2020-09,RCF,-14.9524
Cambodia,KHM,2020-09,TP,-40.57143333333333
Cambodia,KHM,2020-09,KTR,-26.352433333333334
Cambodia,KHM,2020-09,SAP,-9.804733333333333
Cambodia,KHM,2020-10,RCF,-14.373290322580646
Cambodia,KHM,2020-10,TP,-42.534612903225806
Cambodia,KHM,2020-10,KTR,-18.03690322580645
Cambodia,KHM,2020-10,SAP,-9.488516129032257
Cambodia,KHM,2020-11,RCF,-14.090433333333333
Cambodia,KHM,2020-11,TP,-40.64763333333334
Cambodia,KHM,2020-11,KTR,-18.99523333333333
Cambodia,KHM,2020-11,SAP,-10.2524
Cambodia,KHM,2020-12,RCF,-25.193483870967743
Cambodia,KHM,2020-12,TP,-45.39632258064516
Cambodia,KHM,2020-12,KTR,-19.14290322580645
Cambodia,KHM,2020-12,SAP,-14.668225806451613
Cambodia,KHM,2021-01,RCF,-13.92158064516129
Cambodia,KHM,2021-01,TP,-39.24890322580645
Cambodia,KHM,2021-01,KTR,-17.612838709677423
Cambodia,KHM,2021-01,SAP,-9.0
Cambodia,KHM,2021-02,RCF,-9.678535714285715
Cambodia,KHM,2021-02,TP,-40.68367857142857
Cambodia,KHM,2021-02,KTR,-15.632607142857143
Cambodia,KHM,2021-02,SAP,-6.06125
Cambodia,KHM,2021-03,RCF,-31.442451612903227
Cambodia,KHM,2021-03,TP,-53.576129032258066
Cambodia,KHM,2021-03,KTR,-23.94932258064516
Cambodia,KHM,2021-03,SAP,-21.262645161290326
Cambodia,KHM,2021-04,RCF,-54.281
Cambodia,KHM,2021-04,TP,-66.51896666666667
Cambodia,KHM,2021-04,KTR,-47.9238
Cambodia,KHM,2021-04,SAP,-39.59996666666667
Cambodia,KHM,2021-05,RCF,-46.57148387096774
Cambodia,KHM,2021-05,TP,-59.60364516129032
Cambodia,KHM,2021-05,KTR,-43.9861935483871
Cambodia,KHM,2021-05,SAP,-37.649741935483874
Cambodia,KHM,2021-06,RCF,-26.966666666666665
Cambodia,KHM,2021-06,TP,-49.87623333333333
Cambodia,KHM,2021-06,KTR,-27.361800000000002
Cambodia,KHM,2021-06,SAP,-22.757066666666667
Cambodia,KHM,2021-07,RCF,-28.419225806451614
Cambodia,KHM,2021-07,TP,-52.21658064516129
Cambodia,KHM,2021-07,KTR,-27.912419354838708
Cambodia,KHM,2021-07,SAP,-26.50232258064516
Cambodia,KHM,2021-08,RCF,-29.400903225806452
Cambodia,KHM,2021-08,TP,-52.488451612903226
Cambodia,KHM,2021-08,KTR,-26.848
Cambodia,KHM,2021-08,SAP,-25.963129032258063
Cambodia,KHM,2021-09,RCF,-22.771433333333334
Cambodia,KHM,2021-09,TP,-51.66186666666667
Cambodia,KHM,2021-09,KTR,-25.962
Cambodia,KHM,2021-09,SAP,-20.609466666666666
Cambodia,KHM,2021-10,RCF,-20.419354838709676
Cambodia,KHM,2021-10,TP,-49.442419354838705
Cambodia,KHM,2021-10,KTR,-32.32716129032258
Cambodia,KHM,2021-10,SAP,-18.317999999999998
Cambodia,KHM,2021-11,RCF,-7.419066666666667
Cambodia,KHM,2021-11,TP,-42.49046666666666
Cambodia,KHM,2021-11,KTR,-24.785666666666668
Cambodia,KHM,2021-11,SAP,-10.4
Cambodia,KHM,2021-12,RCF,0.4285806451612903
Cambodia,KHM,2021-12,TP,-37.76032258064516
Cambodia,KHM,2021-12,KTR,-6.843322580645161
Cambodia,KHM,2021-12,SAP,-6.142903225806452
Cambodia,KHM,2022-01,RCF,3.737322580645161
Cambodia,KHM,2022-01,TP,-34.271903225806454
Cambodia,KHM,2022-01,KTR,-2.161225806451613
Cambodia,KHM,2022-01,SAP,-2.0922258064516126
Cambodia,KHM,2022-02,RCF,2.1479285714285714
Cambodia,KHM,2022-02,TP,-37.62246428571429
Cambodia,KHM,2022-02,KTR,0.2040357142857143
Cambodia,KHM,2022-02,SAP,-3.05625
Cambodia,KHM,2022-03,RCF,4.921645161290322
Cambodia,KHM,2022-03,TP,-34.64064516129033
Cambodia,KHM,2022-03,KTR,13.580645161290322
Cambodia,KHM,2022-03,SAP,-1.9354193548387095
Cambodia,KHM,2022-04,RCF,8.995266666666668
Cambodia,KHM,2022-04,TP,-25.15243333333333
Cambodia,KHM,2022-04,KTR,4.714333333333333
Cambodia,KHM,2022-04,SAP,1.5000333333333333
Cambodia,KHM,2022-05,RCF,12.0
Cambodia,KHM,2022-05,TP,-27.124387096774193
Cambodia,KHM,2022-05,KTR,19.977
Cambodia,KHM,2022-05,SAP,-0.09225806451612904
Cambodia,KHM,2022-06,RCF,11.1761
Cambodia,KHM,2022-06,TP,-25.8476
Cambodia,KHM,2022-06,KTR,20.65716666666667
Cambodia,KHM,2022-06,SAP,0.0905
Cambodia,KHM,2022-07,RCF,10.25005
Cambodia,KHM,2022-07,TP,-27.071499999999997
Cambodia,KHM,2022-07,KTR,25.95015
Cambodia,KHM,2022-07,SAP,-1.0214
Cameroon,CMR,2020-02,RCF,-3.829923076923077
Cameroon,CMR,2020-02,TP,-0.5833846153846154
Cameroon,CMR,2020-02,KTR,1.0686153846153845
Cameroon,CMR,2020-02,SAP,-0.755
Cameroon,CMR,2020-03,RCF,-8.373225806451613
Cameroon,CMR,2020-03,TP,-3.6773870967741935
Cameroon,CMR,2020-03,KTR,-1.8064516129032258
Cameroon,CMR,2020-03,SAP,-4.285774193548387
Cameroon,CMR,2020-04,RCF,-25.918966666666666
Cameroon,CMR,2020-04,TP,-23.585733333333334
Cameroon,CMR,2020-04,KTR,-15.376166666666666
Cameroon,CMR,2020-04,SAP,-18.7667
Cameroon,CMR,2020-05,RCF,-17.318032258064516
Cameroon,CMR,2020-05,TP,-16.101322580645164
Cameroon,CMR,2020-05,KTR,-13.391774193548386
Cameroon,CMR,2020-05,SAP,-12.91248387096774
Cameroon,CMR,2020-06,RCF,-9.200033333333332
Cameroon,CMR,2020-06,TP,-4.6952
Cameroon,CMR,2020-06,KTR,-5.480933333333334
Cameroon,CMR,2020-06,SAP,-6.433333333333334
Cameroon,CMR,2020-07,RCF,-5.082967741935484
Cameroon,CMR,2020-07,TP,5.728161290322581
Cameroon,CMR,2020-07,KTR,-7.262741935483871
Cameroon,CMR,2020-07,SAP,-2.9723548387096774
Cameroon,CMR,2020-08,RCF,1.4839032258064515
Cameroon,CMR,2020-08,TP,14.147483870967742
Cameroon,CMR,2020-08,KTR,-10.589709677419355
Cameroon,CMR,2020-08,SAP,1.7971612903225807
Cameroon,CMR,2020-09,RCF,0.4380333333333334
Cameroon,CMR,2020-09,TP,17.96673333333333
Cameroon,CMR,2020-09,KTR,-11.785766666666666
Cameroon,CMR,2020-09,SAP,2.4476
Cameroon,CMR,2020-10,RCF,-5.331774193548387
Cameroon,CMR,2020-10,TP,21.511516129032255
Cameroon,CMR,2020-10,KTR,-12.866354838709679
Cameroon,CMR,2020-10,SAP,8.447064516129032
Cameroon,CMR,2020-11,RCF,-6.8666
Cameroon,CMR,2020-11,TP,22.128666666666668
Cameroon,CMR,2020-11,KTR,-8.7714
Cameroon,CMR,2020-11,SAP,5.4762
Cameroon,CMR,2020-12,RCF,-1.4378064516129032
Cameroon,CMR,2020-12,TP,34.79719354838709
Cameroon,CMR,2020-12,KTR,-10.046032258064518
Cameroon,CMR,2020-12,SAP,16.39625806451613
Cameroon,CMR,2021-01,RCF,-8.447032258064516
Cameroon,CMR,2021-01,TP,23.682
Cameroon,CMR,2021-01,KTR,-16.05993548387097
Cameroon,CMR,2021-01,SAP,8.866387096774194
Cameroon,CMR,2021-02,RCF,-11.806107142857144
Cameroon,CMR,2021-02,TP,13.433785714285715
Cameroon,CMR,2021-02,KTR,-20.979535714285714
Cameroon,CMR,2021-02,SAP,6.882785714285714
Cameroon,CMR,2021-03,RCF,-7.686645161290323
Cameroon,CMR,2021-03,TP,19.447
Cameroon,CMR,2021-03,KTR,-17.889387096774193
Cameroon,CMR,2021-03,SAP,14.953967741935482
Cameroon,CMR,2021-04,RCF,-2.4238
Cameroon,CMR,2021-04,TP,30.271366666666665
Cameroon,CMR,2021-04,KTR,-14.814300000000001
Cameroon,CMR,2021-04,SAP,24.290399999999998
Cameroon,CMR,2021-05,RCF,4.447
Cameroon,CMR,2021-05,TP,39.746483870967744
Cameroon,CMR,2021-05,KTR,-11.170483870967743
Cameroon,CMR,2021-05,SAP,34.562225806451615
Cameroon,CMR,2021-06,RCF,13.704733333333333
Cameroon,CMR,2021-06,TP,45.104733333333336
Cameroon,CMR,2021-06,KTR,-6.4999666666666664
Cameroon,CMR,2021-06,SAP,45.052366666666664
Cameroon,CMR,2021-07,RCF,14.953870967741935
Cameroon,CMR,2021-07,TP,51.45622580645161
Cameroon,CMR,2021-07,KTR,-11.317935483870967
Cameroon,CMR,2021-07,SAP,51.06
Cameroon,CMR,2021-08,RCF,18.387064516129033
Cameroon,CMR,2021-08,TP,58.907806451612906
Cameroon,CMR,2021-08,KTR,-10.258032258064517
Cameroon,CMR,2021-08,SAP,55.382451612903225
Cameroon,CMR,2021-09,RCF,16.0381
Cameroon,CMR,2021-09,TP,56.0334
Cameroon,CMR,2021-09,KTR,-6.152433333333334
Cameroon,CMR,2021-09,SAP,56.928599999999996
Cameroon,CMR,2021-10,RCF,16.294935483870965
Cameroon,CMR,2021-10,TP,54.79270967741936
Cameroon,CMR,2021-10,KTR,-3.5161935483870965
Cameroon,CMR,2021-10,SAP,52.6451935483871
Cameroon,CMR,2021-11,RCF,19.452333333333335
Cameroon,CMR,2021-11,TP,60.138
Cameroon,CMR,2021-11,KTR,1.4095666666666666
Cameroon,CMR,2021-11,SAP,57.09526666666667
Cameroon,CMR,2021-12,RCF,24.15206451612903
Cameroon,CMR,2021-12,TP,67.18893548387096
Cameroon,CMR,2021-12,KTR,2.064516129032258
Cameroon,CMR,2021-12,SAP,63.907870967741935
Cameroon,CMR,2022-01,RCF,25.944612903225806
Cameroon,CMR,2022-01,TP,60.714290322580645
Cameroon,CMR,2022-01,KTR,9.686645161290322
Cameroon,CMR,2022-01,SAP,57.912451612903226
Cameroon,CMR,2022-02,RCF,24.382678571428574
Cameroon,CMR,2022-02,TP,60.13775
Cameroon,CMR,2022-02,KTR,17.515357142857145
Cameroon,CMR,2022-02,SAP,55.80614285714286
Cameroon,CMR,2022-03,RCF,39.82941935483871
Cameroon,CMR,2022-03,TP,77.52529032258064
Cameroon,CMR,2022-03,KTR,31.354806451612905
Cameroon,CMR,2022-03,SAP,71.99996774193548
Cameroon,CMR,2022-04,RCF,42.785666666666664
Cameroon,CMR,2022-04,TP,83.4572
Cameroon,CMR,2022-04,KTR,32.623799999999996
Cameroon,CMR,2022-04,SAP,77.62373333333333
Cameroon,CMR,2022-05,RCF,41.66358064516129
Cameroon,CMR,2022-05,TP,79.1198064516129
Cameroon,CMR,2022-05,KTR,28.714354838709678
Cameroon,CMR,2022-05,SAP,76.29035483870969
Cameroon,CMR,2022-06,RCF,41.5287
Cameroon,CMR,2022-06,TP,79.1572
Cameroon,CMR,2022-06,KTR,32.6333
Cameroon,CMR,2022-06,SAP,78.6667
Cameroon,CMR,2022-07,RCF,42.84995
Cameroon,CMR,2022-07,TP,84.28569999999999
Cameroon,CMR,2022-07,KTR,27.79275
Cameroon,CMR,2022-07,SAP,82.35715
Canada,CAN,2020-02,RCF,2.313153846153846
Canada,CAN,2020-02,TP,-1.9685384615384616
Canada,CAN,2020-02,KTR,-4.508769230769231
Canada,CAN,2020-02,SAP,1.1676153846153847
Canada,CAN,2020-03,RCF,-17.271935483870966
Canada,CAN,2020-03,TP,-25.838806451612903
Canada,CAN,2020-03,KTR,-18.53458064516129
Canada,CAN,2020-03,SAP,1.0415161290322583
Canada,CAN,2020-04,RCF,-53.6142
Canada,CAN,2020-04,TP,-66.5381
Canada,CAN,2020-04,KTR,-56.071466666666666
Canada,CAN,2020-04,SAP,-24.561933333333332
Canada,CAN,2020-05,RCF,-39.258
Canada,CAN,2020-05,TP,-56.76496774193548
Canada,CAN,2020-05,KTR,-45.84329032258065
Canada,CAN,2020-05,SAP,-11.640548387096773
Canada,CAN,2020-06,RCF,-22.395266666666668
Canada,CAN,2020-06,TP,-45.65703333333333
Canada,CAN,2020-06,KTR,-32.485733333333336
Canada,CAN,2020-06,SAP,-1.3000333333333332
Canada,CAN,2020-07,RCF,-13.331838709677418
Canada,CAN,2020-07,TP,-41.75577419354839
Canada,CAN,2020-07,KTR,-32.49767741935484
Canada,CAN,2020-07,SAP,2.9170645161290323
Canada,CAN,2020-08,RCF,-11.24883870967742
Canada,CAN,2020-08,TP,-40.645322580645164
Canada,CAN,2020-08,KTR,-32.05067741935484
Canada,CAN,2020-08,SAP,1.4285483870967741
Canada,CAN,2020-09,RCF,-12.328533333333333
Canada,CAN,2020-09,TP,-40.8572
Canada,CAN,2020-09,KTR,-28.242900000000002
Canada,CAN,2020-09,SAP,-0.7046333333333333
Canada,CAN,2020-10,RCF,-19.640645161290323
Canada,CAN,2020-10,TP,-46.07832258064516
Canada,CAN,2020-10,KTR,-26.096741935483873
Canada,CAN,2020-10,SAP,-2.479258064516129
Canada,CAN,2020-11,RCF,-22.3048
Canada,CAN,2020-11,TP,-49.06653333333334
Canada,CAN,2020-11,KTR,-25.590533333333333
Canada,CAN,2020-11,SAP,-4.7809333333333335
Canada,CAN,2020-12,RCF,-27.294967741935483
Canada,CAN,2020-12,TP,-55.03225806451613
Canada,CAN,2020-12,KTR,-33.45625806451613
Canada,CAN,2020-12,SAP,-3.2119677419354837
Canada,CAN,2021-01,RCF,-43.147451612903225
Canada,CAN,2021-01,TP,-62.580548387096776
Canada,CAN,2021-01,KTR,-38.626677419354834
Canada,CAN,2021-01,SAP,-15.903354838709678
Canada,CAN,2021-02,RCF,-37.54075
Canada,CAN,2021-02,TP,-60.85214285714286
Canada,CAN,2021-02,KTR,-32.801
Canada,CAN,2021-02,SAP,-12.443928571428572
Canada,CAN,2021-03,RCF,-24.400935483870967
Canada,CAN,2021-03,TP,-54.53
Canada,CAN,2021-03,KTR,-27.788129032258066
Canada,CAN,2021-03,SAP,-5.101322580645161
Canada,CAN,2021-04,RCF,-27.45713333333333
Canada,CAN,2021-04,TP,-55.3618
Canada,CAN,2021-04,KTR,-31.938100000000002
Canada,CAN,2021-04,SAP,-2.6190333333333333
Canada,CAN,2021-05,RCF,-22.62674193548387
Canada,CAN,2021-05,TP,-53.3271935483871
Canada,CAN,2021-05,KTR,-31.15664516129032
Canada,CAN,2021-05,SAP,5.004612903225807
Canada,CAN,2021-06,RCF,-11.504766666666667
Canada,CAN,2021-06,TP,-49.0905
Canada,CAN,2021-06,KTR,-26.166533333333334
Canada,CAN,2021-06,SAP,11.976233333333333
Canada,CAN,2021-07,RCF,-3.4424516129032257
Canada,CAN,2021-07,TP,-44.07841935483871
Canada,CAN,2021-07,KTR,-31.018290322580647
Canada,CAN,2021-07,SAP,13.092129032258065
Canada,CAN,2021-08,RCF,-0.511483870967742
Canada,CAN,2021-08,TP,-39.944709677419354
Canada,CAN,2021-08,KTR,-28.88016129032258
Canada,CAN,2021-08,SAP,12.78341935483871
Canada,CAN,2021-09,RCF,-0.5571999999999999
Canada,CAN,2021-09,TP,-37.22866666666667
Canada,CAN,2021-09,KTR,-25.680966666666666
Canada,CAN,2021-09,SAP,10.309533333333333
Canada,CAN,2021-10,RCF,-2.811032258064516
Canada,CAN,2021-10,TP,-38.16129032258065
Canada,CAN,2021-10,KTR,-21.658967741935484
Canada,CAN,2021-10,SAP,7.525290322580645
Canada,CAN,2021-11,RCF,-3.0951999999999997
Canada,CAN,2021-11,TP,-38.63806666666667
Canada,CAN,2021-11,KTR,-19.171366666666664
Canada,CAN,2021-11,SAP,4.633266666666667
Canada,CAN,2021-12,RCF,-4.732709677419355
Canada,CAN,2021-12,TP,-43.1151935483871
Canada,CAN,2021-12,KTR,-26.13351612903226
Canada,CAN,2021-12,SAP,7.571483870967742
Canada,CAN,2022-01,RCF,-26.483870967741936
Canada,CAN,2022-01,TP,-54.66358064516129
Canada,CAN,2022-01,KTR,-35.23035483870968
Canada,CAN,2022-01,SAP,-5.562129032258064
Canada,CAN,2022-02,RCF,-17.010142857142856
Canada,CAN,2022-02,TP,-46.673571428571435
Canada,CAN,2022-02,KTR,-23.096964285714286
Canada,CAN,2022-02,SAP,-3.4133214285714284
Canada,CAN,2022-03,RCF,-10.603741935483871
Canada,CAN,2022-03,TP,-43.811064516129036
Canada,CAN,2022-03,KTR,-19.377903225806453
Canada,CAN,2022-03,SAP,-3.405483870967742
Canada,CAN,2022-04,RCF,-6.571466666666667
Canada,CAN,2022-04,TP,-41.2667
Canada,CAN,2022-04,KTR,-20.195133333333334
Canada,CAN,2022-04,SAP,1.2286000000000001
Canada,CAN,2022-05,RCF,3.89858064516129
Canada,CAN,2022-05,TP,-33.11983870967742
Canada,CAN,2022-05,KTR,-17.585322580645162
Canada,CAN,2022-05,SAP,8.843225806451612
Canada,CAN,2022-06,RCF,6.452366666666666
Canada,CAN,2022-06,TP,-26.80483333333333
Canada,CAN,2022-06,KTR,-15.5525
Canada,CAN,2022-06,SAP,11.109566666666666
Canada,CAN,2022-07,RCF,7.20715
Canada,CAN,2022-07,TP,-24.61425
Canada,CAN,2022-07,KTR,-25.099899999999998
Canada,CAN,2022-07,SAP,12.89995
Cape Verde,CPV,2020-02,RCF,-0.361
Cape Verde,CPV,2020-02,TP,-6.624230769230769
Cape Verde,CPV,2020-02,KTR,-5.3371538461538455
Cape Verde,CPV,2020-02,SAP,-2.621
Cape Verde,CPV,2020-03,RCF,-14.686645161290322
Cape Verde,CPV,2020-03,TP,-26.027645161290323
Cape Verde,CPV,2020-03,KTR,-8.90783870967742
Cape Verde,CPV,2020-03,SAP,-9.410129032258064
Cape Verde,CPV,2020-04,RCF,-62.43813333333333
Cape Verde,CPV,2020-04,TP,-82.44766666666666
Cape Verde,CPV,2020-04,KTR,-56.857166666666664
Cape Verde,CPV,2020-04,SAP,-48.71423333333333
Cape Verde,CPV,2020-05,RCF,-50.91712903225807
Cape Verde,CPV,2020-05,TP,-69.38248387096775
Cape Verde,CPV,2020-05,KTR,-44.580774193548386
Cape Verde,CPV,2020-05,SAP,-36.5438064516129
Cape Verde,CPV,2020-06,RCF,-41.94273333333333
Cape Verde,CPV,2020-06,TP,-68.3381
Cape Verde,CPV,2020-06,KTR,-30.3428
Cape Verde,CPV,2020-06,SAP,-23.776200000000003
Cape Verde,CPV,2020-07,RCF,-40.73280645161291
Cape Verde,CPV,2020-07,TP,-64.13825806451614
Cape Verde,CPV,2020-07,KTR,-29.852516129032256
Cape Verde,CPV,2020-07,SAP,-23.9678064516129
Cape Verde,CPV,2020-08,RCF,-39.570299999999996
Cape Verde,CPV,2020-08,TP,-62.61280000000001
Cape Verde,CPV,2020-08,KTR,-34.29058620689655
Cape Verde,CPV,2020-08,SAP,-23.435200000000002
Cape Verde,CPV,2020-09,RCF,-31.72105555555556
Cape Verde,CPV,2020-09,TP,-58.915
Cape Verde,CPV,2020-09,KTR,-39.91624137931034
Cape Verde,CPV,2020-09,SAP,-24.309166666666666
Cape Verde,CPV,2020-10,RCF,-33.98167741935484
Cape Verde,CPV,2020-10,TP,-56.92158064516129
Cape Verde,CPV,2020-10,KTR,-38.244193548387095
Cape Verde,CPV,2020-10,SAP,-14.80183870967742
Cape Verde,CPV,2020-11,RCF,-33.89053333333333
Cape Verde,CPV,2020-11,TP,-52.0905
Cape Verde,CPV,2020-11,KTR,-33.728500000000004
Cape Verde,CPV,2020-11,SAP,-15.909500000000001
Cape Verde,CPV,2020-12,RCF,-30.00916129032258
Cape Verde,CPV,2020-12,TP,-44.16590322580645
Cape Verde,CPV,2020-12,KTR,-34.29025806451613
Cape Verde,CPV,2020-12,SAP,-6.907806451612903
Cape Verde,CPV,2021-01,RCF,-35.0968064516129
Cape Verde,CPV,2021-01,TP,-48.377806451612905
Cape Verde,CPV,2021-01,KTR,-42.40087096774193
Cape Verde,CPV,2021-01,SAP,-18.612870967741937
Cape Verde,CPV,2021-02,RCF,-39.03564285714286
Cape Verde,CPV,2021-02,TP,-55.89282142857143
Cape Verde,CPV,2021-02,KTR,-40.92342857142857
Cape Verde,CPV,2021-02,SAP,-20.046
Cape Verde,CPV,2021-03,RCF,-34.44696774193548
Cape Verde,CPV,2021-03,TP,-55.12435483870968
Cape Verde,CPV,2021-03,KTR,-36.16590322580645
Cape Verde,CPV,2021-03,SAP,-19.11525806451613
Cape Verde,CPV,2021-04,RCF,-30.938100000000002
Cape Verde,CPV,2021-04,TP,-51.48566666666667
Cape Verde,CPV,2021-04,KTR,-36.78563333333333
Cape Verde,CPV,2021-04,SAP,-16.57133333333333
Cape Verde,CPV,2021-05,RCF,-28.98622580645161
Cape Verde,CPV,2021-05,TP,-51.004612903225805
Cape Verde,CPV,2021-05,KTR,-32.45164516129032
Cape Verde,CPV,2021-05,SAP,-12.755677419354837
Cape Verde,CPV,2021-06,RCF,-18.709433333333333
Cape Verde,CPV,2021-06,TP,-47.409533333333336
Cape Verde,CPV,2021-06,KTR,-31.919
Cape Verde,CPV,2021-06,SAP,-6.833333333333333
Cape Verde,CPV,2021-07,RCF,-12.12906451612903
Cape Verde,CPV,2021-07,TP,-35.77887096774194
Cape Verde,CPV,2021-07,KTR,-38.40087096774193
Cape Verde,CPV,2021-07,SAP,-0.11058064516129035
Cape Verde,CPV,2021-08,RCF,-1.0599354838709676
Cape Verde,CPV,2021-08,TP,-27.576
Cape Verde,CPV,2021-08,KTR,-40.24890322580645
Cape Verde,CPV,2021-08,SAP,8.124516129032259
Cape Verde,CPV,2021-09,RCF,-2.1381
Cape Verde,CPV,2021-09,TP,-33.3
Cape Verde,CPV,2021-09,KTR,-34.947599999999994
Cape Verde,CPV,2021-09,SAP,6.890433333333333
Cape Verde,CPV,2021-10,RCF,-2.787935483870968
Cape Verde,CPV,2021-10,TP,-33.25812903225806
Cape Verde,CPV,2021-10,KTR,-26.778806451612905
Cape Verde,CPV,2021-10,SAP,6.6728387096774195
Cape Verde,CPV,2021-11,RCF,2.7761
Cape Verde,CPV,2021-11,TP,-17.895266666666664
Cape Verde,CPV,2021-11,KTR,-23.823866666666667
Cape Verde,CPV,2021-11,SAP,7.442866666666666
Cape Verde,CPV,2021-12,RCF,11.124516129032259
Cape Verde,CPV,2021-12,TP,-7.921612903225806
Cape Verde,CPV,2021-12,KTR,-20.801806451612904
Cape Verde,CPV,2021-12,SAP,17.21193548387097
Cape Verde,CPV,2022-01,RCF,4.917129032258065
Cape Verde,CPV,2022-01,TP,-12.456193548387096
Cape Verde,CPV,2022-01,KTR,-23.930870967741935
Cape Verde,CPV,2022-01,SAP,11.055225806451613
Cape Verde,CPV,2022-02,RCF,14.229642857142858
Cape Verde,CPV,2022-02,TP,-9.336678571428573
Cape Verde,CPV,2022-02,KTR,-8.285642857142857
Cape Verde,CPV,2022-02,SAP,14.045892857142857
Cape Verde,CPV,2022-03,RCF,12.433258064516128
Cape Verde,CPV,2022-03,TP,0.041354838709677474
Cape Verde,CPV,2022-03,KTR,-5.3595483870967735
Cape Verde,CPV,2022-03,SAP,22.46532258064516
Cape Verde,CPV,2022-04,RCF,11.166699999999999
Cape Verde,CPV,2022-04,TP,6.304733333333333
Cape Verde,CPV,2022-04,KTR,-5.395166666666666
Cape Verde,CPV,2022-04,SAP,24.590433333333333
Cape Verde,CPV,2022-05,RCF,12.11074193548387
Cape Verde,CPV,2022-05,TP,0.5023870967741935
Cape Verde,CPV,2022-05,KTR,-2.9492580645161293
Cape Verde,CPV,2022-05,SAP,27.68658064516129
Cape Verde,CPV,2022-06,RCF,13.414299999999999
Cape Verde,CPV,2022-06,TP,3.7666666666666666
Cape Verde,CPV,2022-06,KTR,-6.361966666666666
Cape Verde,CPV,2022-06,SAP,26.614266666666666
Cape Verde,CPV,2022-07,RCF,19.62865
Cape Verde,CPV,2022-07,TP,11.1643
Cape Verde,CPV,2022-07,KTR,-15.8
Cape Verde,CPV,2022-07,SAP,32.3286
Chile,CHL,2020-02,RCF,0.16184615384615386
Chile,CHL,2020-02,TP,-1.401
Chile,CHL,2020-02,KTR,-3.924615384615385
Chile,CHL,2020-02,SAP,4.9637692307692305
Chile,CHL,2020-03,RCF,-22.672806451612903
Chile,CHL,2020-03,TP,-18.170548387096776
Chile,CHL,2020-03,KTR,-8.48383870967742
Chile,CHL,2020-03,SAP,-6.668258064516129
Chile,CHL,2020-04,RCF,-64.59533333333334
Chile,CHL,2020-04,TP,-60.352333333333334
Chile,CHL,2020-04,KTR,-47.0571
Chile,CHL,2020-04,SAP,-40.257
Chile,CHL,2020-05,RCF,-62.571387096774195
Chile,CHL,2020-05,TP,-61.21196774193548
Chile,CHL,2020-05,KTR,-43.79725806451613
Chile,CHL,2020-05,SAP,-39.38248387096774
Chile,CHL,2020-06,RCF,-64.4475
Chile,CHL,2020-06,TP,-64.2809
Chile,CHL,2020-06,KTR,-43.06193333333333
Chile,CHL,2020-06,SAP,-41.60946666666667
Chile,CHL,2020-07,RCF,-63.97235483870968
Chile,CHL,2020-07,TP,-63.405580645161294
Chile,CHL,2020-07,KTR,-44.04609677419355
Chile,CHL,2020-07,SAP,-41.599096774193555
Chile,CHL,2020-08,RCF,-54.248774193548385
Chile,CHL,2020-08,TP,-53.202774193548386
Chile,CHL,2020-08,KTR,-37.364000000000004
Chile,CHL,2020-08,SAP,-30.548387096774192
Chile,CHL,2020-09,RCF,-50.047599999999996
Chile,CHL,2020-09,TP,-46.21896666666667
Chile,CHL,2020-09,KTR,-34.97143333333334
Chile,CHL,2020-09,SAP,-27.9429
Chile,CHL,2020-10,RCF,-45.820258064516125
Chile,CHL,2020-10,TP,-34.225806451612904
Chile,CHL,2020-10,KTR,-27.327193548387097
Chile,CHL,2020-10,SAP,-21.092064516129035
Chile,CHL,2020-11,RCF,-39.20953333333333
Chile,CHL,2020-11,TP,-30.04283333333333
Chile,CHL,2020-11,KTR,-20.676266666666667
Chile,CHL,2020-11,SAP,-17.18566666666667
Chile,CHL,2020-12,RCF,-33.79725806451613
Chile,CHL,2020-12,TP,-26.437870967741933
Chile,CHL,2020-12,KTR,-20.018451612903227
Chile,CHL,2020-12,SAP,-10.05532258064516
Chile,CHL,2021-01,RCF,-42.37767741935484
Chile,CHL,2021-01,TP,-34.76041935483871
Chile,CHL,2021-01,KTR,-25.49767741935484
Chile,CHL,2021-01,SAP,-18.663580645161293
Chile,CHL,2021-02,RCF,-37.377607142857144
Chile,CHL,2021-02,TP,-30.347
Chile,CHL,2021-02,KTR,-23.765285714285714
Chile,CHL,2021-02,SAP,-13.714249999999998
Chile,CHL,2021-03,RCF,-41.05077419354839
Chile,CHL,2021-03,TP,-30.672838709677418
Chile,CHL,2021-03,KTR,-20.85725806451613
Chile,CHL,2021-03,SAP,-14.36858064516129
Chile,CHL,2021-04,RCF,-57.3573
Chile,CHL,2021-04,TP,-45.4095
Chile,CHL,2021-04,KTR,-30.442766666666667
Chile,CHL,2021-04,SAP,-28.223833333333335
Chile,CHL,2021-05,RCF,-38.49306451612903
Chile,CHL,2021-05,TP,-28.198193548387096
Chile,CHL,2021-05,KTR,-21.032290322580643
Chile,CHL,2021-05,SAP,-10.202774193548388
Chile,CHL,2021-06,RCF,-35.21913333333334
Chile,CHL,2021-06,TP,-25.9905
Chile,CHL,2021-06,KTR,-15.4667
Chile,CHL,2021-06,SAP,-3.9428666666666667
Chile,CHL,2021-07,RCF,-21.58974193548387
Chile,CHL,2021-07,TP,-14.746516129032258
Chile,CHL,2021-07,KTR,-11.262612903225808
Chile,CHL,2021-07,SAP,5.198096774193548
Chile,CHL,2021-08,RCF,-11.797258064516129
Chile,CHL,2021-08,TP,-6.235032258064516
Chile,CHL,2021-08,KTR,1.258032258064516
Chile,CHL,2021-08,SAP,10.465451612903225
Chile,CHL,2021-09,RCF,-11.2191
Chile,CHL,2021-09,TP,-5.295233333333333
Chile,CHL,2021-09,KTR,-0.19046666666666656
Chile,CHL,2021-09,SAP,12.028566666666666
Chile,CHL,2021-10,RCF,-4.972387096774193
Chile,CHL,2021-10,TP,1.0321935483870968
Chile,CHL,2021-10,KTR,8.497870967741937
Chile,CHL,2021-10,SAP,16.327193548387097
Chile,CHL,2021-11,RCF,-2.6
Chile,CHL,2021-11,TP,6.0619
Chile,CHL,2021-11,KTR,10.804766666666666
Chile,CHL,2021-11,SAP,19.971433333333334
Chile,CHL,2021-12,RCF,6.032258064516129
Chile,CHL,2021-12,TP,11.695870967741936
Chile,CHL,2021-12,KTR,11.161387096774193
Chile,CHL,2021-12,SAP,26.17051612903226
Chile,CHL,2022-01,RCF,-4.875612903225806
Chile,CHL,2022-01,TP,0.7189032258064516
Chile,CHL,2022-01,KTR,2.0553548387096776
Chile,CHL,2022-01,SAP,18.760354838709677
Chile,CHL,2022-02,RCF,-2.3724285714285713
Chile,CHL,2022-02,TP,0.2091785714285714
Chile,CHL,2022-02,KTR,-1.63775
Chile,CHL,2022-02,SAP,23.209214285714285
Chile,CHL,2022-03,RCF,-3.7925806451612907
Chile,CHL,2022-03,TP,8.345709677419354
Chile,CHL,2022-03,KTR,21.09209677419355
Chile,CHL,2022-03,SAP,21.967709677419357
Chile,CHL,2022-04,RCF,-6.5095
Chile,CHL,2022-04,TP,9.566666666666666
Chile,CHL,2022-04,KTR,34.48093333333333
Chile,CHL,2022-04,SAP,18.6285
Chile,CHL,2022-05,RCF,-4.543709677419354
Chile,CHL,2022-05,TP,12.755774193548387
Chile,CHL,2022-05,KTR,41.811
Chile,CHL,2022-05,SAP,18.972387096774195
Chile,CHL,2022-06,RCF,-7.680933333333333
Chile,CHL,2022-06,TP,6.771433333333333
Chile,CHL,2022-06,KTR,34.50953333333334
Chile,CHL,2022-06,SAP,17.947499999999998
Chile,CHL,2022-07,RCF,-6.8429
Chile,CHL,2022-07,TP,2.9715
Chile,CHL,2022-07,KTR,18.08565
Chile,CHL,2022-07,SAP,16.9
Colombia,COL,2020-02,RCF,-2.8754615384615385
Colombia,COL,2020-02,TP,4.162615384615385
Colombia,COL,2020-02,KTR,9.603076923076923
Colombia,COL,2020-02,SAP,-0.5136153846153846
Colombia,COL,2020-03,RCF,-27.552870967741935
Colombia,COL,2020-03,TP,-21.511580645161292
Colombia,COL,2020-03,KTR,-13.649806451612903
Colombia,COL,2020-03,SAP,-12.668225806451614
Colombia,COL,2020-04,RCF,-79.26193333333335
Colombia,COL,2020-04,TP,-77.72373333333333
Colombia,COL,2020-04,KTR,-67.06666666666666
Colombia,COL,2020-04,SAP,-57.514266666666664
Colombia,COL,2020-05,RCF,-67.31338709677419
Colombia,COL,2020-05,TP,-63.86174193548387
Colombia,COL,2020-05,KTR,-49.188935483870964
Colombia,COL,2020-05,SAP,-44.059935483870966
Colombia,COL,2020-06,RCF,-54.7952
Colombia,COL,2020-06,TP,-52.6666
Colombia,COL,2020-06,KTR,-33.94756666666667
Colombia,COL,2020-06,SAP,-30.4619
Colombia,COL,2020-07,RCF,-52.465483870967745
Colombia,COL,2020-07,TP,-53.78341935483871
Colombia,COL,2020-07,KTR,-33.96767741935484
Colombia,COL,2020-07,SAP,-28.893967741935484
Colombia,COL,2020-08,RCF,-52.765
Colombia,COL,2020-08,TP,-54.714193548387094
Colombia,COL,2020-08,KTR,-34.77877419354839
Colombia,COL,2020-08,SAP,-29.290225806451613
Colombia,COL,2020-09,RCF,-41.000033333333334
Colombia,COL,2020-09,TP,-41.13333333333333
Colombia,COL,2020-09,KTR,-24.728666666666665
Colombia,COL,2020-09,SAP,-16.185766666666666
Colombia,COL,2020-10,RCF,-37.14748387096775
Colombia,COL,2020-10,TP,-27.769612903225806
Colombia,COL,2020-10,KTR,-20.44709677419355
Colombia,COL,2020-10,SAP,-6.834129032258065
Colombia,COL,2020-11,RCF,-32.923833333333334
Colombia,COL,2020-11,TP,-22.723799999999997
Colombia,COL,2020-11,KTR,-17.490466666666666
Colombia,COL,2020-11,SAP,-3.9096333333333333
Colombia,COL,2020-12,RCF,-23.520741935483873
Colombia,COL,2020-12,TP,-13.801806451612903
Colombia,COL,2020-12,KTR,-13.092225806451612
Colombia,COL,2020-12,SAP,9.115225806451614
Colombia,COL,2021-01,RCF,-43.97232258064516
Colombia,COL,2021-01,TP,-37.29032258064516
Colombia,COL,2021-01,KTR,-29.16122580645161
Colombia,COL,2021-01,SAP,-13.497741935483871
Colombia,COL,2021-02,RCF,-31.867250000000002
Colombia,COL,2021-02,TP,-22.39282142857143
Colombia,COL,2021-02,KTR,-16.025535714285713
Colombia,COL,2021-02,SAP,0.32139285714285715
Colombia,COL,2021-03,RCF,-26.520774193548387
Colombia,COL,2021-03,TP,-14.00458064516129
Colombia,COL,2021-03,KTR,-12.101354838709677
Colombia,COL,2021-03,SAP,9.046032258064518
Colombia,COL,2021-04,RCF,-35.96196666666666
Colombia,COL,2021-04,TP,-25.304733333333335
Colombia,COL,2021-04,KTR,-20.204833333333333
Colombia,COL,2021-04,SAP,1.7095
Colombia,COL,2021-05,RCF,-29.79261290322581
Colombia,COL,2021-05,TP,-23.72351612903226
Colombia,COL,2021-05,KTR,-16.93083870967742
Colombia,COL,2021-05,SAP,6.589838709677419
Colombia,COL,2021-06,RCF,-13.3381
Colombia,COL,2021-06,TP,-6.3715
Colombia,COL,2021-06,KTR,-10.2524
Colombia,COL,2021-06,SAP,19.766633333333335
Colombia,COL,2021-07,RCF,-5.806548387096774
Colombia,COL,2021-07,TP,3.2211612903225806
Colombia,COL,2021-07,KTR,-5.894
Colombia,COL,2021-07,SAP,27.258000000000003
Colombia,COL,2021-08,RCF,-1.6220967741935486
Colombia,COL,2021-08,TP,10.20274193548387
Colombia,COL,2021-08,KTR,1.396258064516129
Colombia,COL,2021-08,SAP,30.258064516129032
Colombia,COL,2021-09,RCF,1.9
Colombia,COL,2021-09,TP,14.109466666666666
Colombia,COL,2021-09,KTR,8.709466666666666
Colombia,COL,2021-09,SAP,33.94756666666667
Colombia,COL,2021-10,RCF,5.046064516129032
Colombia,COL,2021-10,TP,18.797290322580647
Colombia,COL,2021-10,KTR,8.612838709677419
Colombia,COL,2021-10,SAP,35.52532258064517
Colombia,COL,2021-11,RCF,11.338
Colombia,COL,2021-11,TP,27.714233333333333
Colombia,COL,2021-11,KTR,10.680866666666667
Colombia,COL,2021-11,SAP,42.28093333333333
Colombia,COL,2021-12,RCF,26.046064516129032
Colombia,COL,2021-12,TP,33.83874193548387
Colombia,COL,2021-12,KTR,10.857129032258065
Colombia,COL,2021-12,SAP,58.3548064516129
Colombia,COL,2022-01,RCF,8.958483870967743
Colombia,COL,2022-01,TP,9.728
Colombia,COL,2022-01,KTR,0.5759354838709677
Colombia,COL,2022-01,SAP,42.59896774193548
Colombia,COL,2022-02,RCF,15.357178571428571
Colombia,COL,2022-02,TP,32.49496428571429
Colombia,COL,2022-02,KTR,24.239785714285713
Colombia,COL,2022-02,SAP,48.67335714285714
Colombia,COL,2022-03,RCF,12.378
Colombia,COL,2022-03,TP,28.115161290322582
Colombia,COL,2022-03,KTR,31.645193548387095
Colombia,COL,2022-03,SAP,44.446999999999996
Colombia,COL,2022-04,RCF,9.295233333333332
Colombia,COL,2022-04,TP,23.1571
Colombia,COL,2022-04,KTR,25.38563333333333
Colombia,COL,2022-04,SAP,39.21903333333333
Colombia,COL,2022-05,RCF,13.004645161290323
Colombia,COL,2022-05,TP,31.926225806451612
Colombia,COL,2022-05,KTR,37.17512903225807
Colombia,COL,2022-05,SAP,43.1013870967742
Colombia,COL,2022-06,RCF,13.099966666666667
Colombia,COL,2022-06,TP,28.371433333333336
Colombia,COL,2022-06,KTR,27.0857
Colombia,COL,2022-06,SAP,43.63803333333333
Colombia,COL,2022-07,RCF,20.0286
Colombia,COL,2022-07,TP,34.6428
Colombia,COL,2022-07,KTR,23.41415
Colombia,COL,2022-07,SAP,48.892849999999996
Costa Rica,CRI,2020-02,RCF,-2.481307692307692
Costa Rica,CRI,2020-02,TP,0.30292307692307696
Costa Rica,CRI,2020-02,KTR,14.159461538461539
Costa Rica,CRI,2020-02,SAP,2.701230769230769
Costa Rica,CRI,2020-03,RCF,-22.926225806451612
Costa Rica,CRI,2020-03,TP,-22.640548387096775
Costa Rica,CRI,2020-03,KTR,-3.5023548387096777
Costa Rica,CRI,2020-03,SAP,-7.520741935483871
Costa Rica,CRI,2020-04,RCF,-59.690466666666666
Costa Rica,CRI,2020-04,TP,-62.59056666666667
Costa Rica,CRI,2020-04,KTR,-46.5286
Costa Rica,CRI,2020-04,SAP,-36.56656666666667
Costa Rica,CRI,2020-05,RCF,-43.92170967741936
Costa Rica,CRI,2020-05,TP,-48.31338709677419
Costa Rica,CRI,2020-05,KTR,-32.893967741935484
Costa Rica,CRI,2020-05,SAP,-24.43306451612903
Costa Rica,CRI,2020-06,RCF,-41.36663333333333
Costa Rica,CRI,2020-06,TP,-48.5095
Costa Rica,CRI,2020-06,KTR,-27.871533333333332
Costa Rica,CRI,2020-06,SAP,-23.628600000000002
Costa Rica,CRI,2020-07,RCF,-53.57141935483871
Costa Rica,CRI,2020-07,TP,-58.17045161290323
Costa Rica,CRI,2020-07,KTR,-38.39164516129033
Costa Rica,CRI,2020-07,SAP,-31.62674193548387
Costa Rica,CRI,2020-08,RCF,-44.66816129032258
Costa Rica,CRI,2020-08,TP,-52.3593870967742
Costa Rica,CRI,2020-08,KTR,-33.71890322580645
Costa Rica,CRI,2020-08,SAP,-26.502225806451612
Costa Rica,CRI,2020-09,RCF,-41.128566666666664
Costa Rica,CRI,2020-09,TP,-49.77146666666667
Costa Rica,CRI,2020-09,KTR,-31.590433333333333
Costa Rica,CRI,2020-09,SAP,-24.7047
Costa Rica,CRI,2020-10,RCF,-40.31335483870968
Costa Rica,CRI,2020-10,TP,-46.49312903225807
Costa Rica,CRI,2020-10,KTR,-28.046000000000003
Costa Rica,CRI,2020-10,SAP,-22.48383870967742
Costa Rica,CRI,2020-11,RCF,-33.40003333333333
Costa Rica,CRI,2020-11,TP,-43.12383333333333
Costa Rica,CRI,2020-11,KTR,-24.3143
Costa Rica,CRI,2020-11,SAP,-17.995333333333335
Costa Rica,CRI,2020-12,RCF,-21.055258064516128
Costa Rica,CRI,2020-12,TP,-31.98616129032258
Costa Rica,CRI,2020-12,KTR,-22.456225806451613
Costa Rica,CRI,2020-12,SAP,-3.751193548387097
Costa Rica,CRI,2021-01,RCF,-32.4101935483871
Costa Rica,CRI,2021-01,TP,-39.74193548387097
Costa Rica,CRI,2021-01,KTR,-27.34106451612903
Costa Rica,CRI,2021-01,SAP,-14.175096774193548
Costa Rica,CRI,2021-02,RCF,-27.29075
Costa Rica,CRI,2021-02,TP,-36.729571428571425
Costa Rica,CRI,2021-02,KTR,-20.25517857142857
Costa Rica,CRI,2021-02,SAP,-9.928464285714286
Costa Rica,CRI,2021-03,RCF,-24.838709677419356
Costa Rica,CRI,2021-03,TP,-32.86183870967742
Costa Rica,CRI,2021-03,KTR,-17.0368064516129
Costa Rica,CRI,2021-03,SAP,-5.5529032258064515
Costa Rica,CRI,2021-04,RCF,-27.637999999999998
Costa Rica,CRI,2021-04,TP,-34.5762
Costa Rica,CRI,2021-04,KTR,-21.457133333333335
Costa Rica,CRI,2021-04,SAP,-6.438133333333334
Costa Rica,CRI,2021-05,RCF,-33.01845161290323
Costa Rica,CRI,2021-05,TP,-35.912451612903226
Costa Rica,CRI,2021-05,KTR,-21.22125806451613
Costa Rica,CRI,2021-05,SAP,-6.884741935483871
Costa Rica,CRI,2021-06,RCF,-25.547633333333334
Costa Rica,CRI,2021-06,TP,-30.523833333333336
Costa Rica,CRI,2021-06,KTR,-19.23806666666667
Costa Rica,CRI,2021-06,SAP,-1.6713666666666667
Costa Rica,CRI,2021-07,RCF,-21.62674193548387
Costa Rica,CRI,2021-07,TP,-27.635935483870966
Costa Rica,CRI,2021-07,KTR,-17.327129032258064
Costa Rica,CRI,2021-07,SAP,2.322483870967742
Costa Rica,CRI,2021-08,RCF,-17.47467741935484
Costa Rica,CRI,2021-08,TP,-25.16125806451613
Costa Rica,CRI,2021-08,KTR,-11.68658064516129
Costa Rica,CRI,2021-08,SAP,6.207354838709677
Costa Rica,CRI,2021-09,RCF,-16.5
Costa Rica,CRI,2021-09,TP,-26.509466666666665
Costa Rica,CRI,2021-09,KTR,-10.023766666666667
Costa Rica,CRI,2021-09,SAP,7.042933333333334
Costa Rica,CRI,2021-10,RCF,-13.608322580645162
Costa Rica,CRI,2021-10,TP,-22.718870967741935
Costa Rica,CRI,2021-10,KTR,-5.290290322580645
Costa Rica,CRI,2021-10,SAP,9.35025806451613
Costa Rica,CRI,2021-11,RCF,-5.214333333333333
Costa Rica,CRI,2021-11,TP,-16.709566666666667
Costa Rica,CRI,2021-11,KTR,-2.2998666666666665
Costa Rica,CRI,2021-11,SAP,15.438066666666666
Costa Rica,CRI,2021-12,RCF,8.764935483870968
Costa Rica,CRI,2021-12,TP,-6.8709354838709675
Costa Rica,CRI,2021-12,KTR,-4.368645161290322
Costa Rica,CRI,2021-12,SAP,27.820290322580643
Costa Rica,CRI,2022-01,RCF,-5.055258064516129
Costa Rica,CRI,2022-01,TP,-18.56222580645161
Costa Rica,CRI,2022-01,KTR,-7.940096774193548
Costa Rica,CRI,2022-01,SAP,16.967774193548387
Costa Rica,CRI,2022-02,RCF,-0.8978928571428572
Costa Rica,CRI,2022-02,TP,-15.35207142857143
Costa Rica,CRI,2022-02,KTR,0.8009285714285713
Costa Rica,CRI,2022-02,SAP,18.755142857142857
Costa Rica,CRI,2022-03,RCF,-3.848
Costa Rica,CRI,2022-03,TP,-15.437774193548385
Costa Rica,CRI,2022-03,KTR,14.147451612903227
Costa Rica,CRI,2022-03,SAP,17.119709677419355
Costa Rica,CRI,2022-04,RCF,-7.0332
Costa Rica,CRI,2022-04,TP,-17.290533333333332
Costa Rica,CRI,2022-04,KTR,5.5095
Costa Rica,CRI,2022-04,SAP,16.028566666666666
Costa Rica,CRI,2022-05,RCF,-4.990774193548387
Costa Rica,CRI,2022-05,TP,-13.889387096774195
Costa Rica,CRI,2022-05,KTR,18.456225806451613
Costa Rica,CRI,2022-05,SAP,16.59441935483871
Costa Rica,CRI,2022-06,RCF,-5.557133333333334
Costa Rica,CRI,2022-06,TP,-13.966633333333332
Costa Rica,CRI,2022-06,KTR,18.833399999999997
Costa Rica,CRI,2022-06,SAP,17.885733333333334
Costa Rica,CRI,2022-07,RCF,-2.3643
Costa Rica,CRI,2022-07,TP,-13.8857
Costa Rica,CRI,2022-07,KTR,5.50715
Costa Rica,CRI,2022-07,SAP,18.500049999999998
Cote d'Ivoire,CIV,2020-02,RCF,0.5183076923076922
Cote d'Ivoire,CIV,2020-02,TP,1.7965384615384616
Cote d'Ivoire,CIV,2020-02,KTR,-0.4237692307692308
Cote d'Ivoire,CIV,2020-02,SAP,-0.12730769230769232
Cote d'Ivoire,CIV,2020-03,RCF,-5.317967741935484
Cote d'Ivoire,CIV,2020-03,TP,-4.087483870967742
Cote d'Ivoire,CIV,2020-03,KTR,-2.5851935483870965
Cote d'Ivoire,CIV,2020-03,SAP,-0.9953548387096773
Cote d'Ivoire,CIV,2020-04,RCF,-30.7333
Cote d'Ivoire,CIV,2020-04,TP,-33.981
Cote d'Ivoire,CIV,2020-04,KTR,-20.6476
Cote d'Ivoire,CIV,2020-04,SAP,-17.595233333333333
Cote d'Ivoire,CIV,2020-05,RCF,-20.354870967741935
Cote d'Ivoire,CIV,2020-05,TP,-25.08293548387097
Cote d'Ivoire,CIV,2020-05,KTR,-14.935483870967742
Cote d'Ivoire,CIV,2020-05,SAP,-7.603580645161291
Cote d'Ivoire,CIV,2020-06,RCF,-7.761933333333333
Cote d'Ivoire,CIV,2020-06,TP,-11.8715
Cote d'Ivoire,CIV,2020-06,KTR,-5.414366666666667
Cote d'Ivoire,CIV,2020-06,SAP,-0.28576666666666667
Cote d'Ivoire,CIV,2020-07,RCF,-0.36858064516129035
Cote d'Ivoire,CIV,2020-07,TP,1.4009354838709678
Cote d'Ivoire,CIV,2020-07,KTR,-5.179774193548387
Cote d'Ivoire,CIV,2020-07,SAP,6.981580645161291
Cote d'Ivoire,CIV,2020-08,RCF,3.686677419354839
Cote d'Ivoire,CIV,2020-08,TP,6.672806451612903
Cote d'Ivoire,CIV,2020-08,KTR,-12.013806451612902
Cote d'Ivoire,CIV,2020-08,SAP,10.460741935483872
Cote d'Ivoire,CIV,2020-09,RCF,6.676233333333333
Cote d'Ivoire,CIV,2020-09,TP,13.566733333333334
Cote d'Ivoire,CIV,2020-09,KTR,-7.0191
Cote d'Ivoire,CIV,2020-09,SAP,19.31433333333333
Cote d'Ivoire,CIV,2020-10,RCF,-4.170548387096774
Cote d'Ivoire,CIV,2020-10,TP,5.433096774193548
Cote d'Ivoire,CIV,2020-10,KTR,-9.318
Cote d'Ivoire,CIV,2020-10,SAP,37.32251612903226
Cote d'Ivoire,CIV,2020-11,RCF,-13.657
Cote d'Ivoire,CIV,2020-11,TP,-9.133333333333333
Cote d'Ivoire,CIV,2020-11,KTR,-12.166599999999999
Cote d'Ivoire,CIV,2020-11,SAP,26.990433333333332
Cote d'Ivoire,CIV,2020-12,RCF,3.2719032258064518
Cote d'Ivoire,CIV,2020-12,TP,15.603677419354838
Cote d'Ivoire,CIV,2020-12,KTR,-6.1243225806451616
Cote d'Ivoire,CIV,2020-12,SAP,50.47925806451613
Cote d'Ivoire,CIV,2021-01,RCF,-2.7926451612903227
Cote d'Ivoire,CIV,2021-01,TP,6.843354838709677
Cote d'Ivoire,CIV,2021-01,KTR,-11.723483870967742
Cote d'Ivoire,CIV,2021-01,SAP,41.94
Cote d'Ivoire,CIV,2021-02,RCF,0.7805714285714285
Cote d'Ivoire,CIV,2021-02,TP,10.5
Cote d'Ivoire,CIV,2021-02,KTR,-10.790892857142856
Cote d'Ivoire,CIV,2021-02,SAP,50.403107142857145
Cote d'Ivoire,CIV,2021-03,RCF,4.737322580645161
Cote d'Ivoire,CIV,2021-03,TP,17.788032258064515
Cote d'Ivoire,CIV,2021-03,KTR,-7.124451612903226
Cote d'Ivoire,CIV,2021-03,SAP,56.56219354838709
Cote d'Ivoire,CIV,2021-04,RCF,7.2761
Cote d'Ivoire,CIV,2021-04,TP,24.1953
Cote d'Ivoire,CIV,2021-04,KTR,-7.6142666666666665
Cote d'Ivoire,CIV,2021-04,SAP,65.15713333333333
Cote d'Ivoire,CIV,2021-05,RCF,13.456225806451615
Cote d'Ivoire,CIV,2021-05,TP,28.18441935483871
Cote d'Ivoire,CIV,2021-05,KTR,-5.70041935483871
Cote d'Ivoire,CIV,2021-05,SAP,75.52532258064515
Cote d'Ivoire,CIV,2021-06,RCF,22.95716666666667
Cote d'Ivoire,CIV,2021-06,TP,37.74753333333333
Cote d'Ivoire,CIV,2021-06,KTR,2.6666000000000003
Cote d'Ivoire,CIV,2021-06,SAP,89.91433333333333
Cote d'Ivoire,CIV,2021-07,RCF,28.10141935483871
Cote d'Ivoire,CIV,2021-07,TP,48.308838709677424
Cote d'Ivoire,CIV,2021-07,KTR,-1.5161612903225805
Cote d'Ivoire,CIV,2021-07,SAP,98.09677419354838
Cote d'Ivoire,CIV,2021-08,RCF,34.995387096774195
Cote d'Ivoire,CIV,2021-08,TP,54.58980645161291
Cote d'Ivoire,CIV,2021-08,KTR,0.12438709677419355
Cote d'Ivoire,CIV,2021-08,SAP,106.34564516129032
Cote d'Ivoire,CIV,2021-09,RCF,37.39516666666667
Cote d'Ivoire,CIV,2021-09,TP,56.995266666666666
Cote d'Ivoire,CIV,2021-09,KTR,5.2334000000000005
Cote d'Ivoire,CIV,2021-09,SAP,106.86183333333334
Cote d'Ivoire,CIV,2021-10,RCF,39.58070967741936
Cote d'Ivoire,CIV,2021-10,TP,54.073677419354844
Cote d'Ivoire,CIV,2021-10,KTR,10.317967741935485
Cote d'Ivoire,CIV,2021-10,SAP,110.16596774193549
Cote d'Ivoire,CIV,2021-11,RCF,47.238166666666665
Cote d'Ivoire,CIV,2021-11,TP,61.514300000000006
Cote d'Ivoire,CIV,2021-11,KTR,12.233266666666667
Cote d'Ivoire,CIV,2021-11,SAP,117.51426666666666
Cote d'Ivoire,CIV,2021-12,RCF,52.87564516129032
Cote d'Ivoire,CIV,2021-12,TP,63.14738709677419
Cote d'Ivoire,CIV,2021-12,KTR,20.691161290322583
Cote d'Ivoire,CIV,2021-12,SAP,123.27651612903226
Cote d'Ivoire,CIV,2022-01,RCF,44.460903225806454
Cote d'Ivoire,CIV,2022-01,TP,53.49312903225807
Cote d'Ivoire,CIV,2022-01,KTR,24.377903225806453
Cote d'Ivoire,CIV,2022-01,SAP,113.1704193548387
Cote d'Ivoire,CIV,2022-02,RCF,55.877571428571436
Cote d'Ivoire,CIV,2022-02,TP,63.561214285714286
Cote d'Ivoire,CIV,2022-02,KTR,36.09692857142857
Cote d'Ivoire,CIV,2022-02,SAP,116.449
Cote d'Ivoire,CIV,2022-03,RCF,65.67748387096773
Cote d'Ivoire,CIV,2022-03,TP,66.70964516129031
Cote d'Ivoire,CIV,2022-03,KTR,52.239709677419356
Cote d'Ivoire,CIV,2022-03,SAP,119.18441935483871
Cote d'Ivoire,CIV,2022-04,RCF,63.47623333333333
Cote d'Ivoire,CIV,2022-04,TP,64.79523333333333
Cote d'Ivoire,CIV,2022-04,KTR,46.7572
Cote d'Ivoire,CIV,2022-04,SAP,119.1334
Cote d'Ivoire,CIV,2022-05,RCF,65.40554838709677
Cote d'Ivoire,CIV,2022-05,TP,69.47454838709676
Cote d'Ivoire,CIV,2022-05,KTR,48.24422580645161
Cote d'Ivoire,CIV,2022-05,SAP,119.84793548387097
Cote d'Ivoire,CIV,2022-06,RCF,66.41426666666666
Cote d'Ivoire,CIV,2022-06,TP,75.7334
Cote d'Ivoire,CIV,2022-06,KTR,49.8524
Cote d'Ivoire,CIV,2022-06,SAP,123.31913333333334
Cote d'Ivoire,CIV,2022-07,RCF,67.6929
Cote d'Ivoire,CIV,2022-07,TP,79.50710000000001
Cote d'Ivoire,CIV,2022-07,KTR,42.9358
Cote d'Ivoire,CIV,2022-07,SAP,127.8643
Croatia,HRV,2020-02,RCF,4.851076923076923
Croatia,HRV,2020-02,TP,3.999769230769231
Croatia,HRV,2020-02,KTR,0.855153846153846
Croatia,HRV,2020-02,SAP,3.365846153846154
Croatia,HRV,2020-03,RCF,-27.58067741935484
Croatia,HRV,2020-03,TP,-27.921741935483873
Croatia,HRV,2020-03,KTR,-19.686645161290325
Croatia,HRV,2020-03,SAP,-8.787935483870967
Croatia,HRV,2020-04,RCF,-67.4905
Croatia,HRV,2020-04,TP,-68.48103333333333
Croatia,HRV,2020-04,KTR,-53.4
Croatia,HRV,2020-04,SAP,-36.7
Croatia,HRV,2020-05,RCF,-31.617451612903224
Croatia,HRV,2020-05,TP,-43.94935483870968
Croatia,HRV,2020-05,KTR,-30.43316129032258
Croatia,HRV,2020-05,SAP,-17.317903225806454
Croatia,HRV,2020-06,RCF,-0.8952666666666667
Croatia,HRV,2020-06,TP,-20.0095
Croatia,HRV,2020-06,KTR,-16.838066666666666
Croatia,HRV,2020-06,SAP,0.5000666666666667
Croatia,HRV,2020-07,RCF,14.691258064516129
Croatia,HRV,2020-07,TP,-5.428516129032258
Croatia,HRV,2020-07,KTR,-14.552999999999999
Croatia,HRV,2020-07,SAP,14.359483870967741
Croatia,HRV,2020-08,RCF,18.235064516129032
Croatia,HRV,2020-08,TP,2.502322580645161
Croatia,HRV,2020-08,KTR,-23.152064516129034
Croatia,HRV,2020-08,SAP,17.44238709677419
Croatia,HRV,2020-09,RCF,2.0286
Croatia,HRV,2020-09,TP,-10.738166666666666
Croatia,HRV,2020-09,KTR,-13.519
Croatia,HRV,2020-09,SAP,3.2524
Croatia,HRV,2020-10,RCF,-10.562290322580644
Croatia,HRV,2020-10,TP,-17.838645161290323
Croatia,HRV,2020-10,KTR,-12.525354838709678
Croatia,HRV,2020-10,SAP,1.5069032258064516
Croatia,HRV,2020-11,RCF,-20.785733333333333
Croatia,HRV,2020-11,TP,-31.366766666666667
Croatia,HRV,2020-11,KTR,-20.8428
Croatia,HRV,2020-11,SAP,-2.8952
Croatia,HRV,2020-12,RCF,-44.912451612903226
Croatia,HRV,2020-12,TP,-41.01854838709678
Croatia,HRV,2020-12,KTR,-33.78341935483871
Croatia,HRV,2020-12,SAP,-1.8755806451612904
Croatia,HRV,2021-01,RCF,-47.811
Croatia,HRV,2021-01,TP,-45.267258064516135
Croatia,HRV,2021-01,KTR,-36.56225806451613
Croatia,HRV,2021-01,SAP,-6.6174838709677415
Croatia,HRV,2021-02,RCF,-39.92342857142857
Croatia,HRV,2021-02,TP,-31.21425
Croatia,HRV,2021-02,KTR,-19.83675
Croatia,HRV,2021-02,SAP,3.3673571428571427
Croatia,HRV,2021-03,RCF,-23.419225806451614
Croatia,HRV,2021-03,TP,-22.71893548387097
Croatia,HRV,2021-03,KTR,-13.179709677419355
Croatia,HRV,2021-03,SAP,9.87093548387097
Croatia,HRV,2021-04,RCF,-22.047666666666665
Croatia,HRV,2021-04,TP,-28.361833333333333
Croatia,HRV,2021-04,KTR,-22.066633333333336
Croatia,HRV,2021-04,SAP,8.761833333333334
Croatia,HRV,2021-05,RCF,-6.401000000000001
Croatia,HRV,2021-05,TP,-14.576032258064515
Croatia,HRV,2021-05,KTR,-10.138193548387097
Croatia,HRV,2021-05,SAP,20.77877419354839
Croatia,HRV,2021-06,RCF,10.533366666666666
Croatia,HRV,2021-06,TP,-0.6476666666666666
Croatia,HRV,2021-06,KTR,-11.3809
Croatia,HRV,2021-06,SAP,31.285666666666664
Croatia,HRV,2021-07,RCF,32.894
Croatia,HRV,2021-07,TP,27.672806451612903
Croatia,HRV,2021-07,KTR,-12.106032258064515
Croatia,HRV,2021-07,SAP,53.21193548387097
Croatia,HRV,2021-08,RCF,48.47009677419355
Croatia,HRV,2021-08,TP,48.95848387096774
Croatia,HRV,2021-08,KTR,-16.86177419354839
Croatia,HRV,2021-08,SAP,68.42396774193548
Croatia,HRV,2021-09,RCF,30.9905
Croatia,HRV,2021-09,TP,27.623833333333334
Croatia,HRV,2021-09,KTR,-3.490533333333333
Croatia,HRV,2021-09,SAP,47.18576666666667
Croatia,HRV,2021-10,RCF,7.751161290322581
Croatia,HRV,2021-10,TP,1.6818709677419355
Croatia,HRV,2021-10,KTR,-6.33641935483871
Croatia,HRV,2021-10,SAP,27.824870967741937
Croatia,HRV,2021-11,RCF,-2.938
Croatia,HRV,2021-11,TP,-16.085733333333334
Croatia,HRV,2021-11,KTR,-15.609533333333333
Croatia,HRV,2021-11,SAP,22.5047
Croatia,HRV,2021-12,RCF,1.7833548387096774
Croatia,HRV,2021-12,TP,-15.474645161290322
Croatia,HRV,2021-12,KTR,-11.723516129032257
Croatia,HRV,2021-12,SAP,26.700483870967744
Croatia,HRV,2022-01,RCF,-8.308741935483871
Croatia,HRV,2022-01,TP,-25.47467741935484
Croatia,HRV,2022-01,KTR,-20.953967741935482
Croatia,HRV,2022-01,SAP,17.129032258064516
Croatia,HRV,2022-02,RCF,0.35714285714285715
Croatia,HRV,2022-02,TP,-17.831607142857145
Croatia,HRV,2022-02,KTR,-7.362285714285714
Croatia,HRV,2022-02,SAP,23.091892857142856
Croatia,HRV,2022-03,RCF,0.6589677419354839
Croatia,HRV,2022-03,TP,-7.6728387096774195
Croatia,HRV,2022-03,KTR,-6.451612903226529e-05
Croatia,HRV,2022-03,SAP,23.580645161290324
Croatia,HRV,2022-04,RCF,10.052333333333333
Croatia,HRV,2022-04,TP,4.9905
Croatia,HRV,2022-04,KTR,-4.6571
Croatia,HRV,2022-04,SAP,17.919066666666666
Croatia,HRV,2022-05,RCF,21.82496774193548
Croatia,HRV,2022-05,TP,25.382451612903225
Croatia,HRV,2022-05,KTR,4.31341935483871
Croatia,HRV,2022-05,SAP,27.774193548387096
Croatia,HRV,2022-06,RCF,31.723799999999997
Croatia,HRV,2022-06,TP,41.895266666666664
Croatia,HRV,2022-06,KTR,-2.185733333333333
Croatia,HRV,2022-06,SAP,40.28563333333333
Croatia,HRV,2022-07,RCF,45.27145
Croatia,HRV,2022-07,TP,61.0428
Croatia,HRV,2022-07,KTR,0.25705
Croatia,HRV,2022-07,SAP,55.385850000000005
Czechia,CZE,2020-02,RCF,5.974076923076923
Czechia,CZE,2020-02,TP,3.1658461538461538
Czechia,CZE,2020-02,KTR,-0.1682307692307692
Czechia,CZE,2020-02,SAP,4.529538461538461
Czechia,CZE,2020-03,RCF,-31.695870967741936
Czechia,CZE,2020-03,TP,-27.99083870967742
Czechia,CZE,2020-03,KTR,-18.37803225806452
Czechia,CZE,2020-03,SAP,-3.6129032258064515
Czechia,CZE,2020-04,RCF,-61.195233333333334
Czechia,CZE,2020-04,TP,-46.6
Czechia,CZE,2020-04,KTR,-38.27146666666667
Czechia,CZE,2020-04,SAP,-9.114233333333335
Czechia,CZE,2020-05,RCF,-35.055290322580646
Czechia,CZE,2020-05,TP,-24.230483870967742
Czechia,CZE,2020-05,KTR,-21.995322580645162
Czechia,CZE,2020-05,SAP,0.6497741935483872
Czechia,CZE,2020-06,RCF,-5.133266666666667
Czechia,CZE,2020-06,TP,-6.6286000000000005
Czechia,CZE,2020-06,KTR,-9.071433333333333
Czechia,CZE,2020-06,SAP,5.585733333333334
Czechia,CZE,2020-07,RCF,5.193516129032258
Czechia,CZE,2020-07,TP,-6.898645161290323
Czechia,CZE,2020-07,KTR,-18.635870967741933
Czechia,CZE,2020-07,SAP,10.129000000000001
Czechia,CZE,2020-08,RCF,6.239709677419355
Czechia,CZE,2020-08,TP,-6.953870967741936
Czechia,CZE,2020-08,KTR,-20.884806451612903
Czechia,CZE,2020-08,SAP,11.175129032258065
Czechia,CZE,2020-09,RCF,1.4285999999999999
Czechia,CZE,2020-09,TP,-0.6476666666666666
Czechia,CZE,2020-09,KTR,-11.785666666666666
Czechia,CZE,2020-09,SAP,10.8096
Czechia,CZE,2020-10,RCF,-29.847967741935484
Czechia,CZE,2020-10,TP,-22.852516129032256
Czechia,CZE,2020-10,KTR,-18.585193548387096
Czechia,CZE,2020-10,SAP,4.829451612903226
Czechia,CZE,2020-11,RCF,-53.95233333333333
Czechia,CZE,2020-11,TP,-37.96196666666666
Czechia,CZE,2020-11,KTR,-28.128566666666664
Czechia,CZE,2020-11,SAP,-6.9143
Czechia,CZE,2020-12,RCF,-31.760290322580644
Czechia,CZE,2020-12,TP,-25.769645161290324
Czechia,CZE,2020-12,KTR,-23.359387096774192
Czechia,CZE,2020-12,SAP,3.783483870967742
Czechia,CZE,2021-01,RCF,-58.331870967741935
Czechia,CZE,2021-01,TP,-41.769612903225806
Czechia,CZE,2021-01,KTR,-30.82035483870968
Czechia,CZE,2021-01,SAP,-10.926225806451614
Czechia,CZE,2021-02,RCF,-52.658142857142856
Czechia,CZE,2021-02,TP,-36.01007142857143
Czechia,CZE,2021-02,KTR,-24.183678571428572
Czechia,CZE,2021-02,SAP,-2.3979642857142855
Czechia,CZE,2021-03,RCF,-53.55303225806452
Czechia,CZE,2021-03,TP,-39.64051612903226
Czechia,CZE,2021-03,KTR,-25.93090322580645
Czechia,CZE,2021-03,SAP,-0.5991612903225807
Czechia,CZE,2021-04,RCF,-44.0429
Czechia,CZE,2021-04,TP,-27.809466666666665
Czechia,CZE,2021-04,KTR,-22.490533333333335
Czechia,CZE,2021-04,SAP,5.6857999999999995
Czechia,CZE,2021-05,RCF,-23.023064516129033
Czechia,CZE,2021-05,TP,-8.787967741935484
Czechia,CZE,2021-05,KTR,-11.603645161290324
Czechia,CZE,2021-05,SAP,19.92167741935484
Czechia,CZE,2021-06,RCF,-1.1952333333333334
Czechia,CZE,2021-06,TP,4.828633333333333
Czechia,CZE,2021-06,KTR,-2.4476
Czechia,CZE,2021-06,SAP,26.409499999999998
Czechia,CZE,2021-07,RCF,2.783451612903226
Czechia,CZE,2021-07,TP,-1.2119354838709677
Czechia,CZE,2021-07,KTR,-19.534548387096773
Czechia,CZE,2021-07,SAP,23.62677419354839
Czechia,CZE,2021-08,RCF,8.396387096774195
Czechia,CZE,2021-08,TP,2.2488709677419356
Czechia,CZE,2021-08,KTR,-17.682032258064517
Czechia,CZE,2021-08,SAP,25.76967741935484
Czechia,CZE,2021-09,RCF,7.128533333333333
Czechia,CZE,2021-09,TP,11.366733333333334
Czechia,CZE,2021-09,KTR,-7.585733333333334
Czechia,CZE,2021-09,SAP,25.828566666666667
Czechia,CZE,2021-10,RCF,-0.06906451612903226
Czechia,CZE,2021-10,TP,2.737290322580645
Czechia,CZE,2021-10,KTR,-9.193612903225807
Czechia,CZE,2021-10,SAP,19.75567741935484
Czechia,CZE,2021-11,RCF,-7.985633333333334
Czechia,CZE,2021-11,TP,-5.071433333333333
Czechia,CZE,2021-11,KTR,-11.2191
Czechia,CZE,2021-11,SAP,20.433333333333334
Czechia,CZE,2021-12,RCF,-12.958548387096775
Czechia,CZE,2021-12,TP,-13.580709677419355
Czechia,CZE,2021-12,KTR,-19.39174193548387
Czechia,CZE,2021-12,SAP,19.235
Czechia,CZE,2022-01,RCF,-21.774193548387096
Czechia,CZE,2022-01,TP,-20.156741935483872
Czechia,CZE,2022-01,KTR,-16.84332258064516
Czechia,CZE,2022-01,SAP,8.046032258064516
Czechia,CZE,2022-02,RCF,-13.219392857142859
Czechia,CZE,2022-02,TP,-12.928571428571429
Czechia,CZE,2022-02,KTR,-10.954107142857142
Czechia,CZE,2022-02,SAP,13.489892857142857
Czechia,CZE,2022-03,RCF,-9.262645161290322
Czechia,CZE,2022-03,TP,-0.7373225806451613
Czechia,CZE,2022-03,KTR,-5.221161290322581
Czechia,CZE,2022-03,SAP,18.44690322580645
Czechia,CZE,2022-04,RCF,-6.790533333333333
Czechia,CZE,2022-04,TP,3.3523666666666667
Czechia,CZE,2022-04,KTR,-7.814333333333334
Czechia,CZE,2022-04,SAP,20.676199999999998
Czechia,CZE,2022-05,RCF,2.8110967741935484
Czechia,CZE,2022-05,TP,16.907935483870965
Czechia,CZE,2022-05,KTR,1.1980645161290322
Czechia,CZE,2022-05,SAP,26.502290322580645
Czechia,CZE,2022-06,RCF,2.9618333333333333
Czechia,CZE,2022-06,TP,18.590433333333333
Czechia,CZE,2022-06,KTR,0.9666666666666667
Czechia,CZE,2022-06,SAP,29.795166666666667
Czechia,CZE,2022-07,RCF,-1.9642499999999998
Czechia,CZE,2022-07,TP,6.3286
Czechia,CZE,2022-07,KTR,-18.1215
Czechia,CZE,2022-07,SAP,25.81445
Denmark,DNK,2020-02,RCF,-1.1243846153846155
Denmark,DNK,2020-02,TP,-0.9067692307692308
Denmark,DNK,2020-02,KTR,-1.5089230769230768
Denmark,DNK,2020-02,SAP,-1.458307692307692
Denmark,DNK,2020-03,RCF,-14.870903225806451
Denmark,DNK,2020-03,TP,-29.972483870967743
Denmark,DNK,2020-03,KTR,-23.25351612903226
Denmark,DNK,2020-03,SAP,-9.599129032258064
Denmark,DNK,2020-04,RCF,-27.438133333333333
Denmark,DNK,2020-04,TP,-50.83336666666666
Denmark,DNK,2020-04,KTR,-43.7238
Denmark,DNK,2020-04,SAP,-8.466766666666667
Denmark,DNK,2020-05,RCF,-19.05532258064516
Denmark,DNK,2020-05,TP,-34.47003225806451
Denmark,DNK,2020-05,KTR,-27.248870967741937
Denmark,DNK,2020-05,SAP,-1.1749677419354838
Denmark,DNK,2020-06,RCF,1.5047
Denmark,DNK,2020-06,TP,-17.1524
Denmark,DNK,2020-06,KTR,-14.7095
Denmark,DNK,2020-06,SAP,2.6858666666666666
Denmark,DNK,2020-07,RCF,15.497709677419355
Denmark,DNK,2020-07,TP,-14.649806451612903
Denmark,DNK,2020-07,KTR,-33.244193548387095
Denmark,DNK,2020-07,SAP,1.9171290322580645
Denmark,DNK,2020-08,RCF,10.156709677419355
Denmark,DNK,2020-08,TP,-12.083
Denmark,DNK,2020-08,KTR,-22.20738709677419
Denmark,DNK,2020-08,SAP,-0.2488387096774194
Denmark,DNK,2020-09,RCF,2.7524
Denmark,DNK,2020-09,TP,-16.50476666666667
Denmark,DNK,2020-09,KTR,-14.304766666666668
Denmark,DNK,2020-09,SAP,-4.6285
Denmark,DNK,2020-10,RCF,1.9400967741935484
Denmark,DNK,2020-10,TP,-23.39635483870968
Denmark,DNK,2020-10,KTR,-17.05535483870968
Denmark,DNK,2020-10,SAP,-1.5345483870967742
Denmark,DNK,2020-11,RCF,-5.004833333333334
Denmark,DNK,2020-11,TP,-31.076133333333335
Denmark,DNK,2020-11,KTR,-14.285733333333333
Denmark,DNK,2020-11,SAP,-5.0380666666666665
Denmark,DNK,2020-12,RCF,-14.889322580645162
Denmark,DNK,2020-12,TP,-42.152032258064516
Denmark,DNK,2020-12,KTR,-30.62674193548387
Denmark,DNK,2020-12,SAP,-4.857129032258064
Denmark,DNK,2021-01,RCF,-44.15206451612903
Denmark,DNK,2021-01,TP,-54.340999999999994
Denmark,DNK,2021-01,KTR,-40.391612903225806
Denmark,DNK,2021-01,SAP,-18.29032258064516
Denmark,DNK,2021-02,RCF,-38.20914285714286
Denmark,DNK,2021-02,TP,-48.41325
Denmark,DNK,2021-02,KTR,-32.72942857142857
Denmark,DNK,2021-02,SAP,-10.321428571428571
Denmark,DNK,2021-03,RCF,-21.695870967741936
Denmark,DNK,2021-03,TP,-41.331870967741935
Denmark,DNK,2021-03,KTR,-24.391774193548386
Denmark,DNK,2021-03,SAP,-4.069193548387097
Denmark,DNK,2021-04,RCF,-13.442933333333334
Denmark,DNK,2021-04,TP,-34.542833333333334
Denmark,DNK,2021-04,KTR,-26.10953333333333
Denmark,DNK,2021-04,SAP,-1.8190666666666668
Denmark,DNK,2021-05,RCF,0.16125806451612898
Denmark,DNK,2021-05,TP,-25.63125806451613
Denmark,DNK,2021-05,KTR,-19.691161290322583
Denmark,DNK,2021-05,SAP,2.1981290322580644
Denmark,DNK,2021-06,RCF,12.061733333333333
Denmark,DNK,2021-06,TP,-15.166733333333333
Denmark,DNK,2021-06,KTR,-7.961966666666667
Denmark,DNK,2021-06,SAP,8.604733333333334
Denmark,DNK,2021-07,RCF,17.65893548387097
Denmark,DNK,2021-07,TP,-13.442419354838709
Denmark,DNK,2021-07,KTR,-29.792548387096772
Denmark,DNK,2021-07,SAP,8.327193548387097
Denmark,DNK,2021-08,RCF,18.67274193548387
Denmark,DNK,2021-08,TP,-7.373387096774193
Denmark,DNK,2021-08,KTR,-19.51148387096774
Denmark,DNK,2021-08,SAP,8.110612903225807
Denmark,DNK,2021-09,RCF,14.100033333333334
Denmark,DNK,2021-09,TP,-3.5142666666666664
Denmark,DNK,2021-09,KTR,-7.766766666666667
Denmark,DNK,2021-09,SAP,3.9666333333333332
Denmark,DNK,2021-10,RCF,10.571483870967743
Denmark,DNK,2021-10,TP,-13.11516129032258
Denmark,DNK,2021-10,KTR,-15.106096774193547
Denmark,DNK,2021-10,SAP,1.0092258064516129
Denmark,DNK,2021-11,RCF,9.233333333333333
Denmark,DNK,2021-11,TP,-13.699966666666667
Denmark,DNK,2021-11,KTR,-12.142933333333334
Denmark,DNK,2021-11,SAP,1.9713666666666667
Denmark,DNK,2021-12,RCF,3.1751612903225808
Denmark,DNK,2021-12,TP,-24.520741935483873
Denmark,DNK,2021-12,KTR,-25.74658064516129
Denmark,DNK,2021-12,SAP,3.424
Denmark,DNK,2022-01,RCF,-11.258096774193548
Denmark,DNK,2022-01,TP,-35.8986129032258
Denmark,DNK,2022-01,KTR,-26.10135483870968
Denmark,DNK,2022-01,SAP,-7.820290322580645
Denmark,DNK,2022-02,RCF,-2.8367142857142857
Denmark,DNK,2022-02,TP,-26.678571428571427
Denmark,DNK,2022-02,KTR,-18.678535714285715
Denmark,DNK,2022-02,SAP,-6.999928571428571
Denmark,DNK,2022-03,RCF,-0.6266774193548387
Denmark,DNK,2022-03,TP,-18.60367741935484
Denmark,DNK,2022-03,KTR,-10.05983870967742
Denmark,DNK,2022-03,SAP,-4.138354838709677
Denmark,DNK,2022-04,RCF,2.671466666666667
Denmark,DNK,2022-04,TP,-15.071433333333333
Denmark,DNK,2022-04,KTR,-18.76193333333333
Denmark,DNK,2022-04,SAP,-0.6381
Denmark,DNK,2022-05,RCF,10.580612903225807
Denmark,DNK,2022-05,TP,-6.981548387096774
Denmark,DNK,2022-05,KTR,-11.530129032258065
Denmark,DNK,2022-05,SAP,1.714225806451613
Denmark,DNK,2022-06,RCF,10.7476
Denmark,DNK,2022-06,TP,-0.042799999999999984
Denmark,DNK,2022-06,KTR,-11.852433333333332
Denmark,DNK,2022-06,SAP,3.8857
Denmark,DNK,2022-07,RCF,12.3714
Denmark,DNK,2022-07,TP,-3.1713999999999998
Denmark,DNK,2022-07,KTR,-26.3572
Denmark,DNK,2022-07,SAP,2.8714500000000003
Dominican Republic,DOM,2020-02,RCF,-3.178846153846154
Dominican Republic,DOM,2020-02,TP,-2.48
Dominican Republic,DOM,2020-02,KTR,-2.1111538461538464
Dominican Republic,DOM,2020-02,SAP,-1.0968461538461538
Dominican Republic,DOM,2020-03,RCF,-26.847967741935484
Dominican Republic,DOM,2020-03,TP,-28.096774193548388
Dominican Republic,DOM,2020-03,KTR,-23.244225806451613
Dominican Republic,DOM,2020-03,SAP,-13.64974193548387
Dominican Republic,DOM,2020-04,RCF,-72.71903333333333
Dominican Republic,DOM,2020-04,TP,-81.68103333333333
Dominican Republic,DOM,2020-04,KTR,-66.25233333333333
Dominican Republic,DOM,2020-04,SAP,-53.09523333333333
Dominican Republic,DOM,2020-05,RCF,-58.8848064516129
Dominican Republic,DOM,2020-05,TP,-72.45161290322581
Dominican Republic,DOM,2020-05,KTR,-51.562225806451615
Dominican Republic,DOM,2020-05,SAP,-40.198193548387096
Dominican Republic,DOM,2020-06,RCF,-39.9762
Dominican Republic,DOM,2020-06,TP,-54.780899999999995
Dominican Republic,DOM,2020-06,KTR,-32.9809
Dominican Republic,DOM,2020-06,SAP,-24.566633333333336
Dominican Republic,DOM,2020-07,RCF,-33.594419354838706
Dominican Republic,DOM,2020-07,TP,-45.41477419354838
Dominican Republic,DOM,2020-07,KTR,-31.755709677419354
Dominican Republic,DOM,2020-07,SAP,-17.654354838709676
Dominican Republic,DOM,2020-08,RCF,-36.83409677419355
Dominican Republic,DOM,2020-08,TP,-47.267258064516135
Dominican Republic,DOM,2020-08,KTR,-34.9123870967742
Dominican Republic,DOM,2020-08,SAP,-21.49767741935484
Dominican Republic,DOM,2020-09,RCF,-33.966766666666665
Dominican Republic,DOM,2020-09,TP,-41.63333333333333
Dominican Republic,DOM,2020-09,KTR,-32.24286666666667
Dominican Republic,DOM,2020-09,SAP,-17.057100000000002
Dominican Republic,DOM,2020-10,RCF,-33.82951612903226
Dominican Republic,DOM,2020-10,TP,-34.52990322580645
Dominican Republic,DOM,2020-10,KTR,-27.11525806451613
Dominican Republic,DOM,2020-10,SAP,-9.907774193548388
Dominican Republic,DOM,2020-11,RCF,-32.80003333333333
Dominican Republic,DOM,2020-11,TP,-28.4333
Dominican Republic,DOM,2020-11,KTR,-26.538166666666665
Dominican Republic,DOM,2020-11,SAP,-8.885666666666667
Dominican Republic,DOM,2020-12,RCF,-26.60374193548387
Dominican Republic,DOM,2020-12,TP,-16.42854838709677
Dominican Republic,DOM,2020-12,KTR,-25.142935483870968
Dominican Republic,DOM,2020-12,SAP,3.2811290322580646
Dominican Republic,DOM,2021-01,RCF,-42.35490322580645
Dominican Republic,DOM,2021-01,TP,-32.34109677419355
Dominican Republic,DOM,2021-01,KTR,-40.193612903225805
Dominican Republic,DOM,2021-01,SAP,-16.949290322580644
Dominican Republic,DOM,2021-02,RCF,-33.95928571428571
Dominican Republic,DOM,2021-02,TP,-28.489821428571428
Dominican Republic,DOM,2021-02,KTR,-29.300964285714286
Dominican Republic,DOM,2021-02,SAP,-8.13782142857143
Dominican Republic,DOM,2021-03,RCF,-28.35025806451613
Dominican Republic,DOM,2021-03,TP,-19.659
Dominican Republic,DOM,2021-03,KTR,-25.106032258064516
Dominican Republic,DOM,2021-03,SAP,-1.1659354838709677
Dominican Republic,DOM,2021-04,RCF,-25.409499999999998
Dominican Republic,DOM,2021-04,TP,-16.895333333333333
Dominican Republic,DOM,2021-04,KTR,-25.99996666666667
Dominican Republic,DOM,2021-04,SAP,2.4238
Dominican Republic,DOM,2021-05,RCF,-17.00461290322581
Dominican Republic,DOM,2021-05,TP,-3.207451612903226
Dominican Republic,DOM,2021-05,KTR,-19.50674193548387
Dominican Republic,DOM,2021-05,SAP,11.612806451612904
Dominican Republic,DOM,2021-06,RCF,-17.3429
Dominican Republic,DOM,2021-06,TP,-0.1427999999999999
Dominican Republic,DOM,2021-06,KTR,-22.418999999999997
Dominican Republic,DOM,2021-06,SAP,13.400033333333333
Dominican Republic,DOM,2021-07,RCF,-9.35483870967742
Dominican Republic,DOM,2021-07,TP,6.529967741935484
Dominican Republic,DOM,2021-07,KTR,-19.488419354838708
Dominican Republic,DOM,2021-07,SAP,19.898645161290325
Dominican Republic,DOM,2021-08,RCF,-5.85258064516129
Dominican Republic,DOM,2021-08,TP,8.718838709677419
Dominican Republic,DOM,2021-08,KTR,-20.216677419354838
Dominican Republic,DOM,2021-08,SAP,21.658967741935484
Dominican Republic,DOM,2021-09,RCF,-2.8096
Dominican Republic,DOM,2021-09,TP,10.3142
Dominican Republic,DOM,2021-09,KTR,-17.209533333333333
Dominican Republic,DOM,2021-09,SAP,24.4857
Dominican Republic,DOM,2021-10,RCF,-3.350258064516129
Dominican Republic,DOM,2021-10,TP,9.18890322580645
Dominican Republic,DOM,2021-10,KTR,-12.999903225806452
Dominican Republic,DOM,2021-10,SAP,23.732774193548387
Dominican Republic,DOM,2021-11,RCF,0.06189999999999996
Dominican Republic,DOM,2021-11,TP,12.923766666666667
Dominican Republic,DOM,2021-11,KTR,-11.952300000000001
Dominican Republic,DOM,2021-11,SAP,26.7952
Dominican Republic,DOM,2021-12,RCF,8.428612903225806
Dominican Republic,DOM,2021-12,TP,22.898548387096774
Dominican Republic,DOM,2021-12,KTR,-12.79258064516129
Dominican Republic,DOM,2021-12,SAP,39.58525806451613
Dominican Republic,DOM,2022-01,RCF,-1.7741612903225807
Dominican Republic,DOM,2022-01,TP,8.05532258064516
Dominican Republic,DOM,2022-01,KTR,-21.72809677419355
Dominican Republic,DOM,2022-01,SAP,30.55306451612903
Dominican Republic,DOM,2022-02,RCF,4.775428571428571
Dominican Republic,DOM,2022-02,TP,16.571428571428573
Dominican Republic,DOM,2022-02,KTR,-1.3775357142857143
Dominican Republic,DOM,2022-02,SAP,34.54607142857143
Dominican Republic,DOM,2022-03,RCF,1.9953870967741936
Dominican Republic,DOM,2022-03,TP,12.493096774193548
Dominican Republic,DOM,2022-03,KTR,1.5529032258064517
Dominican Republic,DOM,2022-03,SAP,31.10132258064516
Dominican Republic,DOM,2022-04,RCF,-1.8046666666666666
Dominican Republic,DOM,2022-04,TP,8.1809
Dominican Republic,DOM,2022-04,KTR,-6.295333333333333
Dominican Republic,DOM,2022-04,SAP,27.633366666666667
Dominican Republic,DOM,2022-05,RCF,1.7189354838709676
Dominican Republic,DOM,2022-05,TP,11.16132258064516
Dominican Republic,DOM,2022-05,KTR,-0.8571935483870968
Dominican Republic,DOM,2022-05,SAP,31.792645161290324
Dominican Republic,DOM,2022-06,RCF,0.5286000000000001
Dominican Republic,DOM,2022-06,TP,10.538133333333333
Dominican Republic,DOM,2022-06,KTR,-1.8952333333333333
Dominican Republic,DOM,2022-06,SAP,30.6429
Dominican Republic,DOM,2022-07,RCF,1.53575
Dominican Republic,DOM,2022-07,TP,13.60715
Dominican Republic,DOM,2022-07,KTR,-3.5857
Dominican Republic,DOM,2022-07,SAP,30.2571
Ecuador,ECU,2020-02,RCF,-1.3387692307692307
Ecuador,ECU,2020-02,TP,-3.508
Ecuador,ECU,2020-02,KTR,-13.72223076923077
Ecuador,ECU,2020-02,SAP,-2.3303846153846157
Ecuador,ECU,2020-03,RCF,-34.71890322580645
Ecuador,ECU,2020-03,TP,-33.89403225806451
Ecuador,ECU,2020-03,KTR,-35.216645161290316
Ecuador,ECU,2020-03,SAP,-21.774193548387096
Ecuador,ECU,2020-04,RCF,-80.8571
Ecuador,ECU,2020-04,TP,-79.85706666666667
Ecuador,ECU,2020-04,KTR,-75.49043333333334
Ecuador,ECU,2020-04,SAP,-64.60956666666667
Ecuador,ECU,2020-05,RCF,-67.765
Ecuador,ECU,2020-05,TP,-69.72341935483871
Ecuador,ECU,2020-05,KTR,-59.23035483870968
Ecuador,ECU,2020-05,SAP,-50.92164516129032
Ecuador,ECU,2020-06,RCF,-45.304766666666666
Ecuador,ECU,2020-06,TP,-52.3238
Ecuador,ECU,2020-06,KTR,-37.8095
Ecuador,ECU,2020-06,SAP,-28.204766666666668
Ecuador,ECU,2020-07,RCF,-37.16583870967742
Ecuador,ECU,2020-07,TP,-47.35490322580645
Ecuador,ECU,2020-07,KTR,-33.18435483870967
Ecuador,ECU,2020-07,SAP,-19.86177419354839
Ecuador,ECU,2020-08,RCF,-32.774258064516125
Ecuador,ECU,2020-08,TP,-43.88025806451613
Ecuador,ECU,2020-08,KTR,-31.668193548387094
Ecuador,ECU,2020-08,SAP,-15.216516129032257
Ecuador,ECU,2020-09,RCF,-27.366600000000002
Ecuador,ECU,2020-09,TP,-34.71906666666667
Ecuador,ECU,2020-09,KTR,-27.3905
Ecuador,ECU,2020-09,SAP,-8.861933333333333
Ecuador,ECU,2020-10,RCF,-25.0551935483871
Ecuador,ECU,2020-10,TP,-22.327193548387097
Ecuador,ECU,2020-10,KTR,-24.700451612903226
Ecuador,ECU,2020-10,SAP,-2.21658064516129
Ecuador,ECU,2020-11,RCF,-23.41913333333333
Ecuador,ECU,2020-11,TP,-21.147533333333335
Ecuador,ECU,2020-11,KTR,-23.0096
Ecuador,ECU,2020-11,SAP,-1.1809666666666667
Ecuador,ECU,2020-12,RCF,-17.350193548387097
Ecuador,ECU,2020-12,TP,-13.976935483870967
Ecuador,ECU,2020-12,KTR,-19.350258064516126
Ecuador,ECU,2020-12,SAP,10.682032258064515
Ecuador,ECU,2021-01,RCF,-26.562258064516126
Ecuador,ECU,2021-01,TP,-22.566806451612905
Ecuador,ECU,2021-01,KTR,-26.48390322580645
Ecuador,ECU,2021-01,SAP,-2.99541935483871
Ecuador,ECU,2021-02,RCF,-22.311285714285713
Ecuador,ECU,2021-02,TP,-18.01532142857143
Ecuador,ECU,2021-02,KTR,-25.949071428571433
Ecuador,ECU,2021-02,SAP,3.0663214285714284
Ecuador,ECU,2021-03,RCF,-16.74658064516129
Ecuador,ECU,2021-03,TP,-13.059967741935484
Ecuador,ECU,2021-03,KTR,-21.30406451612903
Ecuador,ECU,2021-03,SAP,11.115193548387097
Ecuador,ECU,2021-04,RCF,-21.704733333333333
Ecuador,ECU,2021-04,TP,-14.790600000000001
Ecuador,ECU,2021-04,KTR,-26.295133333333336
Ecuador,ECU,2021-04,SAP,11.447566666666667
Ecuador,ECU,2021-05,RCF,-20.447
Ecuador,ECU,2021-05,TP,-15.456225806451611
Ecuador,ECU,2021-05,KTR,-29.783451612903228
Ecuador,ECU,2021-05,SAP,12.105935483870967
Ecuador,ECU,2021-06,RCF,-0.25720000000000004
Ecuador,ECU,2021-06,TP,6.8857333333333335
Ecuador,ECU,2021-06,KTR,-13.519
Ecuador,ECU,2021-06,SAP,30.771400000000003
Ecuador,ECU,2021-07,RCF,6.6129354838709675
Ecuador,ECU,2021-07,TP,12.926354838709678
Ecuador,ECU,2021-07,KTR,-11.659032258064517
Ecuador,ECU,2021-07,SAP,35.39164516129033
Ecuador,ECU,2021-08,RCF,13.396322580645162
Ecuador,ECU,2021-08,TP,18.147451612903225
Ecuador,ECU,2021-08,KTR,-10.308870967741935
Ecuador,ECU,2021-08,SAP,41.05987096774194
Ecuador,ECU,2021-09,RCF,15.904666666666666
Ecuador,ECU,2021-09,TP,19.309466666666665
Ecuador,ECU,2021-09,KTR,-6.090533333333334
Ecuador,ECU,2021-09,SAP,42.057066666666664
Ecuador,ECU,2021-10,RCF,19.188935483870967
Ecuador,ECU,2021-10,TP,21.640612903225808
Ecuador,ECU,2021-10,KTR,-3.7925806451612902
Ecuador,ECU,2021-10,SAP,43.55767741935484
Ecuador,ECU,2021-11,RCF,23.557166666666667
Ecuador,ECU,2021-11,TP,24.6619
Ecuador,ECU,2021-11,KTR,-3.952366666666667
Ecuador,ECU,2021-11,SAP,46.795233333333336
Ecuador,ECU,2021-12,RCF,34.60370967741935
Ecuador,ECU,2021-12,TP,31.88935483870968
Ecuador,ECU,2021-12,KTR,2.9123225806451614
Ecuador,ECU,2021-12,SAP,62.234967741935485
Ecuador,ECU,2022-01,RCF,12.820258064516128
Ecuador,ECU,2022-01,TP,10.414806451612902
Ecuador,ECU,2022-01,KTR,-8.552935483870968
Ecuador,ECU,2022-01,SAP,43.359419354838714
Ecuador,ECU,2022-02,RCF,25.469428571428573
Ecuador,ECU,2022-02,TP,22.91335714285714
Ecuador,ECU,2022-02,KTR,6.367321428571429
Ecuador,ECU,2022-02,SAP,50.045928571428576
Ecuador,ECU,2022-03,RCF,25.21206451612903
Ecuador,ECU,2022-03,TP,19.838612903225805
Ecuador,ECU,2022-03,KTR,10.511516129032257
Ecuador,ECU,2022-03,SAP,49.31793548387097
Ecuador,ECU,2022-04,RCF,29.919066666666666
Ecuador,ECU,2022-04,TP,26.6952
Ecuador,ECU,2022-04,KTR,15.6952
Ecuador,ECU,2022-04,SAP,53.93333333333333
Ecuador,ECU,2022-05,RCF,33.769548387096776
Ecuador,ECU,2022-05,TP,30.926322580645163
Ecuador,ECU,2022-05,KTR,21.05058064516129
Ecuador,ECU,2022-05,SAP,60.5068064516129
Ecuador,ECU,2022-06,RCF,21.595166666666668
Ecuador,ECU,2022-06,TP,13.338133333333333
Ecuador,ECU,2022-06,KTR,17.919066666666666
Ecuador,ECU,2022-06,SAP,50.876200000000004
Ecuador,ECU,2022-07,RCF,32.2857
Ecuador,ECU,2022-07,TP,26.928499999999996
Ecuador,ECU,2022-07,KTR,22.3714
Ecuador,ECU,2022-07,SAP,58.1072
Egypt,EGY,2020-02,RCF,-1.4584615384615385
Egypt,EGY,2020-02,TP,4.121538461538462
Egypt,EGY,2020-02,KTR,8.609461538461538
Egypt,EGY,2020-02,SAP,2.2343846153846156
Egypt,EGY,2020-03,RCF,-20.382516129032258
Egypt,EGY,2020-03,TP,-19.170548387096776
Egypt,EGY,2020-03,KTR,-8.903225806451612
Egypt,EGY,2020-03,SAP,-6.958516129032258
Egypt,EGY,2020-04,RCF,-58.076233333333334
Egypt,EGY,2020-04,TP,-53.4905
Egypt,EGY,2020-04,KTR,-36.45713333333333
Egypt,EGY,2020-04,SAP,-14.814133333333332
Egypt,EGY,2020-05,RCF,-53.419387096774194
Egypt,EGY,2020-05,TP,-48.728096774193546
Egypt,EGY,2020-05,KTR,-30.3961935483871
Egypt,EGY,2020-05,SAP,-4.202806451612903
Egypt,EGY,2020-06,RCF,-49.214333333333336
Egypt,EGY,2020-06,TP,-43.48576666666667
Egypt,EGY,2020-06,KTR,-23.014266666666668
Egypt,EGY,2020-06,SAP,-2.2380666666666666
Egypt,EGY,2020-07,RCF,-28.073709677419355
Egypt,EGY,2020-07,TP,-24.70974193548387
Egypt,EGY,2020-07,KTR,-16.732741935483872
Egypt,EGY,2020-07,SAP,13.755677419354837
Egypt,EGY,2020-08,RCF,-19.765032258064515
Egypt,EGY,2020-08,TP,-19.806451612903224
Egypt,EGY,2020-08,KTR,-20.01838709677419
Egypt,EGY,2020-08,SAP,16.963161290322578
Egypt,EGY,2020-09,RCF,-16.314233333333334
Egypt,EGY,2020-09,TP,-12.761933333333333
Egypt,EGY,2020-09,KTR,-11.9286
Egypt,EGY,2020-09,SAP,22.371399999999998
Egypt,EGY,2020-10,RCF,-16.677451612903226
Egypt,EGY,2020-10,TP,-4.456225806451613
Egypt,EGY,2020-10,KTR,-8.953903225806453
Egypt,EGY,2020-10,SAP,41.133709677419354
Egypt,EGY,2020-11,RCF,-17.676233333333336
Egypt,EGY,2020-11,TP,-2.9808999999999997
Egypt,EGY,2020-11,KTR,-4.423766666666666
Egypt,EGY,2020-11,SAP,34.471466666666664
Egypt,EGY,2020-12,RCF,-17.48851612903226
Egypt,EGY,2020-12,TP,-1.2396129032258063
Egypt,EGY,2020-12,KTR,-1.4469032258064516
Egypt,EGY,2020-12,SAP,35.815709677419356
Egypt,EGY,2021-01,RCF,-20.921645161290325
Egypt,EGY,2021-01,TP,-16.557548387096773
Egypt,EGY,2021-01,KTR,-13.755774193548387
Egypt,EGY,2021-01,SAP,31.525387096774196
Egypt,EGY,2021-02,RCF,-21.081678571428572
Egypt,EGY,2021-02,TP,-22.413142857142855
Egypt,EGY,2021-02,KTR,-14.04082142857143
Egypt,EGY,2021-02,SAP,32.96425
Egypt,EGY,2021-03,RCF,-12.792677419354838
Egypt,EGY,2021-03,TP,-4.663548387096774
Egypt,EGY,2021-03,KTR,-5.128967741935484
Egypt,EGY,2021-03,SAP,47.75106451612903
Egypt,EGY,2021-04,RCF,-12.823833333333333
Egypt,EGY,2021-04,TP,-1.5428
Egypt,EGY,2021-04,KTR,-4.585666666666667
Egypt,EGY,2021-04,SAP,56.23806666666667
Egypt,EGY,2021-05,RCF,-10.442290322580645
Egypt,EGY,2021-05,TP,-2.3501935483870966
Egypt,EGY,2021-05,KTR,-15.502290322580643
Egypt,EGY,2021-05,SAP,64.34567741935483
Egypt,EGY,2021-06,RCF,5.328533333333334
Egypt,EGY,2021-06,TP,16.019133333333333
Egypt,EGY,2021-06,KTR,-2.6143
Egypt,EGY,2021-06,SAP,85.0047
Egypt,EGY,2021-07,RCF,9.695870967741936
Egypt,EGY,2021-07,TP,16.410193548387095
Egypt,EGY,2021-07,KTR,-12.977032258064517
Egypt,EGY,2021-07,SAP,94.2395806451613
Egypt,EGY,2021-08,RCF,12.870870967741936
Egypt,EGY,2021-08,TP,24.391612903225806
Egypt,EGY,2021-08,KTR,-2.428612903225807
Egypt,EGY,2021-08,SAP,101.12441935483871
Egypt,EGY,2021-09,RCF,14.581
Egypt,EGY,2021-09,TP,28.11433333333333
Egypt,EGY,2021-09,KTR,1.5381333333333334
Egypt,EGY,2021-09,SAP,105.59033333333333
Egypt,EGY,2021-10,RCF,17.87093548387097
Egypt,EGY,2021-10,TP,37.79251612903226
Egypt,EGY,2021-10,KTR,4.5438064516129035
Egypt,EGY,2021-10,SAP,113.02303225806452
Egypt,EGY,2021-11,RCF,17.7142
Egypt,EGY,2021-11,TP,41.2762
Egypt,EGY,2021-11,KTR,13.057133333333333
Egypt,EGY,2021-11,SAP,112.85249999999999
Egypt,EGY,2021-12,RCF,15.02767741935484
Egypt,EGY,2021-12,TP,41.11987096774193
Egypt,EGY,2021-12,KTR,21.308677419354837
Egypt,EGY,2021-12,SAP,108.5299677419355
Egypt,EGY,2022-01,RCF,7.483935483870968
Egypt,EGY,2022-01,TP,31.023032258064514
Egypt,EGY,2022-01,KTR,18.198129032258066
Egypt,EGY,2022-01,SAP,97.94003225806452
Egypt,EGY,2022-02,RCF,16.28567857142857
Egypt,EGY,2022-02,TP,41.2245
Egypt,EGY,2022-02,KTR,20.295964285714287
Egypt,EGY,2022-02,SAP,105.97957142857142
Egypt,EGY,2022-03,RCF,14.465451612903227
Egypt,EGY,2022-03,TP,56.138225806451615
Egypt,EGY,2022-03,KTR,34.27651612903226
Egypt,EGY,2022-03,SAP,109.89864516129033
Egypt,EGY,2022-04,RCF,9.600033333333332
Egypt,EGY,2022-04,TP,44.63816666666666
Egypt,EGY,2022-04,KTR,27.895333333333333
Egypt,EGY,2022-04,SAP,110.3001
Egypt,EGY,2022-05,RCF,13.493096774193548
Egypt,EGY,2022-05,TP,41.58532258064516
Egypt,EGY,2022-05,KTR,16.105967741935483
Egypt,EGY,2022-05,SAP,105.14287096774194
Egypt,EGY,2022-06,RCF,14.8667
Egypt,EGY,2022-06,TP,45.7667
Egypt,EGY,2022-06,KTR,24.980933333333333
Egypt,EGY,2022-06,SAP,104.0951
Egypt,EGY,2022-07,RCF,18.05715
Egypt,EGY,2022-07,TP,36.70715
Egypt,EGY,2022-07,KTR,1.0285999999999997
Egypt,EGY,2022-07,SAP,109.75
El Salvador,SLV,2020-02,RCF,0.5059230769230769
El Salvador,SLV,2020-02,TP,0.29915384615384616
El Salvador,SLV,2020-02,KTR,3.8056923076923073
El Salvador,SLV,2020-02,SAP,1.665769230769231
El Salvador,SLV,2020-03,RCF,-25.493032258064517
El Salvador,SLV,2020-03,TP,-25.815645161290323
El Salvador,SLV,2020-03,KTR,-16.967741935483872
El Salvador,SLV,2020-03,SAP,-10.133645161290321
El Salvador,SLV,2020-04,RCF,-74.2952
El Salvador,SLV,2020-04,TP,-69.44766666666666
El Salvador,SLV,2020-04,KTR,-63.042833333333334
El Salvador,SLV,2020-04,SAP,-52.0095
El Salvador,SLV,2020-05,RCF,-74.72345161290323
El Salvador,SLV,2020-05,TP,-71.54374193548387
El Salvador,SLV,2020-05,KTR,-59.866354838709675
El Salvador,SLV,2020-05,SAP,-53.96764516129033
El Salvador,SLV,2020-06,RCF,-64.18576666666667
El Salvador,SLV,2020-06,TP,-66.11906666666667
El Salvador,SLV,2020-06,KTR,-50.99046666666666
El Salvador,SLV,2020-06,SAP,-42.10953333333334
El Salvador,SLV,2020-07,RCF,-53.682
El Salvador,SLV,2020-07,TP,-58.86638709677419
El Salvador,SLV,2020-07,KTR,-43.72358064516129
El Salvador,SLV,2020-07,SAP,-30.977032258064515
El Salvador,SLV,2020-08,RCF,-48.21190322580645
El Salvador,SLV,2020-08,TP,-54.31345161290323
El Salvador,SLV,2020-08,KTR,-40.82029032258065
El Salvador,SLV,2020-08,SAP,-26.419387096774194
El Salvador,SLV,2020-09,RCF,-34.147666666666666
El Salvador,SLV,2020-09,TP,-35.10946666666667
El Salvador,SLV,2020-09,KTR,-32.538133333333334
El Salvador,SLV,2020-09,SAP,-17.899966666666668
El Salvador,SLV,2020-10,RCF,-29.15206451612903
El Salvador,SLV,2020-10,TP,-22.977
El Salvador,SLV,2020-10,KTR,-26.129032258064516
El Salvador,SLV,2020-10,SAP,-10.64516129032258
El Salvador,SLV,2020-11,RCF,-23.366633333333333
El Salvador,SLV,2020-11,TP,-19.099966666666667
El Salvador,SLV,2020-11,KTR,-23.08086666666667
El Salvador,SLV,2020-11,SAP,-8.490466666666666
El Salvador,SLV,2020-12,RCF,-9.852612903225806
El Salvador,SLV,2020-12,TP,1.829516129032258
El Salvador,SLV,2020-12,KTR,-19.341
El Salvador,SLV,2020-12,SAP,6.239645161290323
El Salvador,SLV,2021-01,RCF,-18.414774193548386
El Salvador,SLV,2021-01,TP,-12.502354838709676
El Salvador,SLV,2021-01,KTR,-24.258064516129032
El Salvador,SLV,2021-01,SAP,-4.4561935483870965
El Salvador,SLV,2021-02,RCF,-15.377571428571429
El Salvador,SLV,2021-02,TP,-10.658142857142858
El Salvador,SLV,2021-02,KTR,-19.831714285714288
El Salvador,SLV,2021-02,SAP,0.7243928571428572
El Salvador,SLV,2021-03,RCF,-10.216709677419356
El Salvador,SLV,2021-03,TP,-2.8386451612903225
El Salvador,SLV,2021-03,KTR,-17.838709677419356
El Salvador,SLV,2021-03,SAP,8.880129032258065
El Salvador,SLV,2021-04,RCF,-7.5286
El Salvador,SLV,2021-04,TP,-0.8570999999999999
El Salvador,SLV,2021-04,KTR,-20.9667
El Salvador,SLV,2021-04,SAP,12.4
El Salvador,SLV,2021-05,RCF,1.5899032258064516
El Salvador,SLV,2021-05,TP,11.05983870967742
El Salvador,SLV,2021-05,KTR,-12.737451612903225
El Salvador,SLV,2021-05,SAP,23.483774193548385
El Salvador,SLV,2021-06,RCF,4.1572
El Salvador,SLV,2021-06,TP,15.914333333333333
El Salvador,SLV,2021-06,KTR,-10.338066666666666
El Salvador,SLV,2021-06,SAP,26.723833333333335
El Salvador,SLV,2021-07,RCF,7.212
El Salvador,SLV,2021-07,TP,18.474612903225804
El Salvador,SLV,2021-07,KTR,-7.290225806451613
El Salvador,SLV,2021-07,SAP,30.294967741935483
El Salvador,SLV,2021-08,RCF,8.649709677419356
El Salvador,SLV,2021-08,TP,17.732774193548387
El Salvador,SLV,2021-08,KTR,-12.147516129032258
El Salvador,SLV,2021-08,SAP,31.064612903225807
El Salvador,SLV,2021-09,RCF,11.804666666666666
El Salvador,SLV,2021-09,TP,16.7334
El Salvador,SLV,2021-09,KTR,-4.671433333333334
El Salvador,SLV,2021-09,SAP,35.462
El Salvador,SLV,2021-10,RCF,14.336419354838709
El Salvador,SLV,2021-10,TP,20.760322580645163
El Salvador,SLV,2021-10,KTR,-1.4607741935483871
El Salvador,SLV,2021-10,SAP,39.83877419354839
El Salvador,SLV,2021-11,RCF,20.5523
El Salvador,SLV,2021-11,TP,29.966633333333334
El Salvador,SLV,2021-11,KTR,0.004666666666666656
El Salvador,SLV,2021-11,SAP,45.142900000000004
El Salvador,SLV,2021-12,RCF,35.52532258064517
El Salvador,SLV,2021-12,TP,47.95854838709677
El Salvador,SLV,2021-12,KTR,2.359483870967742
El Salvador,SLV,2021-12,SAP,61.511548387096774
El Salvador,SLV,2022-01,RCF,18.939967741935483
El Salvador,SLV,2022-01,TP,29.22577419354839
El Salvador,SLV,2022-01,KTR,-1.0922258064516128
El Salvador,SLV,2022-01,SAP,47.36864516129032
El Salvador,SLV,2022-02,RCF,23.081535714285714
El Salvador,SLV,2022-02,TP,31.270464285714286
El Salvador,SLV,2022-02,KTR,12.377607142857142
El Salvador,SLV,2022-02,SAP,45.59189285714286
El Salvador,SLV,2022-03,RCF,22.91709677419355
El Salvador,SLV,2022-03,TP,37.02761290322581
El Salvador,SLV,2022-03,KTR,19.949225806451615
El Salvador,SLV,2022-03,SAP,41.1658064516129
El Salvador,SLV,2022-04,RCF,20.938100000000002
El Salvador,SLV,2022-04,TP,32.94766666666667
El Salvador,SLV,2022-04,KTR,8.566666666666666
El Salvador,SLV,2022-04,SAP,37.04756666666666
El Salvador,SLV,2022-05,RCF,26.152032258064516
El Salvador,SLV,2022-05,TP,35.26270967741935
El Salvador,SLV,2022-05,KTR,19.824774193548386
El Salvador,SLV,2022-05,SAP,41.9678064516129
El Salvador,SLV,2022-06,RCF,24.81433333333333
El Salvador,SLV,2022-06,TP,34.433233333333334
El Salvador,SLV,2022-06,KTR,18.057166666666667
El Salvador,SLV,2022-06,SAP,41.24763333333333
El Salvador,SLV,2022-07,RCF,28.407049999999998
El Salvador,SLV,2022-07,TP,36.4785
El Salvador,SLV,2022-07,KTR,21.23585
El Salvador,SLV,2022-07,SAP,43.52135
Estonia,EST,2020-02,RCF,1.5296153846153844
Estonia,EST,2020-02,TP,0.6398461538461538
Estonia,EST,2020-02,KTR,-7.668153846153847
Estonia,EST,2020-02,SAP,-0.010000000000000002
Estonia,EST,2020-03,RCF,-19.617451612903224
Estonia,EST,2020-03,TP,-18.511516129032255
Estonia,EST,2020-03,KTR,-19.84335483870968
Estonia,EST,2020-03,SAP,-4.138193548387097
Estonia,EST,2020-04,RCF,-48.64293333333333
Estonia,EST,2020-04,TP,-43.93816666666667
Estonia,EST,2020-04,KTR,-44.785833333333336
Estonia,EST,2020-04,SAP,-20.519000000000002
Estonia,EST,2020-05,RCF,-25.14283870967742
Estonia,EST,2020-05,TP,-23.843290322580643
Estonia,EST,2020-05,KTR,-31.345612903225806
Estonia,EST,2020-05,SAP,-5.285806451612903
Estonia,EST,2020-06,RCF,-2.6999666666666666
Estonia,EST,2020-06,TP,-3.8999666666666664
Estonia,EST,2020-06,KTR,-22.5095
Estonia,EST,2020-06,SAP,7.7904333333333335
Estonia,EST,2020-07,RCF,8.967645161290323
Estonia,EST,2020-07,TP,0.14745161290322578
Estonia,EST,2020-07,KTR,-27.211967741935485
Estonia,EST,2020-07,SAP,11.949354838709677
Estonia,EST,2020-08,RCF,7.317935483870968
Estonia,EST,2020-08,TP,-0.6313548387096773
Estonia,EST,2020-08,KTR,-26.543741935483872
Estonia,EST,2020-08,SAP,9.654322580645161
Estonia,EST,2020-09,RCF,1.5713000000000001
Estonia,EST,2020-09,TP,-4.4
Estonia,EST,2020-09,KTR,-15.780866666666666
Estonia,EST,2020-09,SAP,5.7571666666666665
Estonia,EST,2020-10,RCF,-1.9769354838709676
Estonia,EST,2020-10,TP,-9.493032258064515
Estonia,EST,2020-10,KTR,-11.474645161290322
Estonia,EST,2020-10,SAP,5.046096774193549
Estonia,EST,2020-11,RCF,-8.9524
Estonia,EST,2020-11,TP,-19.19043333333333
Estonia,EST,2020-11,KTR,-11.2095
Estonia,EST,2020-11,SAP,2.7143666666666664
Estonia,EST,2020-12,RCF,-15.40558064516129
Estonia,EST,2020-12,TP,-28.760354838709677
Estonia,EST,2020-12,KTR,-26.571354838709677
Estonia,EST,2020-12,SAP,2.405516129032258
Estonia,EST,2021-01,RCF,-28.041451612903224
Estonia,EST,2021-01,TP,-35.37322580645161
Estonia,EST,2021-01,KTR,-28.359451612903225
Estonia,EST,2021-01,SAP,-5.00916129032258
Estonia,EST,2021-02,RCF,-22.06117857142857
Estonia,EST,2021-02,TP,-31.852035714285712
Estonia,EST,2021-02,KTR,-18.87242857142857
Estonia,EST,2021-02,SAP,-3.4541428571428576
Estonia,EST,2021-03,RCF,-36.84787096774194
Estonia,EST,2021-03,TP,-39.27651612903226
Estonia,EST,2021-03,KTR,-30.889451612903226
Estonia,EST,2021-03,SAP,-3.4423870967741936
Estonia,EST,2021-04,RCF,-35.35713333333333
Estonia,EST,2021-04,TP,-32.3
Estonia,EST,2021-04,KTR,-30.41433333333333
Estonia,EST,2021-04,SAP,3.9762
Estonia,EST,2021-05,RCF,-10.557612903225806
Estonia,EST,2021-05,TP,-16.13358064516129
Estonia,EST,2021-05,KTR,-15.66358064516129
Estonia,EST,2021-05,SAP,14.99541935483871
Estonia,EST,2021-06,RCF,10.023766666666667
Estonia,EST,2021-06,TP,-3.8666
Estonia,EST,2021-06,KTR,-16.180933333333332
Estonia,EST,2021-06,SAP,25.128566666666664
Estonia,EST,2021-07,RCF,19.38703225806452
Estonia,EST,2021-07,TP,1.511516129032258
Estonia,EST,2021-07,KTR,-24.4561935483871
Estonia,EST,2021-07,SAP,28.470129032258065
Estonia,EST,2021-08,RCF,15.225903225806452
Estonia,EST,2021-08,TP,-3.152129032258064
Estonia,EST,2021-08,KTR,-19.516064516129035
Estonia,EST,2021-08,SAP,22.682000000000002
Estonia,EST,2021-09,RCF,8.881066666666667
Estonia,EST,2021-09,TP,-2.5096
Estonia,EST,2021-09,KTR,-10.257166666666668
Estonia,EST,2021-09,SAP,19.1286
Estonia,EST,2021-10,RCF,-1.1934838709677418
Estonia,EST,2021-10,TP,-16.322612903225806
Estonia,EST,2021-10,KTR,-13.082935483870967
Estonia,EST,2021-10,SAP,9.797193548387098
Estonia,EST,2021-11,RCF,-7.461799999999999
Estonia,EST,2021-11,TP,-22.1238
Estonia,EST,2021-11,KTR,-13.638066666666667
Estonia,EST,2021-11,SAP,8.3095
Estonia,EST,2021-12,RCF,-4.483935483870968
Estonia,EST,2021-12,TP,-21.14283870967742
Estonia,EST,2021-12,KTR,-18.064451612903227
Estonia,EST,2021-12,SAP,11.27190322580645
Estonia,EST,2022-01,RCF,-15.368612903225808
Estonia,EST,2022-01,TP,-27.493096774193546
Estonia,EST,2022-01,KTR,-21.26258064516129
Estonia,EST,2022-01,SAP,3.5161290322580645
Estonia,EST,2022-02,RCF,-16.12760714285714
Estonia,EST,2022-02,TP,-25.964285714285715
Estonia,EST,2022-02,KTR,-18.321428571428573
Estonia,EST,2022-02,SAP,4.336714285714286
Estonia,EST,2022-03,RCF,-11.37332258064516
Estonia,EST,2022-03,TP,-18.81567741935484
Estonia,EST,2022-03,KTR,-12.331677419354838
Estonia,EST,2022-03,SAP,7.67741935483871
Estonia,EST,2022-04,RCF,-3.5143
Estonia,EST,2022-04,TP,-13.4524
Estonia,EST,2022-04,KTR,-10.976133333333333
Estonia,EST,2022-04,SAP,11.933300000000001
Estonia,EST,2022-05,RCF,2.479258064516129
Estonia,EST,2022-05,TP,-5.387096774193548
Estonia,EST,2022-05,KTR,-7.106
Estonia,EST,2022-05,SAP,16.456225806451613
Estonia,EST,2022-06,RCF,6.876166666666666
Estonia,EST,2022-06,TP,1.6619
Estonia,EST,2022-06,KTR,-15.733366666666665
Estonia,EST,2022-06,SAP,21.423800000000004
Estonia,EST,2022-07,RCF,12.5143
Estonia,EST,2022-07,TP,3.19285
Estonia,EST,2022-07,KTR,-22.714199999999998
Estonia,EST,2022-07,SAP,25.592850000000002
Fiji,FJI,2020-02,RCF,0.46007692307692305
Fiji,FJI,2020-02,TP,3.323230769230769
Fiji,FJI,2020-02,KTR,7.212307692307693
Fiji,FJI,2020-02,SAP,-1.6958461538461538
Fiji,FJI,2020-03,RCF,-5.235032258064516
Fiji,FJI,2020-03,TP,-9.207387096774193
Fiji,FJI,2020-03,KTR,3.0783225806451613
Fiji,FJI,2020-03,SAP,-5.511483870967742
Fiji,FJI,2020-04,RCF,-39.995266666666666
Fiji,FJI,2020-04,TP,-52.766600000000004
Fiji,FJI,2020-04,KTR,-31.0429
Fiji,FJI,2020-04,SAP,-27.247766666666667
Fiji,FJI,2020-05,RCF,-19.73725806451613
Fiji,FJI,2020-05,TP,-28.465387096774194
Fiji,FJI,2020-05,KTR,-13.423967741935485
Fiji,FJI,2020-05,SAP,-9.322612903225806
Fiji,FJI,2020-06,RCF,-14.509466666666667
Fiji,FJI,2020-06,TP,-25.790433333333333
Fiji,FJI,2020-06,KTR,-8.328666666666667
Fiji,FJI,2020-06,SAP,-4.3905
Fiji,FJI,2020-07,RCF,-8.036870967741935
Fiji,FJI,2020-07,TP,-22.84793548387097
Fiji,FJI,2020-07,KTR,-6.5760645161290325
Fiji,FJI,2020-07,SAP,4.534677419354838
Fiji,FJI,2020-08,RCF,-1.3762727272727273
Fiji,FJI,2020-08,TP,-16.735064516129032
Fiji,FJI,2020-08,KTR,-3.858709677419355
Fiji,FJI,2020-08,SAP,8.895967741935483
Fiji,FJI,2020-09,RCF,4.73945
Fiji,FJI,2020-09,TP,-16.293666666666667
Fiji,FJI,2020-09,KTR,-6.9627
Fiji,FJI,2020-09,SAP,5.538033333333333
Fiji,FJI,2020-10,RCF,1.5807096774193548
Fiji,FJI,2020-10,TP,-18.930870967741935
Fiji,FJI,2020-10,KTR,-3.5668709677419352
Fiji,FJI,2020-10,SAP,5.101354838709677
Fiji,FJI,2020-11,RCF,-0.09053333333333329
Fiji,FJI,2020-11,TP,-21.776200000000003
Fiji,FJI,2020-11,KTR,-10.166666666666666
Fiji,FJI,2020-11,SAP,2.7762000000000002
Fiji,FJI,2020-12,RCF,1.0091935483870969
Fiji,FJI,2020-12,TP,-24.124451612903226
Fiji,FJI,2020-12,KTR,-15.608258064516129
Fiji,FJI,2020-12,SAP,5.327064516129033
Fiji,FJI,2021-01,RCF,-2.8064193548387095
Fiji,FJI,2021-01,TP,-25.700483870967744
Fiji,FJI,2021-01,KTR,-18.898612903225807
Fiji,FJI,2021-01,SAP,-3.589806451612903
Fiji,FJI,2021-02,RCF,-3.0356785714285714
Fiji,FJI,2021-02,TP,-34.811142857142855
Fiji,FJI,2021-02,KTR,-16.326607142857142
Fiji,FJI,2021-02,SAP,-3.4029285714285717
Fiji,FJI,2021-03,RCF,14.553
Fiji,FJI,2021-03,TP,-21.308774193548388
Fiji,FJI,2021-03,KTR,-6.903225806451613
Fiji,FJI,2021-03,SAP,11.26258064516129
Fiji,FJI,2021-04,RCF,3.671466666666667
Fiji,FJI,2021-04,TP,-24.357166666666668
Fiji,FJI,2021-04,KTR,-15.595166666666668
Fiji,FJI,2021-04,SAP,7.638066666666666
Fiji,FJI,2021-05,RCF,-44.847903225806455
Fiji,FJI,2021-05,TP,-60.548483870967736
Fiji,FJI,2021-05,KTR,-50.820354838709676
Fiji,FJI,2021-05,SAP,-19.61296774193548
Fiji,FJI,2021-06,RCF,-24.600033333333332
Fiji,FJI,2021-06,TP,-53.21906666666667
Fiji,FJI,2021-06,KTR,-33.19533333333333
Fiji,FJI,2021-06,SAP,-3.390533333333333
Fiji,FJI,2021-07,RCF,-23.56674193548387
Fiji,FJI,2021-07,TP,-54.21651612903226
Fiji,FJI,2021-07,KTR,-33.61293548387097
Fiji,FJI,2021-07,SAP,-2.944645161290323
Fiji,FJI,2021-08,RCF,-12.769548387096775
Fiji,FJI,2021-08,TP,-52.67741935483871
Fiji,FJI,2021-08,KTR,-25.801870967741934
Fiji,FJI,2021-08,SAP,6.235
Fiji,FJI,2021-09,RCF,-0.5714333333333333
Fiji,FJI,2021-09,TP,-47.3429
Fiji,FJI,2021-09,KTR,-18.0475
Fiji,FJI,2021-09,SAP,16.6762
Fiji,FJI,2021-10,RCF,16.958451612903225
Fiji,FJI,2021-10,TP,-31.82951612903226
Fiji,FJI,2021-10,KTR,-7.069096774193548
Fiji,FJI,2021-10,SAP,27.824774193548386
Fiji,FJI,2021-11,RCF,28.233433333333334
Fiji,FJI,2021-11,TP,-20.371433333333336
Fiji,FJI,2021-11,KTR,0.3952666666666666
Fiji,FJI,2021-11,SAP,36.77623333333334
Fiji,FJI,2021-12,RCF,31.622129032258062
Fiji,FJI,2021-12,TP,-19.93551612903226
Fiji,FJI,2021-12,KTR,0.4286129032258064
Fiji,FJI,2021-12,SAP,37.69577419354839
Fiji,FJI,2022-01,RCF,12.67741935483871
Fiji,FJI,2022-01,TP,-31.5438064516129
Fiji,FJI,2022-01,KTR,-6.617387096774194
Fiji,FJI,2022-01,SAP,24.479225806451613
Fiji,FJI,2022-02,RCF,25.321428571428573
Fiji,FJI,2022-02,TP,-17.52039285714286
Fiji,FJI,2022-02,KTR,16.23482142857143
Fiji,FJI,2022-02,SAP,36.214285714285715
Fiji,FJI,2022-03,RCF,30.281096774193546
Fiji,FJI,2022-03,TP,-15.917064516129033
Fiji,FJI,2022-03,KTR,24.281
Fiji,FJI,2022-03,SAP,43.08293548387096
Fiji,FJI,2022-04,RCF,40.26200000000001
Fiji,FJI,2022-04,TP,-7.100066666666667
Fiji,FJI,2022-04,KTR,21.366699999999998
Fiji,FJI,2022-04,SAP,52.9429
Fiji,FJI,2022-05,RCF,46.12896774193548
Fiji,FJI,2022-05,TP,-2.0138064516129033
Fiji,FJI,2022-05,KTR,32.31809677419355
Fiji,FJI,2022-05,SAP,58.02764516129032
Fiji,FJI,2022-06,RCF,45.5666
Fiji,FJI,2022-06,TP,-1.3094999999999999
Fiji,FJI,2022-06,KTR,34.795233333333336
Fiji,FJI,2022-06,SAP,58.26193333333333
Fiji,FJI,2022-07,RCF,47.54275
Fiji,FJI,2022-07,TP,4.3929
Fiji,FJI,2022-07,KTR,27.999950000000002
Fiji,FJI,2022-07,SAP,61.085699999999996
Finland,FIN,2020-02,RCF,2.086307692307692
Finland,FIN,2020-02,TP,-6.096153846153846
Finland,FIN,2020-02,KTR,-9.445307692307692
Finland,FIN,2020-02,SAP,0.9583076923076923
Finland,FIN,2020-03,RCF,-18.142870967741935
Finland,FIN,2020-03,TP,-26.497709677419355
Finland,FIN,2020-03,KTR,-18.930870967741935
Finland,FIN,2020-03,SAP,-3.2719032258064518
Finland,FIN,2020-04,RCF,-45.2667
Finland,FIN,2020-04,TP,-56.8429
Finland,FIN,2020-04,KTR,-43.98096666666667
Finland,FIN,2020-04,SAP,-14.100066666666667
Finland,FIN,2020-05,RCF,-34.769612903225806
Finland,FIN,2020-05,TP,-45.99083870967742
Finland,FIN,2020-05,KTR,-33.47925806451613
Finland,FIN,2020-05,SAP,-5.101451612903226
Finland,FIN,2020-06,RCF,-12.7095
Finland,FIN,2020-06,TP,-29.633300000000002
Finland,FIN,2020-06,KTR,-29.857166666666668
Finland,FIN,2020-06,SAP,4.804733333333333
Finland,FIN,2020-07,RCF,-0.6314193548387097
Finland,FIN,2020-07,TP,-28.15664516129032
Finland,FIN,2020-07,KTR,-36.33183870967742
Finland,FIN,2020-07,SAP,4.294935483870968
Finland,FIN,2020-08,RCF,-3.0599032258064516
Finland,FIN,2020-08,TP,-26.055387096774194
Finland,FIN,2020-08,KTR,-27.852580645161293
Finland,FIN,2020-08,SAP,2.2811935483870966
Finland,FIN,2020-09,RCF,-6.7714
Finland,FIN,2020-09,TP,-26.266633333333335
Finland,FIN,2020-09,KTR,-16.595333333333333
Finland,FIN,2020-09,SAP,0.5952333333333333
Finland,FIN,2020-10,RCF,-11.930967741935484
Finland,FIN,2020-10,TP,-33.11987096774193
Finland,FIN,2020-10,KTR,-17.258096774193547
Finland,FIN,2020-10,SAP,-0.9815483870967742
Finland,FIN,2020-11,RCF,-13.842866666666668
Finland,FIN,2020-11,TP,-36.5952
Finland,FIN,2020-11,KTR,-12.9524
Finland,FIN,2020-11,SAP,-2.7716
Finland,FIN,2020-12,RCF,-20.382516129032258
Finland,FIN,2020-12,TP,-45.594419354838706
Finland,FIN,2020-12,KTR,-25.566870967741934
Finland,FIN,2020-12,SAP,-2.156709677419355
Finland,FIN,2021-01,RCF,-28.253548387096775
Finland,FIN,2021-01,TP,-46.45158064516129
Finland,FIN,2021-01,KTR,-27.239612903225808
Finland,FIN,2021-01,SAP,-10.474645161290322
Finland,FIN,2021-02,RCF,-24.70903571428571
Finland,FIN,2021-02,TP,-43.60207142857143
Finland,FIN,2021-02,KTR,-18.41839285714286
Finland,FIN,2021-02,SAP,-5.658071428571428
Finland,FIN,2021-03,RCF,-30.76961290322581
Finland,FIN,2021-03,TP,-47.94467741935484
Finland,FIN,2021-03,KTR,-24.53458064516129
Finland,FIN,2021-03,SAP,-1.2904193548387097
Finland,FIN,2021-04,RCF,-24.742900000000002
Finland,FIN,2021-04,TP,-45.02376666666667
Finland,FIN,2021-04,KTR,-22.042866666666665
Finland,FIN,2021-04,SAP,4.752466666666667
Finland,FIN,2021-05,RCF,-9.35483870967742
Finland,FIN,2021-05,TP,-35.93090322580645
Finland,FIN,2021-05,KTR,-14.18890322580645
Finland,FIN,2021-05,SAP,10.49316129032258
Finland,FIN,2021-06,RCF,4.061933333333333
Finland,FIN,2021-06,TP,-28.8714
Finland,FIN,2021-06,KTR,-21.6619
Finland,FIN,2021-06,SAP,19.4
Finland,FIN,2021-07,RCF,11.198193548387097
Finland,FIN,2021-07,TP,-27.327193548387097
Finland,FIN,2021-07,KTR,-34.327225806451615
Finland,FIN,2021-07,SAP,20.469935483870966
Finland,FIN,2021-08,RCF,4.999935483870967
Finland,FIN,2021-08,TP,-25.22583870967742
Finland,FIN,2021-08,KTR,-23.654419354838712
Finland,FIN,2021-08,SAP,15.92158064516129
Finland,FIN,2021-09,RCF,0.3476
Finland,FIN,2021-09,TP,-24.228566666666666
Finland,FIN,2021-09,KTR,-12.381033333333333
Finland,FIN,2021-09,SAP,11.2523
Finland,FIN,2021-10,RCF,-5.078354838709678
Finland,FIN,2021-10,TP,-28.852451612903227
Finland,FIN,2021-10,KTR,-19.926354838709678
Finland,FIN,2021-10,SAP,2.9862258064516127
Finland,FIN,2021-11,RCF,-5.519033333333334
Finland,FIN,2021-11,TP,-27.052266666666664
Finland,FIN,2021-11,KTR,-17.6571
Finland,FIN,2021-11,SAP,2.4285666666666668
Finland,FIN,2021-12,RCF,-11.37332258064516
Finland,FIN,2021-12,TP,-33.64051612903226
Finland,FIN,2021-12,KTR,-27.622129032258066
Finland,FIN,2021-12,SAP,3.8571290322580642
Finland,FIN,2022-01,RCF,-26.63593548387097
Finland,FIN,2022-01,TP,-43.59451612903226
Finland,FIN,2022-01,KTR,-31.170548387096776
Finland,FIN,2022-01,SAP,-3.7281290322580647
Finland,FIN,2022-02,RCF,-20.97957142857143
Finland,FIN,2022-02,TP,-35.811142857142855
Finland,FIN,2022-02,KTR,-22.999928571428573
Finland,FIN,2022-02,SAP,-2.438714285714286
Finland,FIN,2022-03,RCF,-14.695806451612903
Finland,FIN,2022-03,TP,-29.39625806451613
Finland,FIN,2022-03,KTR,-21.732806451612902
Finland,FIN,2022-03,SAP,-0.7281935483870967
Finland,FIN,2022-04,RCF,-12.552366666666668
Finland,FIN,2022-04,TP,-27.109533333333335
Finland,FIN,2022-04,KTR,-22.7047
Finland,FIN,2022-04,SAP,0.5857333333333333
Finland,FIN,2022-05,RCF,-4.9308387096774196
Finland,FIN,2022-05,TP,-21.05535483870968
Finland,FIN,2022-05,KTR,-18.778806451612905
Finland,FIN,2022-05,SAP,5.01374193548387
Finland,FIN,2022-06,RCF,-2.5428333333333333
Finland,FIN,2022-06,TP,-18.419066666666666
Finland,FIN,2022-06,KTR,-26.123733333333334
Finland,FIN,2022-06,SAP,8.8524
Finland,FIN,2022-07,RCF,1.6858
Finland,FIN,2022-07,TP,-18.42855
Finland,FIN,2022-07,KTR,-36.35725
Finland,FIN,2022-07,SAP,10.60005
France,FRA,2020-02,RCF,0.3213846153846154
France,FRA,2020-02,TP,1.2868461538461538
France,FRA,2020-02,KTR,-10.092615384615385
France,FRA,2020-02,SAP,0.5683076923076923
France,FRA,2020-03,RCF,-37.58990322580645
France,FRA,2020-03,TP,-35.12432258064516
France,FRA,2020-03,KTR,-29.44693548387097
France,FRA,2020-03,SAP,-13.940064516129032
France,FRA,2020-04,RCF,-83.52856666666666
France,FRA,2020-04,TP,-79.76673333333333
France,FRA,2020-04,KTR,-65.18573333333333
France,FRA,2020-04,SAP,-42.0286
France,FRA,2020-05,RCF,-57.949387096774196
France,FRA,2020-05,TP,-59.44703225806452
France,FRA,2020-05,KTR,-46.17048387096774
France,FRA,2020-05,SAP,-20.285677419354837
France,FRA,2020-06,RCF,-23.338033333333332
France,FRA,2020-06,TP,-30.919033333333335
France,FRA,2020-06,KTR,-21.723833333333335
France,FRA,2020-06,SAP,-3.1238333333333332
France,FRA,2020-07,RCF,-8.041419354838709
France,FRA,2020-07,TP,-15.760387096774194
France,FRA,2020-07,KTR,-23.51616129032258
France,FRA,2020-07,SAP,3.2350322580645163
France,FRA,2020-08,RCF,-6.815741935483872
France,FRA,2020-08,TP,-15.926225806451614
France,FRA,2020-08,KTR,-33.82951612903226
France,FRA,2020-08,SAP,5.313322580645161
France,FRA,2020-09,RCF,-11.7381
France,FRA,2020-09,TP,-10.723733333333334
France,FRA,2020-09,KTR,-19.671400000000002
France,FRA,2020-09,SAP,-0.7619666666666667
France,FRA,2020-10,RCF,-18.424
France,FRA,2020-10,TP,-16.543741935483872
France,FRA,2020-10,KTR,-18.686612903225804
France,FRA,2020-10,SAP,-1.861774193548387
France,FRA,2020-11,RCF,-53.2477
France,FRA,2020-11,TP,-45.86673333333333
France,FRA,2020-11,KTR,-32.48096666666667
France,FRA,2020-11,SAP,-13.623866666666666
France,FRA,2020-12,RCF,-30.483870967741936
France,FRA,2020-12,TP,-35.35022580645161
France,FRA,2020-12,KTR,-30.101387096774193
France,FRA,2020-12,SAP,3.115258064516129
France,FRA,2021-01,RCF,-42.07835483870968
France,FRA,2021-01,TP,-36.68670967741936
France,FRA,2021-01,KTR,-29.24890322580645
France,FRA,2021-01,SAP,-8.48383870967742
France,FRA,2021-02,RCF,-41.714285714285715
France,FRA,2021-02,TP,-32.70917857142857
France,FRA,2021-02,KTR,-26.979535714285714
France,FRA,2021-02,SAP,-5.469321428571428
France,FRA,2021-03,RCF,-40.004548387096776
France,FRA,2021-03,TP,-28.437709677419353
France,FRA,2021-03,KTR,-22.66354838709677
France,FRA,2021-03,SAP,1.0783548387096775
France,FRA,2021-04,RCF,-44.5189
France,FRA,2021-04,TP,-36.44753333333333
France,FRA,2021-04,KTR,-31.428600000000003
France,FRA,2021-04,SAP,2.8761333333333337
France,FRA,2021-05,RCF,-32.99993548387097
France,FRA,2021-05,TP,-21.843258064516128
France,FRA,2021-05,KTR,-25.99077419354839
France,FRA,2021-05,SAP,10.45158064516129
France,FRA,2021-06,RCF,-8.147666666666668
France,FRA,2021-06,TP,-5.9238
France,FRA,2021-06,KTR,-10.981
France,FRA,2021-06,SAP,18.833366666666667
France,FRA,2021-07,RCF,0.5207096774193548
France,FRA,2021-07,TP,-0.5391612903225806
France,FRA,2021-07,KTR,-20.77883870967742
France,FRA,2021-07,SAP,21.820322580645165
France,FRA,2021-08,RCF,-1.1611935483870968
France,FRA,2021-08,TP,-3.1382903225806453
France,FRA,2021-08,KTR,-30.603677419354838
France,FRA,2021-08,SAP,26.41016129032258
France,FRA,2021-09,RCF,-2.4427999999999996
France,FRA,2021-09,TP,6.028666666666666
France,FRA,2021-09,KTR,-14.109566666666666
France,FRA,2021-09,SAP,21.571366666666666
France,FRA,2021-10,RCF,-6.4838387096774195
France,FRA,2021-10,TP,-0.5438387096774193
France,FRA,2021-10,KTR,-11.940064516129032
France,FRA,2021-10,SAP,14.714225806451614
France,FRA,2021-11,RCF,-8.728666666666667
France,FRA,2021-11,TP,-6.5761666666666665
France,FRA,2021-11,KTR,-18.528566666666666
France,FRA,2021-11,SAP,12.471366666666666
France,FRA,2021-12,RCF,-4.723516129032258
France,FRA,2021-12,TP,-9.37783870967742
France,FRA,2021-12,KTR,-18.01377419354839
France,FRA,2021-12,SAP,23.009193548387096
France,FRA,2022-01,RCF,-18.41932258064516
France,FRA,2022-01,TP,-19.410096774193548
France,FRA,2022-01,KTR,-21.62674193548387
France,FRA,2022-01,SAP,15.69590322580645
France,FRA,2022-02,RCF,-11.892821428571429
France,FRA,2022-02,TP,-8.959321428571428
France,FRA,2022-02,KTR,-15.790857142857144
France,FRA,2022-02,SAP,12.755107142857142
France,FRA,2022-03,RCF,-12.658967741935484
France,FRA,2022-03,TP,-3.8433870967741934
France,FRA,2022-03,KTR,-9.129225806451611
France,FRA,2022-03,SAP,13.340967741935483
France,FRA,2022-04,RCF,-10.928500000000001
France,FRA,2022-04,TP,-1.7476999999999998
France,FRA,2022-04,KTR,-14.838033333333334
France,FRA,2022-04,SAP,18.976166666666664
France,FRA,2022-05,RCF,-5.078290322580645
France,FRA,2022-05,TP,4.437741935483871
France,FRA,2022-05,KTR,-11.451645161290323
France,FRA,2022-05,SAP,19.442354838709676
France,FRA,2022-06,RCF,-2.2620333333333336
France,FRA,2022-06,TP,8.752233333333333
France,FRA,2022-06,KTR,-9.271366666666667
France,FRA,2022-06,SAP,22.490533333333335
France,FRA,2022-07,RCF,-1.10715
France,FRA,2022-07,TP,8.55005
France,FRA,2022-07,KTR,-17.5501
France,FRA,2022-07,SAP,25.564349999999997
Gabon,GAB,2020-02,RCF,-3.8053076923076925
Gabon,GAB,2020-02,TP,-3.8268461538461533
Gabon,GAB,2020-02,KTR,1.9176923076923076
Gabon,GAB,2020-02,SAP,-6.865230769230769
Gabon,GAB,2020-03,RCF,-12.857161290322582
Gabon,GAB,2020-03,TP,-16.364
Gabon,GAB,2020-03,KTR,-7.276483870967742
Gabon,GAB,2020-03,SAP,-6.400935483870968
Gabon,GAB,2020-04,RCF,-42.5334
Gabon,GAB,2020-04,TP,-50.695233333333334
Gabon,GAB,2020-04,KTR,-34.61423333333333
Gabon,GAB,2020-04,SAP,-31.3905
Gabon,GAB,2020-05,RCF,-30.31793548387097
Gabon,GAB,2020-05,TP,-37.47003225806451
Gabon,GAB,2020-05,KTR,-22.953935483870968
Gabon,GAB,2020-05,SAP,-21.37316129032258
Gabon,GAB,2020-06,RCF,-22.8619
Gabon,GAB,2020-06,TP,-35.17136666666667
Gabon,GAB,2020-06,KTR,-15.238100000000001
Gabon,GAB,2020-06,SAP,-15.538033333333335
Gabon,GAB,2020-07,RCF,-14.165935483870967
Gabon,GAB,2020-07,TP,-21.285709677419355
Gabon,GAB,2020-07,KTR,-10.70958064516129
Gabon,GAB,2020-07,SAP,-7.940129032258064
Gabon,GAB,2020-08,RCF,-7.1259
Gabon,GAB,2020-08,TP,-9.2402
Gabon,GAB,2020-08,KTR,-13.193451612903226
Gabon,GAB,2020-08,SAP,-2.202451612903226
Gabon,GAB,2020-09,RCF,-4.246444444444444
Gabon,GAB,2020-09,TP,9.12038888888889
Gabon,GAB,2020-09,KTR,-11.528699999999999
Gabon,GAB,2020-09,SAP,-11.627566666666667
Gabon,GAB,2020-10,RCF,-8.497677419354838
Gabon,GAB,2020-10,TP,5.649709677419355
Gabon,GAB,2020-10,KTR,-13.470032258064517
Gabon,GAB,2020-10,SAP,-10.792612903225807
Gabon,GAB,2020-11,RCF,-8.923866666666667
Gabon,GAB,2020-11,TP,9.533333333333333
Gabon,GAB,2020-11,KTR,-10.409433333333334
Gabon,GAB,2020-11,SAP,-10.762
Gabon,GAB,2020-12,RCF,-3.672774193548387
Gabon,GAB,2020-12,TP,16.39167741935484
Gabon,GAB,2020-12,KTR,-11.345709677419354
Gabon,GAB,2020-12,SAP,-2.377838709677419
Gabon,GAB,2021-01,RCF,-13.267290322580646
Gabon,GAB,2021-01,TP,1.6636129032258065
Gabon,GAB,2021-01,KTR,-16.267225806451613
Gabon,GAB,2021-01,SAP,-12.56225806451613
Gabon,GAB,2021-02,RCF,-24.704107142857143
Gabon,GAB,2021-02,TP,-12.683678571428572
Gabon,GAB,2021-02,KTR,-23.852
Gabon,GAB,2021-02,SAP,-16.785678571428573
Gabon,GAB,2021-03,RCF,-22.354870967741935
Gabon,GAB,2021-03,TP,-8.05974193548387
Gabon,GAB,2021-03,KTR,-25.248838709677422
Gabon,GAB,2021-03,SAP,-10.299548387096774
Gabon,GAB,2021-04,RCF,-16.514266666666668
Gabon,GAB,2021-04,TP,1.1571
Gabon,GAB,2021-04,KTR,-20.7667
Gabon,GAB,2021-04,SAP,-2.1048
Gabon,GAB,2021-05,RCF,-8.64058064516129
Gabon,GAB,2021-05,TP,5.308806451612903
Gabon,GAB,2021-05,KTR,-17.285741935483873
Gabon,GAB,2021-05,SAP,4.0322903225806455
Gabon,GAB,2021-06,RCF,9.5239
Gabon,GAB,2021-06,TP,12.461933333333333
Gabon,GAB,2021-06,KTR,-6.476133333333333
Gabon,GAB,2021-06,SAP,19.061966666666667
Gabon,GAB,2021-07,RCF,16.06916129032258
Gabon,GAB,2021-07,TP,18.976903225806453
Gabon,GAB,2021-07,KTR,-11.967774193548387
Gabon,GAB,2021-07,SAP,20.078387096774197
Gabon,GAB,2021-08,RCF,19.77874193548387
Gabon,GAB,2021-08,TP,23.71893548387097
Gabon,GAB,2021-08,KTR,-16.488483870967745
Gabon,GAB,2021-08,SAP,22.036870967741937
Gabon,GAB,2021-09,RCF,20.876233333333335
Gabon,GAB,2021-09,TP,21.228599999999997
Gabon,GAB,2021-09,KTR,-11.385733333333333
Gabon,GAB,2021-09,SAP,19.904866666666667
Gabon,GAB,2021-10,RCF,24.327161290322582
Gabon,GAB,2021-10,TP,22.341032258064516
Gabon,GAB,2021-10,KTR,-5.534677419354838
Gabon,GAB,2021-10,SAP,22.451677419354837
Gabon,GAB,2021-11,RCF,21.681
Gabon,GAB,2021-11,TP,17.557166666666667
Gabon,GAB,2021-11,KTR,-3.2762666666666664
Gabon,GAB,2021-11,SAP,19.209533333333336
Gabon,GAB,2021-12,RCF,25.331870967741935
Gabon,GAB,2021-12,TP,21.45158064516129
Gabon,GAB,2021-12,KTR,-3.3272580645161294
Gabon,GAB,2021-12,SAP,24.331709677419354
Gabon,GAB,2022-01,RCF,18.38248387096774
Gabon,GAB,2022-01,TP,15.834193548387097
Gabon,GAB,2022-01,KTR,3.4377419354838707
Gabon,GAB,2022-01,SAP,15.37332258064516
Gabon,GAB,2022-02,RCF,24.99482142857143
Gabon,GAB,2022-02,TP,26.367321428571426
Gabon,GAB,2022-02,KTR,18.005107142857142
Gabon,GAB,2022-02,SAP,19.62239285714286
Gabon,GAB,2022-03,RCF,35.60374193548387
Gabon,GAB,2022-03,TP,30.640516129032257
Gabon,GAB,2022-03,KTR,29.71890322580645
Gabon,GAB,2022-03,SAP,25.829548387096775
Gabon,GAB,2022-04,RCF,38.299933333333335
Gabon,GAB,2022-04,TP,34.05233333333333
Gabon,GAB,2022-04,KTR,28.080966666666665
Gabon,GAB,2022-04,SAP,26.866666666666667
Gabon,GAB,2022-05,RCF,41.188870967741934
Gabon,GAB,2022-05,TP,38.12435483870968
Gabon,GAB,2022-05,KTR,30.11974193548387
Gabon,GAB,2022-05,SAP,31.43777419354839
Gabon,GAB,2022-06,RCF,48.3572
Gabon,GAB,2022-06,TP,42.804766666666666
Gabon,GAB,2022-06,KTR,28.061933333333336
Gabon,GAB,2022-06,SAP,35.59996666666667
Gabon,GAB,2022-07,RCF,54.6928
Gabon,GAB,2022-07,TP,49.9215
Gabon,GAB,2022-07,KTR,23.9143
Gabon,GAB,2022-07,SAP,40.9928
Georgia,GEO,2020-02,RCF,5.539384615384615
Georgia,GEO,2020-02,TP,4.534538461538461
Georgia,GEO,2020-02,KTR,5.906461538461538
Georgia,GEO,2020-02,SAP,9.125846153846153
Georgia,GEO,2020-03,RCF,-22.212064516129036
Georgia,GEO,2020-03,TP,-18.10135483870968
Georgia,GEO,2020-03,KTR,-19.848
Georgia,GEO,2020-03,SAP,-3.963225806451613
Georgia,GEO,2020-04,RCF,-71.11893333333335
Georgia,GEO,2020-04,TP,-62.93333333333333
Georgia,GEO,2020-04,KTR,-61.06186666666667
Georgia,GEO,2020-04,SAP,-45.06679999999999
Georgia,GEO,2020-05,RCF,-60.269888888888886
Georgia,GEO,2020-05,TP,-54.39683333333333
Georgia,GEO,2020-05,KTR,-50.65072222222222
Georgia,GEO,2020-05,SAP,-35.80155555555555
Georgia,GEO,2020-07,RCF,-10.645344827586207
Georgia,GEO,2020-07,TP,-14.270896551724137
Georgia,GEO,2020-07,KTR,-19.02955172413793
Georgia,GEO,2020-07,SAP,2.532034482758621
Georgia,GEO,2020-08,RCF,-2.575967741935484
Georgia,GEO,2020-08,TP,-12.43316129032258
Georgia,GEO,2020-08,KTR,-21.85258064516129
Georgia,GEO,2020-08,SAP,4.90316129032258
Georgia,GEO,2020-09,RCF,-3.6761333333333335
Georgia,GEO,2020-09,TP,-1.9904333333333333
Georgia,GEO,2020-09,KTR,-16.804666666666666
Georgia,GEO,2020-09,SAP,4.804733333333333
Georgia,GEO,2020-10,RCF,-18.14290322580645
Georgia,GEO,2020-10,TP,-2.511516129032258
Georgia,GEO,2020-10,KTR,-18.225806451612904
Georgia,GEO,2020-10,SAP,3.2811612903225806
Georgia,GEO,2020-11,RCF,-29.4
Georgia,GEO,2020-11,TP,-15.6238
Georgia,GEO,2020-11,KTR,-27.447633333333332
Georgia,GEO,2020-11,SAP,-3.833466666666667
Georgia,GEO,2020-12,RCF,-45.866354838709675
Georgia,GEO,2020-12,TP,-31.82035483870968
Georgia,GEO,2020-12,KTR,-33.86167741935484
Georgia,GEO,2020-12,SAP,-7.9677741935483875
Georgia,GEO,2021-01,RCF,-48.29490322580645
Georgia,GEO,2021-01,TP,-32.9031935483871
Georgia,GEO,2021-01,KTR,-40.0138064516129
Georgia,GEO,2021-01,SAP,-11.387096774193548
Georgia,GEO,2021-02,RCF,-37.66835714285714
Georgia,GEO,2021-02,TP,-24.24482142857143
Georgia,GEO,2021-02,KTR,-26.199
Georgia,GEO,2021-02,SAP,-1.48475
Georgia,GEO,2021-03,RCF,-25.686612903225804
Georgia,GEO,2021-03,TP,-7.092161290322581
Georgia,GEO,2021-03,KTR,-18.755741935483872
Georgia,GEO,2021-03,SAP,9.548258064516128
Georgia,GEO,2021-04,RCF,-16.638066666666667
Georgia,GEO,2021-04,TP,-1.9714666666666667
Georgia,GEO,2021-04,KTR,-11.852466666666666
Georgia,GEO,2021-04,SAP,17.881033333333335
Georgia,GEO,2021-05,RCF,-6.847967741935484
Georgia,GEO,2021-05,TP,-15.668193548387096
Georgia,GEO,2021-05,KTR,-18.824870967741937
Georgia,GEO,2021-05,SAP,27.428612903225808
Georgia,GEO,2021-06,RCF,14.242833333333333
Georgia,GEO,2021-06,TP,2.3952666666666667
Georgia,GEO,2021-06,KTR,-5.833366666666667
Georgia,GEO,2021-06,SAP,39.33323333333333
Georgia,GEO,2021-07,RCF,23.589774193548386
Georgia,GEO,2021-07,TP,5.341032258064517
Georgia,GEO,2021-07,KTR,-12.386935483870968
Georgia,GEO,2021-07,SAP,46.129064516129034
Georgia,GEO,2021-08,RCF,16.06451612903226
Georgia,GEO,2021-08,TP,-6.138290322580645
Georgia,GEO,2021-08,KTR,-21.95858064516129
Georgia,GEO,2021-08,SAP,46.29954838709678
Georgia,GEO,2021-09,RCF,15.338133333333333
Georgia,GEO,2021-09,TP,-4.804766666666667
Georgia,GEO,2021-09,KTR,-15.428566666666667
Georgia,GEO,2021-09,SAP,49.97626666666667
Georgia,GEO,2021-10,RCF,16.09683870967742
Georgia,GEO,2021-10,TP,2.5991612903225807
Georgia,GEO,2021-10,KTR,-10.359483870967741
Georgia,GEO,2021-10,SAP,51.49774193548387
Georgia,GEO,2021-11,RCF,13.290533333333334
Georgia,GEO,2021-11,TP,-0.13336666666666666
Georgia,GEO,2021-11,KTR,-8.857166666666666
Georgia,GEO,2021-11,SAP,50.24276666666666
Georgia,GEO,2021-12,RCF,12.83874193548387
Georgia,GEO,2021-12,TP,1.4100967741935482
Georgia,GEO,2021-12,KTR,0.405516129032258
Georgia,GEO,2021-12,SAP,55.59445161290322
Georgia,GEO,2022-01,RCF,-0.7602580645161291
Georgia,GEO,2022-01,TP,-8.557677419354839
Georgia,GEO,2022-01,KTR,-15.967806451612903
Georgia,GEO,2022-01,SAP,42.423967741935485
Georgia,GEO,2022-02,RCF,1.3061071428571427
Georgia,GEO,2022-02,TP,-2.765392857142857
Georgia,GEO,2022-02,KTR,-6.025428571428571
Georgia,GEO,2022-02,SAP,44.999964285714285
Georgia,GEO,2022-03,RCF,4.921709677419355
Georgia,GEO,2022-03,TP,5.041387096774193
Georgia,GEO,2022-03,KTR,4.47
Georgia,GEO,2022-03,SAP,47.893967741935484
Georgia,GEO,2022-04,RCF,16.166666666666668
Georgia,GEO,2022-04,TP,13.780866666666666
Georgia,GEO,2022-04,KTR,7.6905
Georgia,GEO,2022-04,SAP,58.8619
Georgia,GEO,2022-05,RCF,26.331709677419354
Georgia,GEO,2022-05,TP,20.308741935483873
Georgia,GEO,2022-05,KTR,14.24425806451613
Georgia,GEO,2022-05,SAP,65.24890322580644
Georgia,GEO,2022-06,RCF,34.52383333333333
Georgia,GEO,2022-06,TP,26.328500000000002
Georgia,GEO,2022-06,KTR,17.138033333333333
Georgia,GEO,2022-06,SAP,72.50003333333333
Georgia,GEO,2022-07,RCF,40.8928
Georgia,GEO,2022-07,TP,26.092950000000002
Georgia,GEO,2022-07,KTR,10.4786
Georgia,GEO,2022-07,SAP,78.14285
Germany,DEU,2020-02,RCF,1.8839230769230768
Germany,DEU,2020-02,TP,1.420923076923077
Germany,DEU,2020-02,KTR,-4.379153846153846
Germany,DEU,2020-02,SAP,2.054
Germany,DEU,2020-03,RCF,-22.460774193548385
Germany,DEU,2020-03,TP,-24.433225806451613
Germany,DEU,2020-03,KTR,-15.760451612903227
Germany,DEU,2020-03,SAP,-0.870967741935484
Germany,DEU,2020-04,RCF,-53.9904
Germany,DEU,2020-04,TP,-49.92863333333333
Germany,DEU,2020-04,KTR,-39.87616666666667
Germany,DEU,2020-04,SAP,-13.709566666666666
Germany,DEU,2020-05,RCF,-34.092193548387094
Germany,DEU,2020-05,TP,-35.20732258064516
Germany,DEU,2020-05,KTR,-26.34109677419355
Germany,DEU,2020-05,SAP,-5.580645161290323
Germany,DEU,2020-06,RCF,-16.138033333333333
Germany,DEU,2020-06,TP,-23.761833333333335
Germany,DEU,2020-06,KTR,-18.566566666666667
Germany,DEU,2020-06,SAP,-1.8666666666666667
Germany,DEU,2020-07,RCF,-5.359548387096774
Germany,DEU,2020-07,TP,-18.00916129032258
Germany,DEU,2020-07,KTR,-17.74658064516129
Germany,DEU,2020-07,SAP,2.852516129032258
Germany,DEU,2020-08,RCF,-4.861774193548388
Germany,DEU,2020-08,TP,-16.64516129032258
Germany,DEU,2020-08,KTR,-22.50225806451613
Germany,DEU,2020-08,SAP,1.520709677419355
Germany,DEU,2020-09,RCF,-2.7714333333333334
Germany,DEU,2020-09,TP,-11.157166666666665
Germany,DEU,2020-09,KTR,-14.428666666666667
Germany,DEU,2020-09,SAP,3.119066666666667
Germany,DEU,2020-10,RCF,-11.539193548387097
Germany,DEU,2020-10,TP,-19.050774193548385
Germany,DEU,2020-10,KTR,-15.981548387096774
Germany,DEU,2020-10,SAP,2.2901935483870965
Germany,DEU,2020-11,RCF,-29.3286
Germany,DEU,2020-11,TP,-29.1143
Germany,DEU,2020-11,KTR,-16.061899999999998
Germany,DEU,2020-11,SAP,-2.504766666666667
Germany,DEU,2020-12,RCF,-41.751161290322585
Germany,DEU,2020-12,TP,-40.36864516129032
Germany,DEU,2020-12,KTR,-28.635935483870966
Germany,DEU,2020-12,SAP,-6.787935483870967
Germany,DEU,2021-01,RCF,-60.98151612903226
Germany,DEU,2021-01,TP,-50.516129032258064
Germany,DEU,2021-01,KTR,-35.516129032258064
Germany,DEU,2021-01,SAP,-18.073645161290322
Germany,DEU,2021-02,RCF,-54.19389285714286
Germany,DEU,2021-02,TP,-43.4235
Germany,DEU,2021-02,KTR,-26.494857142857143
Germany,DEU,2021-02,SAP,-7.449
Germany,DEU,2021-03,RCF,-39.28574193548387
Germany,DEU,2021-03,TP,-34.71438709677419
Germany,DEU,2021-03,KTR,-18.861645161290323
Germany,DEU,2021-03,SAP,1.3179354838709678
Germany,DEU,2021-04,RCF,-40.1001
Germany,DEU,2021-04,TP,-34.97616666666667
Germany,DEU,2021-04,KTR,-23.476133333333333
Germany,DEU,2021-04,SAP,-0.6476000000000002
Germany,DEU,2021-05,RCF,-34.21209677419355
Germany,DEU,2021-05,TP,-29.21190322580645
Germany,DEU,2021-05,KTR,-21.156774193548387
Germany,DEU,2021-05,SAP,5.815709677419355
Germany,DEU,2021-06,RCF,-8.666699999999999
Germany,DEU,2021-06,TP,-16.214366666666667
Germany,DEU,2021-06,KTR,-9.833333333333334
Germany,DEU,2021-06,SAP,18.090466666666664
Germany,DEU,2021-07,RCF,-1.1335806451612904
Germany,DEU,2021-07,TP,-11.474612903225808
Germany,DEU,2021-07,KTR,-11.322548387096775
Germany,DEU,2021-07,SAP,19.764967741935486
Germany,DEU,2021-08,RCF,2.1935806451612905
Germany,DEU,2021-08,TP,-9.502258064516129
Germany,DEU,2021-08,KTR,-18.654354838709676
Germany,DEU,2021-08,SAP,18.433193548387095
Germany,DEU,2021-09,RCF,3.0905
Germany,DEU,2021-09,TP,-5.195233333333333
Germany,DEU,2021-09,KTR,-10.023833333333332
Germany,DEU,2021-09,SAP,21.780933333333333
Germany,DEU,2021-10,RCF,-1.2302903225806452
Germany,DEU,2021-10,TP,-10.442419354838709
Germany,DEU,2021-10,KTR,-12.783387096774193
Germany,DEU,2021-10,SAP,18.686645161290325
Germany,DEU,2021-11,RCF,-7.495233333333333
Germany,DEU,2021-11,TP,-15.4476
Germany,DEU,2021-11,KTR,-12.409600000000001
Germany,DEU,2021-11,SAP,16.15716666666667
Germany,DEU,2021-12,RCF,-13.47467741935484
Germany,DEU,2021-12,TP,-24.428580645161293
Germany,DEU,2021-12,KTR,-19.04151612903226
Germany,DEU,2021-12,SAP,18.29032258064516
Germany,DEU,2022-01,RCF,-21.811096774193548
Germany,DEU,2022-01,TP,-30.21206451612903
Germany,DEU,2022-01,KTR,-20.06451612903226
Germany,DEU,2022-01,SAP,6.709677419354839
Germany,DEU,2022-02,RCF,-15.775428571428572
Germany,DEU,2022-02,TP,-23.311285714285713
Germany,DEU,2022-02,KTR,-11.602
Germany,DEU,2022-02,SAP,11.80107142857143
Germany,DEU,2022-03,RCF,-11.318032258064516
Germany,DEU,2022-03,TP,-16.60367741935484
Germany,DEU,2022-03,KTR,-9.769612903225807
Germany,DEU,2022-03,SAP,16.502225806451612
Germany,DEU,2022-04,RCF,-11.033266666666666
Germany,DEU,2022-04,TP,-14.452333333333334
Germany,DEU,2022-04,KTR,-15.376233333333335
Germany,DEU,2022-04,SAP,13.895166666666666
Germany,DEU,2022-05,RCF,-0.8294516129032259
Germany,DEU,2022-05,TP,-3.0507096774193547
Germany,DEU,2022-05,KTR,-4.7740967741935485
Germany,DEU,2022-05,SAP,23.271935483870966
Germany,DEU,2022-06,RCF,-3.0572666666666666
Germany,DEU,2022-06,TP,5.923766666666666
Germany,DEU,2022-06,KTR,-9.133333333333333
Germany,DEU,2022-06,SAP,20.03803333333333
Germany,DEU,2022-07,RCF,-0.80005
Germany,DEU,2022-07,TP,7.635599999999999
Germany,DEU,2022-07,KTR,-6.4642
Germany,DEU,2022-07,SAP,24.221449999999997
Ghana,GHA,2020-02,RCF,-2.981
Ghana,GHA,2020-02,TP,-2.940230769230769
Ghana,GHA,2020-02,KTR,2.342
Ghana,GHA,2020-02,SAP,-2.856846153846154
Ghana,GHA,2020-03,RCF,-7.990741935483871
Ghana,GHA,2020-03,TP,-7.534516129032258
Ghana,GHA,2020-03,KTR,-5.271870967741935
Ghana,GHA,2020-03,SAP,-3.972258064516129
Ghana,GHA,2020-04,RCF,-44.34753333333333
Ghana,GHA,2020-04,TP,-49.395266666666664
Ghana,GHA,2020-04,KTR,-34.0666
Ghana,GHA,2020-04,SAP,-33.338166666666666
Ghana,GHA,2020-05,RCF,-23.838709677419356
Ghana,GHA,2020-05,TP,-26.377870967741934
Ghana,GHA,2020-05,KTR,-14.35474193548387
Ghana,GHA,2020-05,SAP,-11.451612903225806
Ghana,GHA,2020-06,RCF,-14.347666666666667
Ghana,GHA,2020-06,TP,-15.304733333333333
Ghana,GHA,2020-06,KTR,-7.3619
Ghana,GHA,2020-06,SAP,-1.8619333333333332
Ghana,GHA,2020-07,RCF,-7.9309677419354845
Ghana,GHA,2020-07,TP,-8.880258064516129
Ghana,GHA,2020-07,KTR,-9.281064516129033
Ghana,GHA,2020-07,SAP,5.087580645161291
Ghana,GHA,2020-08,RCF,-2.483967741935484
Ghana,GHA,2020-08,TP,-5.0690322580645155
Ghana,GHA,2020-08,KTR,-9.433193548387097
Ghana,GHA,2020-08,SAP,7.267258064516129
Ghana,GHA,2020-09,RCF,0.6618999999999999
Ghana,GHA,2020-09,TP,4.0429
Ghana,GHA,2020-09,KTR,-9.8
Ghana,GHA,2020-09,SAP,14.757100000000001
Ghana,GHA,2020-10,RCF,-2.811161290322581
Ghana,GHA,2020-10,TP,4.566806451612903
Ghana,GHA,2020-10,KTR,-12.557709677419355
Ghana,GHA,2020-10,SAP,20.350193548387097
Ghana,GHA,2020-11,RCF,1.1332333333333333
Ghana,GHA,2020-11,TP,6.352366666666667
Ghana,GHA,2020-11,KTR,-10.180966666666668
Ghana,GHA,2020-11,SAP,21.147533333333335
Ghana,GHA,2020-12,RCF,5.488516129032258
Ghana,GHA,2020-12,TP,16.668129032258065
Ghana,GHA,2020-12,KTR,-12.74183870967742
Ghana,GHA,2020-12,SAP,31.695774193548385
Ghana,GHA,2021-01,RCF,1.6083870967741936
Ghana,GHA,2021-01,TP,8.198225806451614
Ghana,GHA,2021-01,KTR,-17.94932258064516
Ghana,GHA,2021-01,SAP,25.433193548387095
Ghana,GHA,2021-02,RCF,-2.6734642857142856
Ghana,GHA,2021-02,TP,1.2806071428571428
Ghana,GHA,2021-02,KTR,-13.423428571428571
Ghana,GHA,2021-02,SAP,24.8775
Ghana,GHA,2021-03,RCF,2.9447419354838713
Ghana,GHA,2021-03,TP,8.691225806451612
Ghana,GHA,2021-03,KTR,-10.24883870967742
Ghana,GHA,2021-03,SAP,33.53
Ghana,GHA,2021-04,RCF,9.0333
Ghana,GHA,2021-04,TP,13.933266666666666
Ghana,GHA,2021-04,KTR,-9.847666666666667
Ghana,GHA,2021-04,SAP,42.57136666666667
Ghana,GHA,2021-05,RCF,16.94009677419355
Ghana,GHA,2021-05,TP,24.58525806451613
Ghana,GHA,2021-05,KTR,-7.147451612903226
Ghana,GHA,2021-05,SAP,55.82945161290323
Ghana,GHA,2021-06,RCF,22.900066666666664
Ghana,GHA,2021-06,TP,28.828533333333333
Ghana,GHA,2021-06,KTR,-0.8523999999999999
Ghana,GHA,2021-06,SAP,61.7619
Ghana,GHA,2021-07,RCF,24.972354838709677
Ghana,GHA,2021-07,TP,29.01383870967742
Ghana,GHA,2021-07,KTR,-1.7419354838709677
Ghana,GHA,2021-07,SAP,63.60361290322581
Ghana,GHA,2021-08,RCF,26.391709677419357
Ghana,GHA,2021-08,TP,31.20738709677419
Ghana,GHA,2021-08,KTR,-3.7281612903225803
Ghana,GHA,2021-08,SAP,66.05074193548387
Ghana,GHA,2021-09,RCF,26.49046666666667
Ghana,GHA,2021-09,TP,30.418966666666666
Ghana,GHA,2021-09,KTR,-2.5904666666666665
Ghana,GHA,2021-09,SAP,65.31903333333334
Ghana,GHA,2021-10,RCF,28.442451612903227
Ghana,GHA,2021-10,TP,34.1151935483871
Ghana,GHA,2021-10,KTR,0.07374193548387097
Ghana,GHA,2021-10,SAP,66.97232258064516
Ghana,GHA,2021-11,RCF,31.8952
Ghana,GHA,2021-11,TP,35.337999999999994
Ghana,GHA,2021-11,KTR,2.214233333333333
Ghana,GHA,2021-11,SAP,70.2096
Ghana,GHA,2021-12,RCF,39.14293548387097
Ghana,GHA,2021-12,TP,37.050709677419356
Ghana,GHA,2021-12,KTR,-1.4976774193548383
Ghana,GHA,2021-12,SAP,76.70967741935483
Ghana,GHA,2022-01,RCF,35.47470967741935
Ghana,GHA,2022-01,TP,32.26725806451613
Ghana,GHA,2022-01,KTR,-0.2211935483870967
Ghana,GHA,2022-01,SAP,70.80180645161289
Ghana,GHA,2022-02,RCF,39.20410714285714
Ghana,GHA,2022-02,TP,33.01025
Ghana,GHA,2022-02,KTR,18.698964285714286
Ghana,GHA,2022-02,SAP,72.15810714285713
Ghana,GHA,2022-03,RCF,49.14290322580646
Ghana,GHA,2022-03,TP,40.520774193548384
Ghana,GHA,2022-03,KTR,30.86632258064516
Ghana,GHA,2022-03,SAP,79.26725806451613
Ghana,GHA,2022-04,RCF,50.75236666666667
Ghana,GHA,2022-04,TP,40.4762
Ghana,GHA,2022-04,KTR,26.476266666666668
Ghana,GHA,2022-04,SAP,80.66186666666665
Ghana,GHA,2022-05,RCF,48.52532258064517
Ghana,GHA,2022-05,TP,37.62680645161291
Ghana,GHA,2022-05,KTR,25.258000000000003
Ghana,GHA,2022-05,SAP,78.30409677419355
Ghana,GHA,2022-06,RCF,47.39533333333334
Ghana,GHA,2022-06,TP,39.214333333333336
Ghana,GHA,2022-06,KTR,29.50953333333333
Ghana,GHA,2022-06,SAP,79.06656666666666
Ghana,GHA,2022-07,RCF,49.02875
Ghana,GHA,2022-07,TP,39.17855
Ghana,GHA,2022-07,KTR,25.42135
Ghana,GHA,2022-07,SAP,82.3
Greece,GRC,2020-02,RCF,2.9223846153846154
Greece,GRC,2020-02,TP,1.5977692307692308
Greece,GRC,2020-02,KTR,2.221923076923077
Greece,GRC,2020-02,SAP,3.6774615384615386
Greece,GRC,2020-03,RCF,-34.80648387096774
Greece,GRC,2020-03,TP,-33.00464516129032
Greece,GRC,2020-03,KTR,-26.714290322580645
Greece,GRC,2020-03,SAP,-3.225806451612903
Greece,GRC,2020-04,RCF,-73.76666666666667
Greece,GRC,2020-04,TP,-68.62386666666666
Greece,GRC,2020-04,KTR,-54.72383333333333
Greece,GRC,2020-04,SAP,-12.833333333333334
Greece,GRC,2020-05,RCF,-42.94474193548387
Greece,GRC,2020-05,TP,-36.31338709677419
Greece,GRC,2020-05,KTR,-28.98167741935484
Greece,GRC,2020-05,SAP,8.078387096774193
Greece,GRC,2020-06,RCF,-11.890433333333334
Greece,GRC,2020-06,TP,-16.1619
Greece,GRC,2020-06,KTR,-9.680933333333334
Greece,GRC,2020-06,SAP,12.0
Greece,GRC,2020-07,RCF,6.953903225806451
Greece,GRC,2020-07,TP,-5.221129032258064
Greece,GRC,2020-07,KTR,-10.53916129032258
Greece,GRC,2020-07,SAP,16.175064516129034
Greece,GRC,2020-08,RCF,13.253451612903227
Greece,GRC,2020-08,TP,-3.944645161290323
Greece,GRC,2020-08,KTR,-22.25358064516129
Greece,GRC,2020-08,SAP,17.49306451612903
Greece,GRC,2020-09,RCF,2.2999333333333336
Greece,GRC,2020-09,TP,-6.881033333333333
Greece,GRC,2020-09,KTR,-11.128566666666666
Greece,GRC,2020-09,SAP,12.461933333333333
Greece,GRC,2020-10,RCF,-8.262612903225808
Greece,GRC,2020-10,TP,-11.529935483870968
Greece,GRC,2020-10,KTR,-10.769548387096775
Greece,GRC,2020-10,SAP,9.930838709677419
Greece,GRC,2020-11,RCF,-49.74283333333334
Greece,GRC,2020-11,TP,-48.100033333333336
Greece,GRC,2020-11,KTR,-33.219166666666666
Greece,GRC,2020-11,SAP,-1.3238
Greece,GRC,2020-12,RCF,-55.635935483870966
Greece,GRC,2020-12,TP,-53.6728064516129
Greece,GRC,2020-12,KTR,-38.179741935483875
Greece,GRC,2020-12,SAP,6.479193548387096
Greece,GRC,2021-01,RCF,-53.60364516129032
Greece,GRC,2021-01,TP,-51.39629032258065
Greece,GRC,2021-01,KTR,-36.83409677419355
Greece,GRC,2021-01,SAP,-0.47464516129032264
Greece,GRC,2021-02,RCF,-53.87246428571429
Greece,GRC,2021-02,TP,-51.21425
Greece,GRC,2021-02,KTR,-33.31635714285714
Greece,GRC,2021-02,SAP,0.7908214285714286
Greece,GRC,2021-03,RCF,-55.81109677419355
Greece,GRC,2021-03,TP,-50.23048387096774
Greece,GRC,2021-03,KTR,-35.18435483870967
Greece,GRC,2021-03,SAP,6.152129032258065
Greece,GRC,2021-04,RCF,-41.4809
Greece,GRC,2021-04,TP,-37.43816666666667
Greece,GRC,2021-04,KTR,-27.580966666666665
Greece,GRC,2021-04,SAP,24.1285
Greece,GRC,2021-05,RCF,-13.755806451612903
Greece,GRC,2021-05,TP,-27.728129032258064
Greece,GRC,2021-05,KTR,-23.857129032258065
Greece,GRC,2021-05,SAP,31.497612903225804
Greece,GRC,2021-06,RCF,1.4619333333333333
Greece,GRC,2021-06,TP,-7.833233333333334
Greece,GRC,2021-06,KTR,-13.171366666666668
Greece,GRC,2021-06,SAP,41.19043333333333
Greece,GRC,2021-07,RCF,19.47006451612903
Greece,GRC,2021-07,TP,22.188903225806452
Greece,GRC,2021-07,KTR,-12.884870967741936
Greece,GRC,2021-07,SAP,53.488516129032256
Greece,GRC,2021-08,RCF,27.829451612903224
Greece,GRC,2021-08,TP,27.37783870967742
Greece,GRC,2021-08,KTR,-21.99541935483871
Greece,GRC,2021-08,SAP,57.133645161290325
Greece,GRC,2021-09,RCF,21.471433333333334
Greece,GRC,2021-09,TP,25.7667
Greece,GRC,2021-09,KTR,-7.7714
Greece,GRC,2021-09,SAP,57.3952
Greece,GRC,2021-10,RCF,3.6221290322580644
Greece,GRC,2021-10,TP,9.557645161290322
Greece,GRC,2021-10,KTR,-10.73267741935484
Greece,GRC,2021-10,SAP,46.714193548387094
Greece,GRC,2021-11,RCF,-5.9572
Greece,GRC,2021-11,TP,-5.3666
Greece,GRC,2021-11,KTR,-13.247533333333333
Greece,GRC,2021-11,SAP,47.6904
Greece,GRC,2021-12,RCF,-6.115258064516129
Greece,GRC,2021-12,TP,-9.456354838709677
Greece,GRC,2021-12,KTR,-14.764903225806451
Greece,GRC,2021-12,SAP,53.49296774193548
Greece,GRC,2022-01,RCF,-19.949290322580644
Greece,GRC,2022-01,TP,-27.889387096774193
Greece,GRC,2022-01,KTR,-25.82951612903226
Greece,GRC,2022-01,SAP,36.944709677419354
Greece,GRC,2022-02,RCF,-11.846928571428572
Greece,GRC,2022-02,TP,-16.943892857142856
Greece,GRC,2022-02,KTR,-11.097
Greece,GRC,2022-02,SAP,41.13267857142857
Greece,GRC,2022-03,RCF,-17.23958064516129
Greece,GRC,2022-03,TP,-15.170548387096774
Greece,GRC,2022-03,KTR,-13.456161290322582
Greece,GRC,2022-03,SAP,34.04158064516129
Greece,GRC,2022-04,RCF,-2.409566666666667
Greece,GRC,2022-04,TP,0.7904
Greece,GRC,2022-04,KTR,-13.233300000000002
Greece,GRC,2022-04,SAP,43.09056666666667
Greece,GRC,2022-05,RCF,3.9723870967741934
Greece,GRC,2022-05,TP,17.096741935483873
Greece,GRC,2022-05,KTR,-4.7419032258064515
Greece,GRC,2022-05,SAP,42.248838709677415
Greece,GRC,2022-06,RCF,12.4952
Greece,GRC,2022-06,TP,33.919066666666666
Greece,GRC,2022-06,KTR,-4.1714
Greece,GRC,2022-06,SAP,50.88093333333333
Greece,GRC,2022-07,RCF,21.5501
Greece,GRC,2022-07,TP,43.42145
Greece,GRC,2022-07,KTR,-7.242900000000001
Greece,GRC,2022-07,SAP,61.7
Guatemala,GTM,2020-02,RCF,-0.03830769230769229
Guatemala,GTM,2020-02,TP,-0.7313846153846153
Guatemala,GTM,2020-02,KTR,2.883230769230769
Guatemala,GTM,2020-02,SAP,-1.3494615384615385
Guatemala,GTM,2020-03,RCF,-24.686612903225804
Guatemala,GTM,2020-03,TP,-29.359387096774192
Guatemala,GTM,2020-03,KTR,-17.68667741935484
Guatemala,GTM,2020-03,SAP,-11.769645161290324
Guatemala,GTM,2020-04,RCF,-60.33326666666667
Guatemala,GTM,2020-04,TP,-69.91433333333333
Guatemala,GTM,2020-04,KTR,-47.790499999999994
Guatemala,GTM,2020-04,SAP,-39.695299999999996
Guatemala,GTM,2020-05,RCF,-56.7466129032258
Guatemala,GTM,2020-05,TP,-67.66361290322581
Guatemala,GTM,2020-05,KTR,-44.33183870967742
Guatemala,GTM,2020-05,SAP,-41.248774193548385
Guatemala,GTM,2020-06,RCF,-53.076233333333334
Guatemala,GTM,2020-06,TP,-66.04286666666667
Guatemala,GTM,2020-06,KTR,-39.42856666666667
Guatemala,GTM,2020-06,SAP,-37.60483333333333
Guatemala,GTM,2020-07,RCF,-52.340999999999994
Guatemala,GTM,2020-07,TP,-66.11983870967742
Guatemala,GTM,2020-07,KTR,-43.68670967741936
Guatemala,GTM,2020-07,SAP,-37.25809677419355
Guatemala,GTM,2020-08,RCF,-39.64512903225806
Guatemala,GTM,2020-08,TP,-57.4978064516129
Guatemala,GTM,2020-08,KTR,-34.02296774193548
Guatemala,GTM,2020-08,SAP,-27.10135483870968
Guatemala,GTM,2020-09,RCF,-36.0048
Guatemala,GTM,2020-09,TP,-50.57616666666667
Guatemala,GTM,2020-09,KTR,-32.1
Guatemala,GTM,2020-09,SAP,-23.0285
Guatemala,GTM,2020-10,RCF,-33.33183870967742
Guatemala,GTM,2020-10,TP,-42.63135483870968
Guatemala,GTM,2020-10,KTR,-29.253451612903223
Guatemala,GTM,2020-10,SAP,-17.299516129032256
Guatemala,GTM,2020-11,RCF,-26.900100000000002
Guatemala,GTM,2020-11,TP,-36.823766666666664
Guatemala,GTM,2020-11,KTR,-24.2858
Guatemala,GTM,2020-11,SAP,-12.000033333333333
Guatemala,GTM,2020-12,RCF,-14.843322580645161
Guatemala,GTM,2020-12,TP,-24.43316129032258
Guatemala,GTM,2020-12,KTR,-22.267290322580646
Guatemala,GTM,2020-12,SAP,3.9676774193548385
Guatemala,GTM,2021-01,RCF,-24.069129032258065
Guatemala,GTM,2021-01,TP,-32.198096774193544
Guatemala,GTM,2021-01,KTR,-25.894000000000002
Guatemala,GTM,2021-01,SAP,-9.465451612903225
Guatemala,GTM,2021-02,RCF,-22.4745
Guatemala,GTM,2021-02,TP,-32.44382142857143
Guatemala,GTM,2021-02,KTR,-21.29092857142857
Guatemala,GTM,2021-02,SAP,-6.591892857142858
Guatemala,GTM,2021-03,RCF,-17.852483870967742
Guatemala,GTM,2021-03,TP,-28.410193548387095
Guatemala,GTM,2021-03,KTR,-18.65890322580645
Guatemala,GTM,2021-03,SAP,0.13822580645161292
Guatemala,GTM,2021-04,RCF,-19.376133333333332
Guatemala,GTM,2021-04,TP,-30.795133333333336
Guatemala,GTM,2021-04,KTR,-23.947466666666667
Guatemala,GTM,2021-04,SAP,0.4285333333333334
Guatemala,GTM,2021-05,RCF,-10.967709677419355
Guatemala,GTM,2021-05,TP,-23.764967741935486
Guatemala,GTM,2021-05,KTR,-15.43316129032258
Guatemala,GTM,2021-05,SAP,9.354806451612903
Guatemala,GTM,2021-06,RCF,-6.999866666666667
Guatemala,GTM,2021-06,TP,-20.3714
Guatemala,GTM,2021-06,KTR,-14.247633333333333
Guatemala,GTM,2021-06,SAP,12.281066666666668
Guatemala,GTM,2021-07,RCF,-4.9031935483870965
Guatemala,GTM,2021-07,TP,-17.138258064516126
Guatemala,GTM,2021-07,KTR,-15.474677419354839
Guatemala,GTM,2021-07,SAP,15.368645161290322
Guatemala,GTM,2021-08,RCF,-6.1337419354838705
Guatemala,GTM,2021-08,TP,-17.599129032258062
Guatemala,GTM,2021-08,KTR,-13.281096774193548
Guatemala,GTM,2021-08,SAP,15.184290322580646
Guatemala,GTM,2021-09,RCF,-4.5095
Guatemala,GTM,2021-09,TP,-18.195266666666665
Guatemala,GTM,2021-09,KTR,-13.209499999999998
Guatemala,GTM,2021-09,SAP,16.900033333333333
Guatemala,GTM,2021-10,RCF,3.2948387096774194
Guatemala,GTM,2021-10,TP,-11.230387096774193
Guatemala,GTM,2021-10,KTR,-8.276516129032258
Guatemala,GTM,2021-10,SAP,23.156709677419357
Guatemala,GTM,2021-11,RCF,10.347566666666667
Guatemala,GTM,2021-11,TP,-3.8476333333333335
Guatemala,GTM,2021-11,KTR,-5.4905333333333335
Guatemala,GTM,2021-11,SAP,29.290433333333333
Guatemala,GTM,2021-12,RCF,23.023
Guatemala,GTM,2021-12,TP,7.488483870967742
Guatemala,GTM,2021-12,KTR,-2.774225806451613
Guatemala,GTM,2021-12,SAP,44.424
Guatemala,GTM,2022-01,RCF,8.603677419354838
Guatemala,GTM,2022-01,TP,-5.373322580645161
Guatemala,GTM,2022-01,KTR,-2.9216774193548387
Guatemala,GTM,2022-01,SAP,29.981516129032258
Guatemala,GTM,2022-02,RCF,11.59182142857143
Guatemala,GTM,2022-02,TP,-2.739785714285714
Guatemala,GTM,2022-02,KTR,7.5153928571428565
Guatemala,GTM,2022-02,SAP,30.97960714285714
Guatemala,GTM,2022-03,RCF,11.295
Guatemala,GTM,2022-03,TP,-2.318064516129032
Guatemala,GTM,2022-03,KTR,14.894032258064517
Guatemala,GTM,2022-03,SAP,27.442516129032256
Guatemala,GTM,2022-04,RCF,12.733333333333333
Guatemala,GTM,2022-04,TP,-2.657166666666667
Guatemala,GTM,2022-04,KTR,7.009600000000001
Guatemala,GTM,2022-04,SAP,28.96196666666667
Guatemala,GTM,2022-05,RCF,15.907903225806452
Guatemala,GTM,2022-05,TP,-0.7188709677419355
Guatemala,GTM,2022-05,KTR,18.290387096774193
Guatemala,GTM,2022-05,SAP,30.479290322580646
Guatemala,GTM,2022-06,RCF,15.242799999999999
Guatemala,GTM,2022-06,TP,0.4000333333333333
Guatemala,GTM,2022-06,KTR,19.0382
Guatemala,GTM,2022-06,SAP,30.585733333333334
Guatemala,GTM,2022-07,RCF,19.15715
Guatemala,GTM,2022-07,TP,2.7857499999999997
Guatemala,GTM,2022-07,KTR,13.70695
Guatemala,GTM,2022-07,SAP,35.6143
Guinea-Bissau,GNB,2020-02,RCF,-4.501615384615385
Guinea-Bissau,GNB,2020-02,KTR,-3.6484615384615386
Guinea-Bissau,GNB,2020-02,SAP,1.6669999999999998
Guinea-Bissau,GNB,2020-03,RCF,-23.986129032258066
Guinea-Bissau,GNB,2020-03,KTR,-8.364032258064515
Guinea-Bissau,GNB,2020-03,SAP,-10.222636363636363
Guinea-Bissau,GNB,2020-04,RCF,-55.09133333333333
Guinea-Bissau,GNB,2020-04,KTR,-31.7715
Guinea-Bissau,GNB,2020-04,SAP,-27.689625
Guinea-Bissau,GNB,2020-05,KTR,-23.50241935483871
Guinea-Bissau,GNB,2020-06,KTR,-10.652433333333333
Guinea-Bissau,GNB,2020-07,KTR,-10.963225806451613
Guinea-Bissau,GNB,2020-08,KTR,-17.9105625
Guinea-Bissau,GNB,2020-09,KTR,-16.521449999999998
Guinea-Bissau,GNB,2020-10,KTR,-23.999935483870967
Guinea-Bissau,GNB,2020-11,KTR,-24.619033333333334
Guinea-Bissau,GNB,2020-12,KTR,-24.599225806451614
Guinea-Bissau,GNB,2021-01,KTR,-29.705032258064517
Guinea-Bissau,GNB,2021-02,KTR,-34.795857142857145
Guinea-Bissau,GNB,2021-03,KTR,-30.861645161290323
Guinea-Bissau,GNB,2021-04,KTR,-28.1763
Guinea-Bissau,GNB,2021-05,KTR,-20.98622580645161
Guinea-Bissau,GNB,2021-06,KTR,-11.185666666666666
Guinea-Bissau,GNB,2021-07,KTR,-18.308645161290322
Guinea-Bissau,GNB,2021-08,KTR,-22.391709677419357
Guinea-Bissau,GNB,2021-09,KTR,-19.733366666666665
Guinea-Bissau,GNB,2021-10,KTR,-12.331838709677418
Guinea-Bissau,GNB,2021-11,KTR,-11.414266666666666
Guinea-Bissau,GNB,2021-12,KTR,-2.672838709677419
Guinea-Bissau,GNB,2022-01,KTR,0.26267741935483874
Guinea-Bissau,GNB,2022-02,KTR,17.704071428571428
Guinea-Bissau,GNB,2022-03,KTR,36.12903225806452
Guinea-Bissau,GNB,2022-04,KTR,38.1714
Guinea-Bissau,GNB,2022-05,KTR,39.00006451612903
Guinea-Bissau,GNB,2022-06,KTR,42.7476
Guinea-Bissau,GNB,2022-07,KTR,35.2857
Haiti,HTI,2020-02,RCF,-9.715307692307693
Haiti,HTI,2020-02,TP,-10.579692307692309
Haiti,HTI,2020-02,KTR,-7.729076923076923
Haiti,HTI,2020-02,SAP,-8.918538461538462
Haiti,HTI,2020-03,RCF,-12.709709677419355
Haiti,HTI,2020-03,TP,-18.156741935483872
Haiti,HTI,2020-03,KTR,-7.046096774193549
Haiti,HTI,2020-03,SAP,-8.700354838709679
Haiti,HTI,2020-04,RCF,-32.74283333333333
Haiti,HTI,2020-04,TP,-50.78093333333333
Haiti,HTI,2020-04,KTR,-29.714299999999998
Haiti,HTI,2020-04,SAP,-29.438100000000002
Haiti,HTI,2020-05,RCF,-30.930903225806453
Haiti,HTI,2020-05,TP,-45.72348387096774
Haiti,HTI,2020-05,KTR,-26.82951612903226
Haiti,HTI,2020-05,SAP,-26.00458064516129
Haiti,HTI,2020-06,RCF,-27.276166666666665
Haiti,HTI,2020-06,TP,-41.54293333333333
Haiti,HTI,2020-06,KTR,-25.695266666666665
Haiti,HTI,2020-06,SAP,-24.833366666666667
Haiti,HTI,2020-07,RCF,-17.88016129032258
Haiti,HTI,2020-07,TP,-30.34106451612903
Haiti,HTI,2020-07,KTR,-26.26267741935484
Haiti,HTI,2020-07,SAP,-20.79722580645161
Haiti,HTI,2020-08,RCF,-8.85135
Haiti,HTI,2020-08,TP,-20.443333333333335
Haiti,HTI,2020-08,KTR,-24.488387096774193
Haiti,HTI,2020-08,SAP,-10.863967741935484
Haiti,HTI,2020-09,RCF,-7.110555555555555
Haiti,HTI,2020-09,TP,-5.135111111111112
Haiti,HTI,2020-09,KTR,-20.7476
Haiti,HTI,2020-09,SAP,-8.222933333333334
Haiti,HTI,2020-10,RCF,-13.294967741935483
Haiti,HTI,2020-10,TP,-3.460870967741936
Haiti,HTI,2020-10,KTR,-24.543774193548387
Haiti,HTI,2020-10,SAP,-11.47474193548387
Haiti,HTI,2020-11,RCF,-13.795133333333332
Haiti,HTI,2020-11,TP,-4.209533333333334
Haiti,HTI,2020-11,KTR,-23.7666
Haiti,HTI,2020-11,SAP,-15.476166666666668
Haiti,HTI,2020-12,RCF,-5.44241935483871
Haiti,HTI,2020-12,TP,9.179709677419353
Haiti,HTI,2020-12,KTR,-21.63132258064516
Haiti,HTI,2020-12,SAP,-5.4193225806451615
Haiti,HTI,2021-01,RCF,-17.682000000000002
Haiti,HTI,2021-01,TP,-3.479290322580645
Haiti,HTI,2021-01,KTR,-33.49777419354839
Haiti,HTI,2021-01,SAP,-19.67277419354839
Haiti,HTI,2021-02,RCF,-34.22971428571429
Haiti,HTI,2021-02,TP,-29.73475
Haiti,HTI,2021-02,KTR,-43.69385714285714
Haiti,HTI,2021-02,SAP,-30.23467857142857
Haiti,HTI,2021-03,RCF,-17.815612903225805
Haiti,HTI,2021-03,TP,-10.75116129032258
Haiti,HTI,2021-03,KTR,-26.271870967741936
Haiti,HTI,2021-03,SAP,-15.40558064516129
Haiti,HTI,2021-04,RCF,-9.590499999999999
Haiti,HTI,2021-04,TP,-2.495166666666667
Haiti,HTI,2021-04,KTR,-23.633433333333336
Haiti,HTI,2021-04,SAP,-7.747633333333334
Haiti,HTI,2021-05,RCF,2.714258064516129
Haiti,HTI,2021-05,TP,-1.7649354838709674
Haiti,HTI,2021-05,KTR,-14.041419354838709
Haiti,HTI,2021-05,SAP,5.142870967741936
Haiti,HTI,2021-06,RCF,8.761933333333333
Haiti,HTI,2021-06,TP,-6.185633333333333
Haiti,HTI,2021-06,KTR,-18.714266666666667
Haiti,HTI,2021-06,SAP,11.638066666666667
Haiti,HTI,2021-07,RCF,-2.0046451612903224
Haiti,HTI,2021-07,TP,-13.239612903225806
Haiti,HTI,2021-07,KTR,-31.34561290322581
Haiti,HTI,2021-07,SAP,-4.276612903225806
Haiti,HTI,2021-08,RCF,15.645096774193549
Haiti,HTI,2021-08,TP,3.502322580645161
Haiti,HTI,2021-08,KTR,-24.400870967741938
Haiti,HTI,2021-08,SAP,9.967774193548387
Haiti,HTI,2021-09,RCF,18.938100000000002
Haiti,HTI,2021-09,TP,4.7142333333333335
Haiti,HTI,2021-09,KTR,-22.65713333333333
Haiti,HTI,2021-09,SAP,15.209566666666666
Haiti,HTI,2021-10,RCF,2.589903225806452
Haiti,HTI,2021-10,TP,-8.843322580645163
Haiti,HTI,2021-10,KTR,-28.294903225806454
Haiti,HTI,2021-10,SAP,1.8064516129032258
Haiti,HTI,2021-11,RCF,0.8475999999999999
Haiti,HTI,2021-11,TP,-9.033366666666666
Haiti,HTI,2021-11,KTR,-27.9763
Haiti,HTI,2021-11,SAP,0.27619999999999995
Haiti,HTI,2021-12,RCF,25.949290322580644
Haiti,HTI,2021-12,TP,15.207322580645162
Haiti,HTI,2021-12,KTR,-14.880225806451614
Haiti,HTI,2021-12,SAP,24.622096774193547
Haiti,HTI,2022-01,RCF,22.31793548387097
Haiti,HTI,2022-01,TP,13.635870967741935
Haiti,HTI,2022-01,KTR,-11.345612903225806
Haiti,HTI,2022-01,SAP,23.995354838709677
Haiti,HTI,2022-02,RCF,27.107142857142858
Haiti,HTI,2022-02,TP,17.117428571428572
Haiti,HTI,2022-02,KTR,5.8418214285714285
Haiti,HTI,2022-02,SAP,29.341785714285713
Haiti,HTI,2022-03,RCF,45.198129032258066
Haiti,HTI,2022-03,TP,31.520709677419358
Haiti,HTI,2022-03,KTR,15.995322580645162
Haiti,HTI,2022-03,SAP,36.61751612903226
Haiti,HTI,2022-04,RCF,50.88096666666667
Haiti,HTI,2022-04,TP,36.82373333333333
Haiti,HTI,2022-04,KTR,17.047666666666668
Haiti,HTI,2022-04,SAP,39.78086666666666
Haiti,HTI,2022-05,RCF,49.27648387096774
Haiti,HTI,2022-05,TP,35.55290322580645
Haiti,HTI,2022-05,KTR,21.520806451612902
Haiti,HTI,2022-05,SAP,38.08309677419355
Haiti,HTI,2022-06,RCF,48.42863333333333
Haiti,HTI,2022-06,TP,41.27146666666667
Haiti,HTI,2022-06,KTR,21.138133333333332
Haiti,HTI,2022-06,SAP,38.25713333333333
Haiti,HTI,2022-07,RCF,40.778499999999994
Haiti,HTI,2022-07,TP,36.73565
Haiti,HTI,2022-07,KTR,8.928650000000001
Haiti,HTI,2022-07,SAP,29.44995
Honduras,HND,2020-02,RCF,-2.9029999999999996
Honduras,HND,2020-02,TP,-2.8115384615384613
Honduras,HND,2020-02,KTR,6.525615384615384
Honduras,HND,2020-02,SAP,1.449
Honduras,HND,2020-03,RCF,-35.19358064516129
Honduras,HND,2020-03,TP,-32.649741935483874
Honduras,HND,2020-03,KTR,-23.400838709677416
Honduras,HND,2020-03,SAP,-19.686709677419355
Honduras,HND,2020-04,RCF,-77.86670000000001
Honduras,HND,2020-04,TP,-73.68556666666667
Honduras,HND,2020-04,KTR,-62.68096666666667
Honduras,HND,2020-04,SAP,-57.84283333333334
Honduras,HND,2020-05,RCF,-70.6774193548387
Honduras,HND,2020-05,TP,-71.94938709677419
Honduras,HND,2020-05,KTR,-51.663548387096775
Honduras,HND,2020-05,SAP,-51.77877419354839
Honduras,HND,2020-06,RCF,-61.709500000000006
Honduras,HND,2020-06,TP,-68.00006666666667
Honduras,HND,2020-06,KTR,-42.842800000000004
Honduras,HND,2020-06,SAP,-42.82386666666666
Honduras,HND,2020-07,RCF,-61.737258064516126
Honduras,HND,2020-07,TP,-68.65445161290323
Honduras,HND,2020-07,KTR,-46.156677419354835
Honduras,HND,2020-07,SAP,-42.571451612903225
Honduras,HND,2020-08,RCF,-53.70974193548387
Honduras,HND,2020-08,TP,-62.949322580645166
Honduras,HND,2020-08,KTR,-40.055354838709675
Honduras,HND,2020-08,SAP,-35.668193548387094
Honduras,HND,2020-09,RCF,-45.54293333333333
Honduras,HND,2020-09,TP,-51.985699999999994
Honduras,HND,2020-09,KTR,-33.599866666666664
Honduras,HND,2020-09,SAP,-26.3286
Honduras,HND,2020-10,RCF,-42.424
Honduras,HND,2020-10,TP,-43.239612903225805
Honduras,HND,2020-10,KTR,-29.46535483870968
Honduras,HND,2020-10,SAP,-18.79722580645161
Honduras,HND,2020-11,RCF,-41.83336666666666
Honduras,HND,2020-11,TP,-45.74763333333333
Honduras,HND,2020-11,KTR,-31.5096
Honduras,HND,2020-11,SAP,-18.0763
Honduras,HND,2020-12,RCF,-26.59441935483871
Honduras,HND,2020-12,TP,-22.801806451612904
Honduras,HND,2020-12,KTR,-23.018387096774195
Honduras,HND,2020-12,SAP,-1.0184516129032257
Honduras,HND,2021-01,RCF,-34.77412903225807
Honduras,HND,2021-01,TP,-31.267290322580646
Honduras,HND,2021-01,KTR,-29.08764516129032
Honduras,HND,2021-01,SAP,-10.050645161290323
Honduras,HND,2021-02,RCF,-33.357142857142854
Honduras,HND,2021-02,TP,-33.9795
Honduras,HND,2021-02,KTR,-26.285714285714285
Honduras,HND,2021-02,SAP,-6.443928571428572
Honduras,HND,2021-03,RCF,-27.244129032258066
Honduras,HND,2021-03,TP,-25.506903225806454
Honduras,HND,2021-03,KTR,-23.645193548387095
Honduras,HND,2021-03,SAP,1.884774193548387
Honduras,HND,2021-04,RCF,-27.023866666666667
Honduras,HND,2021-04,TP,-25.104733333333336
Honduras,HND,2021-04,KTR,-28.1476
Honduras,HND,2021-04,SAP,2.8476
Honduras,HND,2021-05,RCF,-18.852451612903227
Honduras,HND,2021-05,TP,-15.571387096774194
Honduras,HND,2021-05,KTR,-18.47467741935484
Honduras,HND,2021-05,SAP,12.954
Honduras,HND,2021-06,RCF,-12.257266666666668
Honduras,HND,2021-06,TP,-11.1286
Honduras,HND,2021-06,KTR,-14.614299999999998
Honduras,HND,2021-06,SAP,19.895266666666664
Honduras,HND,2021-07,RCF,-10.663516129032258
Honduras,HND,2021-07,TP,-10.26732258064516
Honduras,HND,2021-07,KTR,-15.152064516129032
Honduras,HND,2021-07,SAP,22.11051612903226
Honduras,HND,2021-08,RCF,-8.433129032258066
Honduras,HND,2021-08,TP,-6.912483870967742
Honduras,HND,2021-08,KTR,-12.271903225806453
Honduras,HND,2021-08,SAP,24.327193548387097
Honduras,HND,2021-09,RCF,-6.0619
Honduras,HND,2021-09,TP,-7.880933333333333
Honduras,HND,2021-09,KTR,-11.8476
Honduras,HND,2021-09,SAP,25.195133333333334
Honduras,HND,2021-10,RCF,-3.7188064516129034
Honduras,HND,2021-10,TP,-6.631290322580645
Honduras,HND,2021-10,KTR,-13.442258064516128
Honduras,HND,2021-10,SAP,26.124387096774193
Honduras,HND,2021-11,RCF,4.099966666666666
Honduras,HND,2021-11,TP,-0.8714333333333334
Honduras,HND,2021-11,KTR,-3.4333666666666667
Honduras,HND,2021-11,SAP,32.6666
Honduras,HND,2021-12,RCF,12.737322580645161
Honduras,HND,2021-12,TP,7.907870967741935
Honduras,HND,2021-12,KTR,-3.5807419354838705
Honduras,HND,2021-12,SAP,41.401
Honduras,HND,2022-01,RCF,0.47916129032258065
Honduras,HND,2022-01,TP,-7.414645161290323
Honduras,HND,2022-01,KTR,-5.598999999999999
Honduras,HND,2022-01,SAP,32.86632258064516
Honduras,HND,2022-02,RCF,4.867357142857143
Honduras,HND,2022-02,TP,-3.88775
Honduras,HND,2022-02,KTR,6.367392857142858
Honduras,HND,2022-02,SAP,32.55617857142857
Honduras,HND,2022-03,RCF,7.235032258064516
Honduras,HND,2022-03,TP,2.2349677419354834
Honduras,HND,2022-03,KTR,14.345645161290323
Honduras,HND,2022-03,SAP,33.50238709677419
Honduras,HND,2022-04,RCF,6.033333333333333
Honduras,HND,2022-04,TP,4.295266666666667
Honduras,HND,2022-04,KTR,4.662000000000001
Honduras,HND,2022-04,SAP,33.02856666666666
Honduras,HND,2022-05,RCF,11.317935483870967
Honduras,HND,2022-05,TP,7.718903225806452
Honduras,HND,2022-05,KTR,18.193483870967743
Honduras,HND,2022-05,SAP,38.138129032258064
Honduras,HND,2022-06,RCF,12.104800000000001
Honduras,HND,2022-06,TP,9.900033333333333
Honduras,HND,2022-06,KTR,19.623766666666665
Honduras,HND,2022-06,SAP,38.61423333333333
Honduras,HND,2022-07,RCF,12.0572
Honduras,HND,2022-07,TP,9.950050000000001
Honduras,HND,2022-07,KTR,13.4643
Honduras,HND,2022-07,SAP,39.34295
Hong Kong,HKG,2020-02,RCF,-24.255384615384614
Hong Kong,HKG,2020-02,TP,-31.417384615384613
Hong Kong,HKG,2020-02,KTR,-17.723230769230767
Hong Kong,HKG,2020-02,SAP,-6.475846153846154
Hong Kong,HKG,2020-03,RCF,-23.041483870967742
Hong Kong,HKG,2020-03,TP,-27.999967741935485
Hong Kong,HKG,2020-03,KTR,-13.02758064516129
Hong Kong,HKG,2020-03,SAP,-5.3779677419354845
Hong Kong,HKG,2020-04,RCF,-27.1857
Hong Kong,HKG,2020-04,TP,-35.39053333333333
Hong Kong,HKG,2020-04,KTR,-23.080966666666665
Hong Kong,HKG,2020-04,SAP,-3.966733333333333
Hong Kong,HKG,2020-05,RCF,-18.801903225806452
Hong Kong,HKG,2020-05,TP,-25.755741935483872
Hong Kong,HKG,2020-05,KTR,-12.668096774193549
Hong Kong,HKG,2020-05,SAP,-0.6913225806451613
Hong Kong,HKG,2020-06,RCF,-13.990533333333333
Hong Kong,HKG,2020-06,TP,-19.2238
Hong Kong,HKG,2020-06,KTR,-6.728666666666667
Hong Kong,HKG,2020-06,SAP,0.8619666666666668
Hong Kong,HKG,2020-07,RCF,-23.11058064516129
Hong Kong,HKG,2020-07,TP,-26.423903225806452
Hong Kong,HKG,2020-07,KTR,-17.373225806451615
Hong Kong,HKG,2020-07,SAP,9.96774193548387
Hong Kong,HKG,2020-08,RCF,-34.81564516129033
Hong Kong,HKG,2020-08,TP,-34.05996774193548
Hong Kong,HKG,2020-08,KTR,-27.71425806451613
Hong Kong,HKG,2020-08,SAP,7.944645161290322
Hong Kong,HKG,2020-09,RCF,-21.8476
Hong Kong,HKG,2020-09,TP,-22.142933333333335
Hong Kong,HKG,2020-09,KTR,-13.8856
Hong Kong,HKG,2020-09,SAP,13.147566666666668
Hong Kong,HKG,2020-10,RCF,-15.926290322580646
Hong Kong,HKG,2020-10,TP,-15.313322580645162
Hong Kong,HKG,2020-10,KTR,-13.294903225806452
Hong Kong,HKG,2020-10,SAP,22.59441935483871
Hong Kong,HKG,2020-11,RCF,-14.385766666666665
Hong Kong,HKG,2020-11,TP,-13.604833333333334
Hong Kong,HKG,2020-11,KTR,-4.5572
Hong Kong,HKG,2020-11,SAP,26.566666666666666
Hong Kong,HKG,2020-12,RCF,-25.953870967741935
Hong Kong,HKG,2020-12,TP,-24.737451612903225
Hong Kong,HKG,2020-12,KTR,-20.092225806451616
Hong Kong,HKG,2020-12,SAP,23.695806451612903
Hong Kong,HKG,2021-01,RCF,-28.350129032258067
Hong Kong,HKG,2021-01,TP,-25.88032258064516
Hong Kong,HKG,2021-01,KTR,-20.27183870967742
Hong Kong,HKG,2021-01,SAP,22.783354838709677
Hong Kong,HKG,2021-02,RCF,-24.719392857142857
Hong Kong,HKG,2021-02,TP,-21.994892857142855
Hong Kong,HKG,2021-02,KTR,-24.12242857142857
Hong Kong,HKG,2021-02,SAP,26.867321428571426
Hong Kong,HKG,2021-03,RCF,-17.755774193548387
Hong Kong,HKG,2021-03,TP,-14.400967741935483
Hong Kong,HKG,2021-03,KTR,-9.354870967741935
Hong Kong,HKG,2021-03,SAP,25.903290322580645
Hong Kong,HKG,2021-04,RCF,-14.190466666666667
Hong Kong,HKG,2021-04,TP,-11.138166666666667
Hong Kong,HKG,2021-04,KTR,-12.233366666666665
Hong Kong,HKG,2021-04,SAP,30.680966666666666
Hong Kong,HKG,2021-05,RCF,-10.880225806451612
Hong Kong,HKG,2021-05,TP,-6.91716129032258
Hong Kong,HKG,2021-05,KTR,-6.009225806451613
Hong Kong,HKG,2021-05,SAP,38.649741935483874
Hong Kong,HKG,2021-06,RCF,-9.190499999999998
Hong Kong,HKG,2021-06,TP,-6.7619
Hong Kong,HKG,2021-06,KTR,-3.5667666666666666
Hong Kong,HKG,2021-06,SAP,40.5095
Hong Kong,HKG,2021-07,RCF,-7.101387096774194
Hong Kong,HKG,2021-07,TP,-6.248903225806452
Hong Kong,HKG,2021-07,KTR,-5.373193548387096
Hong Kong,HKG,2021-07,SAP,38.25348387096774
Hong Kong,HKG,2021-08,RCF,-3.709741935483871
Hong Kong,HKG,2021-08,TP,-3.6867741935483873
Hong Kong,HKG,2021-08,KTR,-3.175
Hong Kong,HKG,2021-08,SAP,40.04606451612903
Hong Kong,HKG,2021-09,RCF,-2.2237666666666667
Hong Kong,HKG,2021-09,TP,-1.5619333333333332
Hong Kong,HKG,2021-09,KTR,-1.219
Hong Kong,HKG,2021-09,SAP,41.7667
Hong Kong,HKG,2021-10,RCF,-4.53916129032258
Hong Kong,HKG,2021-10,TP,-5.944677419354838
Hong Kong,HKG,2021-10,KTR,-5.368645161290322
Hong Kong,HKG,2021-10,SAP,42.03222580645161
Hong Kong,HKG,2021-11,RCF,-0.028600000000000004
Hong Kong,HKG,2021-11,TP,0.8189666666666666
Hong Kong,HKG,2021-11,KTR,4.604699999999999
Hong Kong,HKG,2021-11,SAP,43.590466666666664
Hong Kong,HKG,2021-12,RCF,1.5806774193548387
Hong Kong,HKG,2021-12,TP,1.6129032258064515
Hong Kong,HKG,2021-12,KTR,1.806516129032258
Hong Kong,HKG,2021-12,SAP,50.02303225806451
Hong Kong,HKG,2022-01,RCF,-9.576129032258065
Hong Kong,HKG,2022-01,TP,-7.2258387096774195
Hong Kong,HKG,2022-01,KTR,-2.6498387096774194
Hong Kong,HKG,2022-01,SAP,49.612806451612904
Hong Kong,HKG,2022-02,RCF,-27.760142857142856
Hong Kong,HKG,2022-02,TP,-28.459142857142858
Hong Kong,HKG,2022-02,KTR,-30.25507142857143
Hong Kong,HKG,2022-02,SAP,35.94896428571429
Hong Kong,HKG,2022-03,RCF,-40.99077419354838
Hong Kong,HKG,2022-03,TP,-36.77429032258064
Hong Kong,HKG,2022-03,KTR,-33.990838709677426
Hong Kong,HKG,2022-03,SAP,9.105935483870967
Hong Kong,HKG,2022-04,RCF,-27.376266666666666
Hong Kong,HKG,2022-04,TP,-21.580933333333334
Hong Kong,HKG,2022-04,KTR,-21.6761
Hong Kong,HKG,2022-04,SAP,14.314366666666666
Hong Kong,HKG,2022-05,RCF,-16.396290322580644
Hong Kong,HKG,2022-05,TP,-11.566806451612903
Hong Kong,HKG,2022-05,KTR,-9.115193548387097
Hong Kong,HKG,2022-05,SAP,13.718838709677419
Hong Kong,HKG,2022-06,RCF,-14.8048
Hong Kong,HKG,2022-06,TP,-9.3381
Hong Kong,HKG,2022-06,KTR,-0.16670000000000007
Hong Kong,HKG,2022-06,SAP,10.085766666666666
Hong Kong,HKG,2022-07,RCF,-16.385650000000002
Hong Kong,HKG,2022-07,TP,-12.69285
Hong Kong,HKG,2022-07,KTR,-3.52145
Hong Kong,HKG,2022-07,SAP,9.60005
Hungary,HUN,2020-02,RCF,6.746615384615385
Hungary,HUN,2020-02,TP,7.191000000000001
Hungary,HUN,2020-02,KTR,2.4243076923076923
Hungary,HUN,2020-02,SAP,4.722384615384615
Hungary,HUN,2020-03,RCF,-19.16583870967742
Hungary,HUN,2020-03,TP,-19.516064516129035
Hungary,HUN,2020-03,KTR,-15.507
Hungary,HUN,2020-03,SAP,-2.649741935483871
Hungary,HUN,2020-04,RCF,-51.557199999999995
Hungary,HUN,2020-04,TP,-50.733333333333334
Hungary,HUN,2020-04,KTR,-44.138133333333336
Hungary,HUN,2020-04,SAP,-24.1429
Hungary,HUN,2020-05,RCF,-30.188935483870967
Hungary,HUN,2020-05,TP,-38.54374193548387
Hungary,HUN,2020-05,KTR,-30.940129032258064
Hungary,HUN,2020-05,SAP,-11.704967741935484
Hungary,HUN,2020-06,RCF,-8.066633333333334
Hungary,HUN,2020-06,TP,-22.3476
Hungary,HUN,2020-06,KTR,-19.376166666666666
Hungary,HUN,2020-06,SAP,-5.385666666666666
Hungary,HUN,2020-07,RCF,3.668225806451613
Hungary,HUN,2020-07,TP,-12.940129032258065
Hungary,HUN,2020-07,KTR,-19.884838709677418
Hungary,HUN,2020-07,SAP,2.9261935483870967
Hungary,HUN,2020-08,RCF,5.930903225806452
Hungary,HUN,2020-08,TP,-11.732709677419354
Hungary,HUN,2020-08,KTR,-25.705129032258064
Hungary,HUN,2020-08,SAP,2.2533870967741936
Hungary,HUN,2020-09,RCF,-0.16200000000000003
Hungary,HUN,2020-09,TP,-7.057166666666666
Hungary,HUN,2020-09,KTR,-14.299933333333334
Hungary,HUN,2020-09,SAP,1.8856666666666666
Hungary,HUN,2020-10,RCF,-9.124451612903226
Hungary,HUN,2020-10,TP,-14.15674193548387
Hungary,HUN,2020-10,KTR,-15.64974193548387
Hungary,HUN,2020-10,SAP,0.4561935483870968
Hungary,HUN,2020-11,RCF,-23.766633333333335
Hungary,HUN,2020-11,TP,-26.014333333333333
Hungary,HUN,2020-11,KTR,-20.804666666666666
Hungary,HUN,2020-11,SAP,-2.7476
Hungary,HUN,2020-12,RCF,-29.17048387096774
Hungary,HUN,2020-12,TP,-33.70974193548387
Hungary,HUN,2020-12,KTR,-30.041451612903224
Hungary,HUN,2020-12,SAP,-1.7143548387096774
Hungary,HUN,2021-01,RCF,-38.18890322580645
Hungary,HUN,2021-01,TP,-37.27648387096774
Hungary,HUN,2021-01,KTR,-27.686612903225804
Hungary,HUN,2021-01,SAP,-10.363935483870968
Hungary,HUN,2021-02,RCF,-32.479642857142856
Hungary,HUN,2021-02,TP,-30.357107142857142
Hungary,HUN,2021-02,KTR,-18.510142857142856
Hungary,HUN,2021-02,SAP,-2.923535714285714
Hungary,HUN,2021-03,RCF,-36.11061290322581
Hungary,HUN,2021-03,TP,-33.68667741935484
Hungary,HUN,2021-03,KTR,-26.235064516129032
Hungary,HUN,2021-03,SAP,-0.7142903225806451
Hungary,HUN,2021-04,RCF,-28.780966666666664
Hungary,HUN,2021-04,TP,-30.128566666666664
Hungary,HUN,2021-04,KTR,-26.671466666666667
Hungary,HUN,2021-04,SAP,-1.6428666666666665
Hungary,HUN,2021-05,RCF,-5.940064516129032
Hungary,HUN,2021-05,TP,-13.350193548387097
Hungary,HUN,2021-05,KTR,-15.520709677419354
Hungary,HUN,2021-05,SAP,9.363999999999999
Hungary,HUN,2021-06,RCF,10.2381
Hungary,HUN,2021-06,TP,-0.8665666666666667
Hungary,HUN,2021-06,KTR,-8.519166666666667
Hungary,HUN,2021-06,SAP,20.485733333333332
Hungary,HUN,2021-07,RCF,14.815645161290323
Hungary,HUN,2021-07,TP,-1.926225806451613
Hungary,HUN,2021-07,KTR,-17.00925806451613
Hungary,HUN,2021-07,SAP,21.580612903225806
Hungary,HUN,2021-08,RCF,22.24890322580645
Hungary,HUN,2021-08,TP,2.032225806451613
Hungary,HUN,2021-08,KTR,-20.654419354838712
Hungary,HUN,2021-08,SAP,24.889451612903226
Hungary,HUN,2021-09,RCF,20.490466666666666
Hungary,HUN,2021-09,TP,10.519
Hungary,HUN,2021-09,KTR,-8.3762
Hungary,HUN,2021-09,SAP,26.50476666666667
Hungary,HUN,2021-10,RCF,12.474709677419355
Hungary,HUN,2021-10,TP,0.48854838709677423
Hungary,HUN,2021-10,KTR,-10.069096774193548
Hungary,HUN,2021-10,SAP,20.442419354838712
Hungary,HUN,2021-11,RCF,5.8332999999999995
Hungary,HUN,2021-11,TP,-5.566633333333333
Hungary,HUN,2021-11,KTR,-12.652366666666667
Hungary,HUN,2021-11,SAP,20.34766666666667
Hungary,HUN,2021-12,RCF,6.317967741935484
Hungary,HUN,2021-12,TP,-10.824903225806452
Hungary,HUN,2021-12,KTR,-17.41941935483871
Hungary,HUN,2021-12,SAP,22.165967741935482
Hungary,HUN,2022-01,RCF,-6.276548387096774
Hungary,HUN,2022-01,TP,-17.06448387096774
Hungary,HUN,2022-01,KTR,-16.161322580645162
Hungary,HUN,2022-01,SAP,11.262677419354839
Hungary,HUN,2022-02,RCF,5.719392857142857
Hungary,HUN,2022-02,TP,-7.86725
Hungary,HUN,2022-02,KTR,-5.933642857142857
Hungary,HUN,2022-02,SAP,20.627642857142856
Hungary,HUN,2022-03,RCF,6.917064516129033
Hungary,HUN,2022-03,TP,-3.5114838709677416
Hungary,HUN,2022-03,KTR,-4.281129032258065
Hungary,HUN,2022-03,SAP,20.56683870967742
Hungary,HUN,2022-04,RCF,9.281033333333333
Hungary,HUN,2022-04,TP,-1.7429
Hungary,HUN,2022-04,KTR,-7.8428
Hungary,HUN,2022-04,SAP,19.2334
Hungary,HUN,2022-05,RCF,20.612935483870967
Hungary,HUN,2022-05,TP,8.534645161290323
Hungary,HUN,2022-05,KTR,0.6728064516129032
Hungary,HUN,2022-05,SAP,26.764903225806453
Hungary,HUN,2022-06,RCF,20.4905
Hungary,HUN,2022-06,TP,7.976133333333333
Hungary,HUN,2022-06,KTR,-5.3285
Hungary,HUN,2022-06,SAP,25.69523333333333
Hungary,HUN,2022-07,RCF,20.5643
Hungary,HUN,2022-07,TP,5.4643500000000005
Hungary,HUN,2022-07,KTR,-10.5143
Hungary,HUN,2022-07,SAP,30.67855
India,IND,2020-02,RCF,-0.5443076923076924
India,IND,2020-02,TP,1.0542307692307693
India,IND,2020-02,KTR,1.0850769230769233
India,IND,2020-02,SAP,0.687
India,IND,2020-03,RCF,-21.543774193548387
India,IND,2020-03,TP,-18.917032258064516
India,IND,2020-03,KTR,-16.294967741935483
India,IND,2020-03,SAP,-12.73725806451613
India,IND,2020-04,RCF,-80.67613333333334
India,IND,2020-04,TP,-68.60953333333333
India,IND,2020-04,KTR,-62.114333333333335
India,IND,2020-04,SAP,-53.85236666666666
India,IND,2020-05,RCF,-77.51616129032259
India,IND,2020-05,TP,-54.85716129032259
India,IND,2020-05,KTR,-46.811
India,IND,2020-05,SAP,-28.797193548387096
India,IND,2020-06,RCF,-60.966699999999996
India,IND,2020-06,TP,-38.942800000000005
India,IND,2020-06,KTR,-30.599933333333336
India,IND,2020-06,SAP,-3.5857666666666663
India,IND,2020-07,RCF,-59.50696774193548
India,IND,2020-07,TP,-41.56683870967742
India,IND,2020-07,KTR,-31.585290322580644
India,IND,2020-07,SAP,-9.069096774193548
India,IND,2020-08,RCF,-52.13361290322581
India,IND,2020-08,TP,-38.24887096774193
India,IND,2020-08,KTR,-29.741967741935483
India,IND,2020-08,SAP,-10.617451612903226
India,IND,2020-09,RCF,-42.804766666666666
India,IND,2020-09,TP,-30.980933333333333
India,IND,2020-09,KTR,-23.999933333333335
India,IND,2020-09,SAP,-5.804766666666667
India,IND,2020-10,RCF,-34.792645161290324
India,IND,2020-10,TP,-21.626677419354838
India,IND,2020-10,KTR,-23.682032258064517
India,IND,2020-10,SAP,5.6729032258064525
India,IND,2020-11,RCF,-28.242866666666668
India,IND,2020-11,TP,-17.7237
India,IND,2020-11,KTR,-24.6
India,IND,2020-11,SAP,10.409600000000001
India,IND,2020-12,RCF,-27.92158064516129
India,IND,2020-12,TP,-11.820258064516128
India,IND,2020-12,KTR,-18.49767741935484
India,IND,2020-12,SAP,9.064483870967743
India,IND,2021-01,RCF,-27.317903225806454
India,IND,2021-01,TP,-12.322483870967742
India,IND,2021-01,KTR,-17.410064516129033
India,IND,2021-01,SAP,7.124483870967742
India,IND,2021-02,RCF,-23.25
India,IND,2021-02,TP,-7.459142857142857
India,IND,2021-02,KTR,-14.995000000000001
India,IND,2021-02,SAP,15.168464285714284
India,IND,2021-03,RCF,-21.56683870967742
India,IND,2021-03,TP,-5.718903225806452
India,IND,2021-03,KTR,-12.797258064516129
India,IND,2021-03,SAP,19.041483870967745
India,IND,2021-04,RCF,-35.59053333333333
India,IND,2021-04,TP,-21.26193333333333
India,IND,2021-04,KTR,-26.947633333333332
India,IND,2021-04,SAP,7.757099999999999
India,IND,2021-05,RCF,-61.88487096774194
India,IND,2021-05,TP,-48.553000000000004
India,IND,2021-05,KTR,-47.235129032258065
India,IND,2021-05,SAP,-23.917096774193546
India,IND,2021-06,RCF,-43.18573333333334
India,IND,2021-06,TP,-31.947666666666667
India,IND,2021-06,KTR,-31.9476
India,IND,2021-06,SAP,-0.1905
India,IND,2021-07,RCF,-25.488548387096774
India,IND,2021-07,TP,-13.479290322580646
India,IND,2021-07,KTR,-21.304129032258064
India,IND,2021-07,SAP,19.368645161290324
India,IND,2021-08,RCF,-16.847967741935484
India,IND,2021-08,TP,-4.829548387096774
India,IND,2021-08,KTR,-14.207387096774193
India,IND,2021-08,SAP,29.299580645161292
India,IND,2021-09,RCF,-13.409500000000001
India,IND,2021-09,TP,-2.004833333333333
India,IND,2021-09,KTR,-9.8714
India,IND,2021-09,SAP,32.28573333333333
India,IND,2021-10,RCF,-5.954000000000001
India,IND,2021-10,TP,4.797193548387097
India,IND,2021-10,KTR,-7.926290322580646
India,IND,2021-10,SAP,41.26264516129032
India,IND,2021-11,RCF,-0.5666999999999999
India,IND,2021-11,TP,10.990433333333334
India,IND,2021-11,KTR,-9.733233333333335
India,IND,2021-11,SAP,47.70956666666667
India,IND,2021-12,RCF,1.5483548387096775
India,IND,2021-12,TP,13.866419354838708
India,IND,2021-12,KTR,2.258
India,IND,2021-12,SAP,47.02764516129032
India,IND,2022-01,RCF,-8.239612903225806
India,IND,2022-01,TP,2.59441935483871
India,IND,2022-01,KTR,-1.8294193548387099
India,IND,2022-01,SAP,37.884903225806454
India,IND,2022-02,RCF,2.1479285714285714
India,IND,2022-02,TP,12.734571428571428
India,IND,2022-02,KTR,7.683821428571428
India,IND,2022-02,SAP,47.26539285714286
India,IND,2022-03,RCF,7.119774193548387
India,IND,2022-03,TP,22.61296774193548
India,IND,2022-03,KTR,18.571387096774192
India,IND,2022-03,SAP,48.11977419354839
India,IND,2022-04,RCF,9.3382
India,IND,2022-04,TP,26.00003333333333
India,IND,2022-04,KTR,20.890533333333334
India,IND,2022-04,SAP,50.13326666666667
India,IND,2022-05,RCF,10.318
India,IND,2022-05,TP,28.682032258064517
India,IND,2022-05,KTR,18.101451612903226
India,IND,2022-05,SAP,49.39632258064516
India,IND,2022-06,RCF,9.047699999999999
India,IND,2022-06,TP,28.366600000000002
India,IND,2022-06,KTR,19.9334
India,IND,2022-06,SAP,47.5191
India,IND,2022-07,RCF,5.4215
India,IND,2022-07,TP,24.0357
India,IND,2022-07,KTR,21.5215
India,IND,2022-07,SAP,45.4929
Indonesia,IDN,2020-02,RCF,-2.210923076923077
Indonesia,IDN,2020-02,TP,-0.29223076923076924
Indonesia,IDN,2020-02,KTR,2.8666153846153843
Indonesia,IDN,2020-02,SAP,-1.933230769230769
Indonesia,IDN,2020-03,RCF,-9.788
Indonesia,IDN,2020-03,TP,-14.801774193548388
Indonesia,IDN,2020-03,KTR,-6.861774193548388
Indonesia,IDN,2020-03,SAP,-1.4101290322580644
Indonesia,IDN,2020-04,RCF,-38.30466666666666
Indonesia,IDN,2020-04,TP,-55.7238
Indonesia,IDN,2020-04,KTR,-32.43803333333333
Indonesia,IDN,2020-04,SAP,-20.571433333333335
Indonesia,IDN,2020-05,RCF,-38.599096774193555
Indonesia,IDN,2020-05,TP,-56.382516129032254
Indonesia,IDN,2020-05,KTR,-35.290419354838704
Indonesia,IDN,2020-05,SAP,-13.820225806451614
Indonesia,IDN,2020-06,RCF,-26.085733333333334
Indonesia,IDN,2020-06,TP,-44.7143
Indonesia,IDN,2020-06,KTR,-22.114233333333335
Indonesia,IDN,2020-06,SAP,-7.261866666666666
Indonesia,IDN,2020-07,RCF,-18.004645161290323
Indonesia,IDN,2020-07,TP,-35.82487096774193
Indonesia,IDN,2020-07,KTR,-18.511580645161292
Indonesia,IDN,2020-07,SAP,-3.106
Indonesia,IDN,2020-08,RCF,-14.921612903225807
Indonesia,IDN,2020-08,TP,-32.046
Indonesia,IDN,2020-08,KTR,-21.986129032258066
Indonesia,IDN,2020-08,SAP,-0.23041935483870968
Indonesia,IDN,2020-09,RCF,-16.514300000000002
Indonesia,IDN,2020-09,TP,-35.54293333333333
Indonesia,IDN,2020-09,KTR,-18.004733333333334
Indonesia,IDN,2020-09,SAP,-1.9190666666666667
Indonesia,IDN,2020-10,RCF,-18.603677419354838
Indonesia,IDN,2020-10,TP,-33.041483870967745
Indonesia,IDN,2020-10,KTR,-21.562258064516126
Indonesia,IDN,2020-10,SAP,-0.23500000000000001
Indonesia,IDN,2020-11,RCF,-16.257066666666667
Indonesia,IDN,2020-11,TP,-29.2333
Indonesia,IDN,2020-11,KTR,-22.719133333333332
Indonesia,IDN,2020-11,SAP,-0.4999666666666666
Indonesia,IDN,2020-12,RCF,-14.635967741935483
Indonesia,IDN,2020-12,TP,-26.078290322580646
Indonesia,IDN,2020-12,KTR,-23.35009677419355
Indonesia,IDN,2020-12,SAP,3.299516129032258
Indonesia,IDN,2021-01,RCF,-23.009129032258066
Indonesia,IDN,2021-01,TP,-35.97687096774193
Indonesia,IDN,2021-01,KTR,-28.212032258064514
Indonesia,IDN,2021-01,SAP,-6.797354838709678
Indonesia,IDN,2021-02,RCF,-22.959142857142858
Indonesia,IDN,2021-02,TP,-36.54078571428572
Indonesia,IDN,2021-02,KTR,-28.550964285714286
Indonesia,IDN,2021-02,SAP,-6.168464285714286
Indonesia,IDN,2021-03,RCF,-16.884774193548388
Indonesia,IDN,2021-03,TP,-30.65432258064516
Indonesia,IDN,2021-03,KTR,-24.511451612903226
Indonesia,IDN,2021-03,SAP,2.083032258064516
Indonesia,IDN,2021-04,RCF,-14.647699999999999
Indonesia,IDN,2021-04,TP,-26.852333333333334
Indonesia,IDN,2021-04,KTR,-23.333366666666667
Indonesia,IDN,2021-04,SAP,7.6523666666666665
Indonesia,IDN,2021-05,RCF,-3.2442258064516127
Indonesia,IDN,2021-05,TP,-25.35022580645161
Indonesia,IDN,2021-05,KTR,-29.170387096774196
Indonesia,IDN,2021-05,SAP,22.806516129032257
Indonesia,IDN,2021-06,RCF,-3.0667
Indonesia,IDN,2021-06,TP,-21.8048
Indonesia,IDN,2021-06,KTR,-19.15713333333333
Indonesia,IDN,2021-06,SAP,20.366633333333333
Indonesia,IDN,2021-07,RCF,-19.119806451612902
Indonesia,IDN,2021-07,TP,-44.36877419354839
Indonesia,IDN,2021-07,KTR,-28.857129032258065
Indonesia,IDN,2021-07,SAP,13.133612903225806
Indonesia,IDN,2021-08,RCF,-13.520806451612902
Indonesia,IDN,2021-08,TP,-38.35487096774194
Indonesia,IDN,2021-08,KTR,-23.580548387096773
Indonesia,IDN,2021-08,SAP,15.258064516129032
Indonesia,IDN,2021-09,RCF,-2.7475666666666667
Indonesia,IDN,2021-09,TP,-28.3381
Indonesia,IDN,2021-09,KTR,-16.095299999999998
Indonesia,IDN,2021-09,SAP,19.895233333333334
Indonesia,IDN,2021-10,RCF,4.023064516129033
Indonesia,IDN,2021-10,TP,-19.79725806451613
Indonesia,IDN,2021-10,KTR,-13.11058064516129
Indonesia,IDN,2021-10,SAP,24.35022580645161
Indonesia,IDN,2021-11,RCF,5.133366666666666
Indonesia,IDN,2021-11,TP,-15.8285
Indonesia,IDN,2021-11,KTR,-9.390566666666667
Indonesia,IDN,2021-11,SAP,24.199866666666665
Indonesia,IDN,2021-12,RCF,9.05074193548387
Indonesia,IDN,2021-12,TP,-10.77883870967742
Indonesia,IDN,2021-12,KTR,-8.22125806451613
Indonesia,IDN,2021-12,SAP,28.03690322580645
Indonesia,IDN,2022-01,RCF,7.917096774193548
Indonesia,IDN,2022-01,TP,-12.175161290322581
Indonesia,IDN,2022-01,KTR,-3.6452258064516125
Indonesia,IDN,2022-01,SAP,28.322580645161292
Indonesia,IDN,2022-02,RCF,4.280678571428571
Indonesia,IDN,2022-02,TP,-22.69382142857143
Indonesia,IDN,2022-02,KTR,-4.811214285714286
Indonesia,IDN,2022-02,SAP,25.85707142857143
Indonesia,IDN,2022-03,RCF,6.935483870967742
Indonesia,IDN,2022-03,TP,-16.03216129032258
Indonesia,IDN,2022-03,KTR,4.714322580645161
Indonesia,IDN,2022-03,SAP,28.322612903225806
Indonesia,IDN,2022-04,RCF,7.542866666666667
Indonesia,IDN,2022-04,TP,-14.6714
Indonesia,IDN,2022-04,KTR,7.238066666666667
Indonesia,IDN,2022-04,SAP,31.209533333333333
Indonesia,IDN,2022-05,RCF,20.165935483870967
Indonesia,IDN,2022-05,TP,1.1383225806451611
Indonesia,IDN,2022-05,KTR,-9.525387096774192
Indonesia,IDN,2022-05,SAP,42.60370967741935
Indonesia,IDN,2022-06,RCF,11.780933333333333
Indonesia,IDN,2022-06,TP,-8.219066666666667
Indonesia,IDN,2022-06,KTR,9.309433333333335
Indonesia,IDN,2022-06,SAP,31.176199999999998
Indonesia,IDN,2022-07,RCF,15.16425
Indonesia,IDN,2022-07,TP,-1.3143
Indonesia,IDN,2022-07,KTR,3.5356
Indonesia,IDN,2022-07,SAP,36.6714
Iraq,IRQ,2020-02,RCF,10.877307692307692
Iraq,IRQ,2020-02,TP,13.625692307692308
Iraq,IRQ,2020-02,KTR,11.182076923076922
Iraq,IRQ,2020-02,SAP,10.190384615384614
Iraq,IRQ,2020-03,RCF,-26.083032258064517
Iraq,IRQ,2020-03,TP,-23.617483870967742
Iraq,IRQ,2020-03,KTR,-18.704967741935484
Iraq,IRQ,2020-03,SAP,-9.092096774193548
Iraq,IRQ,2020-04,RCF,-56.09523333333333
Iraq,IRQ,2020-04,TP,-52.62383333333333
Iraq,IRQ,2020-04,KTR,-40.9762
Iraq,IRQ,2020-04,SAP,-31.923833333333334
Iraq,IRQ,2020-05,RCF,-30.493193548387097
Iraq,IRQ,2020-05,TP,-27.42854838709677
Iraq,IRQ,2020-05,KTR,-20.645129032258065
Iraq,IRQ,2020-05,SAP,-6.115225806451613
Iraq,IRQ,2020-06,RCF,-33.852333333333334
Iraq,IRQ,2020-06,TP,-32.990566666666666
Iraq,IRQ,2020-06,KTR,-22.580966666666665
Iraq,IRQ,2020-06,SAP,-12.490533333333333
Iraq,IRQ,2020-07,RCF,-29.096741935483873
Iraq,IRQ,2020-07,TP,-30.889387096774193
Iraq,IRQ,2020-07,KTR,-24.769548387096773
Iraq,IRQ,2020-07,SAP,-8.170419354838709
Iraq,IRQ,2020-08,RCF,-19.152064516129034
Iraq,IRQ,2020-08,TP,-18.419387096774194
Iraq,IRQ,2020-08,KTR,-23.921645161290325
Iraq,IRQ,2020-08,SAP,2.1521612903225806
Iraq,IRQ,2020-09,RCF,-8.719066666666667
Iraq,IRQ,2020-09,TP,-6.2381
Iraq,IRQ,2020-09,KTR,-16.423833333333334
Iraq,IRQ,2020-09,SAP,9.090499999999999
Iraq,IRQ,2020-10,RCF,-2.2211935483870966
Iraq,IRQ,2020-10,TP,5.4792903225806455
Iraq,IRQ,2020-10,KTR,-15.783354838709677
Iraq,IRQ,2020-10,SAP,27.870967741935484
Iraq,IRQ,2020-11,RCF,2.690533333333333
Iraq,IRQ,2020-11,TP,3.3476333333333335
Iraq,IRQ,2020-11,KTR,-7.4475999999999996
Iraq,IRQ,2020-11,SAP,33.733266666666665
Iraq,IRQ,2020-12,RCF,6.852451612903225
Iraq,IRQ,2020-12,TP,8.479290322580646
Iraq,IRQ,2020-12,KTR,-2.7281612903225807
Iraq,IRQ,2020-12,SAP,44.20729032258064
Iraq,IRQ,2021-01,RCF,8.101354838709677
Iraq,IRQ,2021-01,TP,6.6405806451612905
Iraq,IRQ,2021-01,KTR,-3.456225806451613
Iraq,IRQ,2021-01,SAP,41.91703225806451
Iraq,IRQ,2021-02,RCF,4.5918214285714285
Iraq,IRQ,2021-02,TP,0.9744642857142856
Iraq,IRQ,2021-02,KTR,-10.392892857142856
Iraq,IRQ,2021-02,SAP,40.70917857142857
Iraq,IRQ,2021-03,RCF,4.350290322580645
Iraq,IRQ,2021-03,TP,5.0369032258064514
Iraq,IRQ,2021-03,KTR,-18.60825806451613
Iraq,IRQ,2021-03,SAP,52.8848064516129
Iraq,IRQ,2021-04,RCF,17.276200000000003
Iraq,IRQ,2021-04,TP,18.5809
Iraq,IRQ,2021-04,KTR,-8.823966666666667
Iraq,IRQ,2021-04,SAP,70.51433333333333
Iraq,IRQ,2021-05,RCF,32.86174193548387
Iraq,IRQ,2021-05,TP,31.082967741935484
Iraq,IRQ,2021-05,KTR,-10.470064516129032
Iraq,IRQ,2021-05,SAP,88.08293548387097
Iraq,IRQ,2021-06,RCF,50.909533333333336
Iraq,IRQ,2021-06,TP,49.800066666666666
Iraq,IRQ,2021-06,KTR,-0.09516666666666669
Iraq,IRQ,2021-06,SAP,115.13326666666667
Iraq,IRQ,2021-07,RCF,56.53922580645161
Iraq,IRQ,2021-07,TP,50.62674193548387
Iraq,IRQ,2021-07,KTR,-8.663612903225806
Iraq,IRQ,2021-07,SAP,123.49767741935483
Iraq,IRQ,2021-08,RCF,60.05074193548388
Iraq,IRQ,2021-08,TP,56.152032258064516
Iraq,IRQ,2021-08,KTR,-0.09216129032258068
Iraq,IRQ,2021-08,SAP,133.31793548387097
Iraq,IRQ,2021-09,RCF,69.19996666666665
Iraq,IRQ,2021-09,TP,65.44753333333333
Iraq,IRQ,2021-09,KTR,1.5762666666666665
Iraq,IRQ,2021-09,SAP,140.15236666666667
Iraq,IRQ,2021-10,RCF,79.62212903225807
Iraq,IRQ,2021-10,TP,64.4148064516129
Iraq,IRQ,2021-10,KTR,5.5115483870967745
Iraq,IRQ,2021-10,SAP,156.60838709677418
Iraq,IRQ,2021-11,RCF,86.29523333333333
Iraq,IRQ,2021-11,TP,68.70953333333334
Iraq,IRQ,2021-11,KTR,20.33806666666667
Iraq,IRQ,2021-11,SAP,167.17143333333334
Iraq,IRQ,2021-12,RCF,81.84341935483872
Iraq,IRQ,2021-12,TP,65.45622580645161
Iraq,IRQ,2021-12,KTR,35.557645161290324
Iraq,IRQ,2021-12,SAP,159.58064516129033
Iraq,IRQ,2022-01,RCF,76.4976129032258
Iraq,IRQ,2022-01,TP,59.60367741935484
Iraq,IRQ,2022-01,KTR,39.852548387096775
Iraq,IRQ,2022-01,SAP,153.59916129032257
Iraq,IRQ,2022-02,RCF,87.93367857142857
Iraq,IRQ,2022-02,TP,69.83157142857144
Iraq,IRQ,2022-02,KTR,46.33667857142857
Iraq,IRQ,2022-02,SAP,163.4132857142857
Iraq,IRQ,2022-03,RCF,95.36409677419354
Iraq,IRQ,2022-03,TP,82.5899677419355
Iraq,IRQ,2022-03,KTR,56.31335483870968
Iraq,IRQ,2022-03,SAP,175.98164516129032
Iraq,IRQ,2022-04,RCF,88.82386666666666
Iraq,IRQ,2022-04,TP,66.83336666666666
Iraq,IRQ,2022-04,KTR,64.50473333333333
Iraq,IRQ,2022-04,SAP,178.97626666666667
Iraq,IRQ,2022-05,RCF,96.97696774193548
Iraq,IRQ,2022-05,TP,78.08293548387097
Iraq,IRQ,2022-05,KTR,46.871
Iraq,IRQ,2022-05,SAP,185.1520322580645
Iraq,IRQ,2022-06,RCF,99.39516666666667
Iraq,IRQ,2022-06,TP,80.15713333333333
Iraq,IRQ,2022-06,KTR,58.7428
Iraq,IRQ,2022-06,SAP,187.37146666666666
Iraq,IRQ,2022-07,RCF,104.55709999999999
Iraq,IRQ,2022-07,TP,82.1929
Iraq,IRQ,2022-07,KTR,37.47135
Iraq,IRQ,2022-07,SAP,191.1071
Ireland,IRL,2020-02,RCF,0.36830769230769234
Ireland,IRL,2020-02,TP,-1.6703076923076923
Ireland,IRL,2020-02,KTR,-4.316076923076923
Ireland,IRL,2020-02,SAP,-1.4209999999999998
Ireland,IRL,2020-03,RCF,-25.63590322580645
Ireland,IRL,2020-03,TP,-29.497645161290322
Ireland,IRL,2020-03,KTR,-23.350129032258067
Ireland,IRL,2020-03,SAP,-1.4930322580645163
Ireland,IRL,2020-04,RCF,-77.90476666666667
Ireland,IRL,2020-04,TP,-70.51423333333334
Ireland,IRL,2020-04,KTR,-63.504733333333334
Ireland,IRL,2020-04,SAP,-22.533399999999997
Ireland,IRL,2020-05,RCF,-68.34564516129032
Ireland,IRL,2020-05,TP,-54.59448387096774
Ireland,IRL,2020-05,KTR,-53.3548064516129
Ireland,IRL,2020-05,SAP,-11.575967741935484
Ireland,IRL,2020-06,RCF,-47.933366666666664
Ireland,IRL,2020-06,TP,-40.066633333333336
Ireland,IRL,2020-06,KTR,-40.1523
Ireland,IRL,2020-06,SAP,-0.9952666666666666
Ireland,IRL,2020-07,RCF,-25.52532258064516
Ireland,IRL,2020-07,TP,-32.07370967741935
Ireland,IRL,2020-07,KTR,-32.7328064516129
Ireland,IRL,2020-07,SAP,0.3594838709677419
Ireland,IRL,2020-08,RCF,-19.442354838709676
Ireland,IRL,2020-08,TP,-34.25803225806452
Ireland,IRL,2020-08,KTR,-33.00458064516129
Ireland,IRL,2020-08,SAP,-2.0276774193548386
Ireland,IRL,2020-09,RCF,-20.7666
Ireland,IRL,2020-09,TP,-34.89533333333334
Ireland,IRL,2020-09,KTR,-26.576166666666666
Ireland,IRL,2020-09,SAP,-0.27609999999999996
Ireland,IRL,2020-10,RCF,-34.511548387096774
Ireland,IRL,2020-10,TP,-46.239548387096775
Ireland,IRL,2020-10,KTR,-29.94935483870968
Ireland,IRL,2020-10,SAP,0.27199999999999996
Ireland,IRL,2020-11,RCF,-47.3333
Ireland,IRL,2020-11,TP,-55.504866666666665
Ireland,IRL,2020-11,KTR,-32.7667
Ireland,IRL,2020-11,SAP,-2.866633333333333
Ireland,IRL,2020-12,RCF,-21.599
Ireland,IRL,2020-12,TP,-42.70967741935484
Ireland,IRL,2020-12,KTR,-30.50693548387097
Ireland,IRL,2020-12,SAP,5.52541935483871
Ireland,IRL,2021-01,RCF,-58.62209677419355
Ireland,IRL,2021-01,TP,-67.4653870967742
Ireland,IRL,2021-01,KTR,-50.327161290322586
Ireland,IRL,2021-01,SAP,-15.958483870967742
Ireland,IRL,2021-02,RCF,-54.4745
Ireland,IRL,2021-02,TP,-66.45410714285714
Ireland,IRL,2021-02,KTR,-44.403107142857145
Ireland,IRL,2021-02,SAP,-8.086785714285714
Ireland,IRL,2021-03,RCF,-45.95390322580645
Ireland,IRL,2021-03,TP,-60.40548387096774
Ireland,IRL,2021-03,KTR,-38.10593548387097
Ireland,IRL,2021-03,SAP,3.248806451612903
Ireland,IRL,2021-04,RCF,-40.857166666666664
Ireland,IRL,2021-04,TP,-55.6905
Ireland,IRL,2021-04,KTR,-36.55716666666667
Ireland,IRL,2021-04,SAP,7.866733333333333
Ireland,IRL,2021-05,RCF,-30.216709677419352
Ireland,IRL,2021-05,TP,-48.046
Ireland,IRL,2021-05,KTR,-29.848
Ireland,IRL,2021-05,SAP,15.345645161290324
Ireland,IRL,2021-06,RCF,-14.814333333333334
Ireland,IRL,2021-06,TP,-38.05716666666667
Ireland,IRL,2021-06,KTR,-28.290533333333332
Ireland,IRL,2021-06,SAP,21.18566666666667
Ireland,IRL,2021-07,RCF,-9.115258064516128
Ireland,IRL,2021-07,TP,-35.54829032258065
Ireland,IRL,2021-07,KTR,-28.534548387096773
Ireland,IRL,2021-07,SAP,20.972322580645162
Ireland,IRL,2021-08,RCF,-2.4147096774193546
Ireland,IRL,2021-08,TP,-31.212032258064514
Ireland,IRL,2021-08,KTR,-28.907774193548384
Ireland,IRL,2021-08,SAP,18.22116129032258
Ireland,IRL,2021-09,RCF,-3.723766666666667
Ireland,IRL,2021-09,TP,-27.542866666666665
Ireland,IRL,2021-09,KTR,-21.485633333333332
Ireland,IRL,2021-09,SAP,18.881033333333335
Ireland,IRL,2021-10,RCF,-3.640516129032258
Ireland,IRL,2021-10,TP,-28.055225806451613
Ireland,IRL,2021-10,KTR,-21.31341935483871
Ireland,IRL,2021-10,SAP,15.193580645161289
Ireland,IRL,2021-11,RCF,-3.9762
Ireland,IRL,2021-11,TP,-27.333366666666667
Ireland,IRL,2021-11,KTR,-18.8761
Ireland,IRL,2021-11,SAP,14.619066666666667
Ireland,IRL,2021-12,RCF,-1.1613225806451615
Ireland,IRL,2021-12,TP,-33.37329032258065
Ireland,IRL,2021-12,KTR,-27.161290322580644
Ireland,IRL,2021-12,SAP,15.10141935483871
Ireland,IRL,2022-01,RCF,-16.585290322580644
Ireland,IRL,2022-01,TP,-42.07832258064516
Ireland,IRL,2022-01,KTR,-28.599064516129033
Ireland,IRL,2022-01,SAP,5.106
Ireland,IRL,2022-02,RCF,-7.3265714285714285
Ireland,IRL,2022-02,TP,-31.60721428571429
Ireland,IRL,2022-02,KTR,-16.97442857142857
Ireland,IRL,2022-02,SAP,8.413285714285715
Ireland,IRL,2022-03,RCF,-4.783516129032257
Ireland,IRL,2022-03,TP,-24.838645161290323
Ireland,IRL,2022-03,KTR,-17.79274193548387
Ireland,IRL,2022-03,SAP,10.691258064516129
Ireland,IRL,2022-04,RCF,-0.5619666666666667
Ireland,IRL,2022-04,TP,-18.885733333333334
Ireland,IRL,2022-04,KTR,-17.99996666666667
Ireland,IRL,2022-04,SAP,13.142866666666666
Ireland,IRL,2022-05,RCF,4.290387096774194
Ireland,IRL,2022-05,TP,-12.64974193548387
Ireland,IRL,2022-05,KTR,-11.603645161290324
Ireland,IRL,2022-05,SAP,17.884806451612903
Ireland,IRL,2022-06,RCF,6.3761
Ireland,IRL,2022-06,TP,-7.414199999999999
Ireland,IRL,2022-06,KTR,-14.752266666666666
Ireland,IRL,2022-06,SAP,18.604733333333336
Ireland,IRL,2022-07,RCF,5.61435
Ireland,IRL,2022-07,TP,-5.6571
Ireland,IRL,2022-07,KTR,-18.1285
Ireland,IRL,2022-07,SAP,17.7999
Israel,ISR,2020-02,RCF,2.649769230769231
Israel,ISR,2020-02,TP,1.7206153846153844
Israel,ISR,2020-02,KTR,0.8947692307692308
Israel,ISR,2020-02,SAP,0.9522307692307692
Israel,ISR,2020-03,RCF,-29.064548387096774
Israel,ISR,2020-03,TP,-25.534645161290324
Israel,ISR,2020-03,KTR,-27.603677419354838
Israel,ISR,2020-03,SAP,1.1566774193548386
Israel,ISR,2020-04,RCF,-77.24756666666667
Israel,ISR,2020-04,TP,-58.00953333333334
Israel,ISR,2020-04,KTR,-58.78573333333334
Israel,ISR,2020-04,SAP,-23.095233333333333
Israel,ISR,2020-05,RCF,-43.013935483870966
Israel,ISR,2020-05,TP,-26.410129032258062
Israel,ISR,2020-05,KTR,-29.866387096774194
Israel,ISR,2020-05,SAP,-4.723451612903226
Israel,ISR,2020-06,RCF,-19.866600000000002
Israel,ISR,2020-06,TP,-10.619200000000001
Israel,ISR,2020-06,KTR,-14.781
Israel,ISR,2020-06,SAP,0.5618666666666666
Israel,ISR,2020-07,RCF,-23.267258064516128
Israel,ISR,2020-07,TP,-18.262709677419355
Israel,ISR,2020-07,KTR,-24.21209677419355
Israel,ISR,2020-07,SAP,-1.6314193548387097
Israel,ISR,2020-08,RCF,-14.345677419354839
Israel,ISR,2020-08,TP,-18.714225806451612
Israel,ISR,2020-08,KTR,-29.174999999999997
Israel,ISR,2020-08,SAP,0.9539354838709677
Israel,ISR,2020-09,RCF,-31.9857
Israel,ISR,2020-09,TP,-28.8763
Israel,ISR,2020-09,KTR,-32.538066666666666
Israel,ISR,2020-09,SAP,-6.395300000000001
Israel,ISR,2020-10,RCF,-54.64045161290323
Israel,ISR,2020-10,TP,-40.23048387096774
Israel,ISR,2020-10,KTR,-40.02309677419355
Israel,ISR,2020-10,SAP,-13.331838709677418
Israel,ISR,2020-11,RCF,-37.95713333333333
Israel,ISR,2020-11,TP,-29.685799999999997
Israel,ISR,2020-11,KTR,-24.9143
Israel,ISR,2020-11,SAP,-1.9571666666666665
Israel,ISR,2020-12,RCF,-31.00006451612903
Israel,ISR,2020-12,TP,-28.00461290322581
Israel,ISR,2020-12,KTR,-23.29477419354839
Israel,ISR,2020-12,SAP,-0.4700645161290322
Israel,ISR,2021-01,RCF,-55.281129032258065
Israel,ISR,2021-01,TP,-47.08296774193549
Israel,ISR,2021-01,KTR,-36.19358064516129
Israel,ISR,2021-01,SAP,-13.990741935483872
Israel,ISR,2021-02,RCF,-42.66842857142858
Israel,ISR,2021-02,TP,-39.199000000000005
Israel,ISR,2021-02,KTR,-32.32139285714286
Israel,ISR,2021-02,SAP,-6.699
Israel,ISR,2021-03,RCF,-20.175064516129034
Israel,ISR,2021-03,TP,-24.67274193548387
Israel,ISR,2021-03,KTR,-26.880064516129032
Israel,ISR,2021-03,SAP,6.506967741935484
Israel,ISR,2021-04,RCF,-17.257066666666667
Israel,ISR,2021-04,TP,-20.876166666666666
Israel,ISR,2021-04,KTR,-23.509466666666665
Israel,ISR,2021-04,SAP,6.490466666666666
Israel,ISR,2021-05,RCF,-19.271935483870966
Israel,ISR,2021-05,TP,-23.050645161290323
Israel,ISR,2021-05,KTR,-20.41016129032258
Israel,ISR,2021-05,SAP,4.216612903225807
Israel,ISR,2021-06,RCF,-4.380933333333333
Israel,ISR,2021-06,TP,-12.961900000000002
Israel,ISR,2021-06,KTR,-9.885733333333333
Israel,ISR,2021-06,SAP,9.966733333333334
Israel,ISR,2021-07,RCF,-3.5253225806451614
Israel,ISR,2021-07,TP,-15.543645161290323
Israel,ISR,2021-07,KTR,-21.313290322580645
Israel,ISR,2021-07,SAP,9.967774193548387
Israel,ISR,2021-08,RCF,-1.7695806451612903
Israel,ISR,2021-08,TP,-17.414645161290323
Israel,ISR,2021-08,KTR,-26.15206451612903
Israel,ISR,2021-08,SAP,11.285677419354839
Israel,ISR,2021-09,RCF,-12.014333333333333
Israel,ISR,2021-09,TP,-26.1524
Israel,ISR,2021-09,KTR,-36.07136666666667
Israel,ISR,2021-09,SAP,10.5666
Israel,ISR,2021-10,RCF,-3.2856451612903226
Israel,ISR,2021-10,TP,-14.258
Israel,ISR,2021-10,KTR,-12.253483870967742
Israel,ISR,2021-10,SAP,12.746548387096775
Israel,ISR,2021-11,RCF,-2.2808333333333333
Israel,ISR,2021-11,TP,-12.352433333333332
Israel,ISR,2021-11,KTR,-6.7904333333333335
Israel,ISR,2021-11,SAP,12.895266666666666
Israel,ISR,2021-12,RCF,-4.576096774193549
Israel,ISR,2021-12,TP,-17.405548387096776
Israel,ISR,2021-12,KTR,-10.972387096774193
Israel,ISR,2021-12,SAP,11.30883870967742
Israel,ISR,2022-01,RCF,-14.741935483870968
Israel,ISR,2022-01,TP,-27.62674193548387
Israel,ISR,2022-01,KTR,-18.497612903225807
Israel,ISR,2022-01,SAP,8.571483870967743
Israel,ISR,2022-02,RCF,-8.591857142857142
Israel,ISR,2022-02,TP,-22.18360714285714
Israel,ISR,2022-02,KTR,-12.653142857142857
Israel,ISR,2022-02,SAP,8.117392857142857
Israel,ISR,2022-03,RCF,-9.341096774193549
Israel,ISR,2022-03,TP,-21.073741935483874
Israel,ISR,2022-03,KTR,-10.723516129032257
Israel,ISR,2022-03,SAP,6.5207096774193545
Israel,ISR,2022-04,RCF,-10.8999
Israel,ISR,2022-04,TP,-22.276133333333334
Israel,ISR,2022-04,KTR,-23.395266666666664
Israel,ISR,2022-04,SAP,9.7714
Israel,ISR,2022-05,RCF,-7.640548387096774
Israel,ISR,2022-05,TP,-17.437806451612904
Israel,ISR,2022-05,KTR,-11.276354838709677
Israel,ISR,2022-05,SAP,10.926258064516128
Israel,ISR,2022-06,RCF,-6.576266666666667
Israel,ISR,2022-06,TP,-17.952266666666667
Israel,ISR,2022-06,KTR,-14.242833333333333
Israel,ISR,2022-06,SAP,9.580966666666665
Israel,ISR,2022-07,RCF,-4.186
Israel,ISR,2022-07,TP,-17.357149999999997
Israel,ISR,2022-07,KTR,-21.57855
Israel,ISR,2022-07,SAP,11.11425
Italy,ITA,2020-02,RCF,-1.195769230769231
Italy,ITA,2020-02,TP,0.26092307692307704
Italy,ITA,2020-02,KTR,-2.501769230769231
Italy,ITA,2020-02,SAP,3.244153846153846
Italy,ITA,2020-03,RCF,-53.77877419354839
Italy,ITA,2020-03,TP,-56.225806451612904
Italy,ITA,2020-03,KTR,-41.05990322580645
Italy,ITA,2020-03,SAP,-26.788032258064515
Italy,ITA,2020-04,RCF,-84.50003333333333
Italy,ITA,2020-04,TP,-79.1095
Italy,ITA,2020-04,KTR,-64.89516666666667
Italy,ITA,2020-04,SAP,-49.104866666666666
Italy,ITA,2020-05,RCF,-56.235064516129036
Italy,ITA,2020-05,TP,-55.62674193548387
Italy,ITA,2020-05,KTR,-40.61283870967742
Italy,ITA,2020-05,SAP,-30.28106451612903
Italy,ITA,2020-06,RCF,-21.909499999999998
Italy,ITA,2020-06,TP,-32.6905
Italy,ITA,2020-06,KTR,-24.952366666666666
Italy,ITA,2020-06,SAP,-12.614333333333333
Italy,ITA,2020-07,RCF,-9.410129032258064
Italy,ITA,2020-07,TP,-21.691225806451612
Italy,ITA,2020-07,KTR,-19.16141935483871
Italy,ITA,2020-07,SAP,-7.815741935483872
Italy,ITA,2020-08,RCF,-5.253387096774193
Italy,ITA,2020-08,TP,-19.649806451612903
Italy,ITA,2020-08,KTR,-30.792645161290324
Italy,ITA,2020-08,SAP,-5.917129032258065
Italy,ITA,2020-09,RCF,-6.790533333333333
Italy,ITA,2020-09,TP,-16.828533333333333
Italy,ITA,2020-09,KTR,-19.871466666666667
Italy,ITA,2020-09,SAP,-4.728533333333333
Italy,ITA,2020-10,RCF,-15.843290322580645
Italy,ITA,2020-10,TP,-18.663645161290322
Italy,ITA,2020-10,KTR,-16.48390322580645
Italy,ITA,2020-10,SAP,-1.861774193548387
Italy,ITA,2020-11,RCF,-38.67616666666667
Italy,ITA,2020-11,TP,-43.423766666666666
Italy,ITA,2020-11,KTR,-28.30956666666667
Italy,ITA,2020-11,SAP,-10.8571
Italy,ITA,2020-12,RCF,-34.85709677419354
Italy,ITA,2020-12,TP,-44.21664516129032
Italy,ITA,2020-12,KTR,-31.963161290322578
Italy,ITA,2020-12,SAP,-6.636032258064516
Italy,ITA,2021-01,RCF,-45.9123870967742
Italy,ITA,2021-01,TP,-49.83412903225806
Italy,ITA,2021-01,KTR,-34.9031935483871
Italy,ITA,2021-01,SAP,-15.589870967741936
Italy,ITA,2021-02,RCF,-32.867357142857145
Italy,ITA,2021-02,TP,-37.72953571428571
Italy,ITA,2021-02,KTR,-23.316285714285716
Italy,ITA,2021-02,SAP,-7.790785714285714
Italy,ITA,2021-03,RCF,-41.562290322580644
Italy,ITA,2021-03,TP,-43.101451612903226
Italy,ITA,2021-03,KTR,-26.21661290322581
Italy,ITA,2021-03,SAP,-5.023096774193549
Italy,ITA,2021-04,RCF,-39.942933333333336
Italy,ITA,2021-04,TP,-39.966699999999996
Italy,ITA,2021-04,KTR,-25.7048
Italy,ITA,2021-04,SAP,-2.947666666666667
Italy,ITA,2021-05,RCF,-18.534548387096773
Italy,ITA,2021-05,TP,-23.04151612903226
Italy,ITA,2021-05,KTR,-15.428612903225806
Italy,ITA,2021-05,SAP,5.926193548387096
Italy,ITA,2021-06,RCF,-5.218933333333334
Italy,ITA,2021-06,TP,-16.533333333333335
Italy,ITA,2021-06,KTR,-16.985666666666667
Italy,ITA,2021-06,SAP,10.5762
Italy,ITA,2021-07,RCF,0.3502903225806452
Italy,ITA,2021-07,TP,-10.382451612903226
Italy,ITA,2021-07,KTR,-16.801774193548386
Italy,ITA,2021-07,SAP,12.700516129032259
Italy,ITA,2021-08,RCF,2.9860967741935487
Italy,ITA,2021-08,TP,-9.871032258064517
Italy,ITA,2021-08,KTR,-28.419354838709676
Italy,ITA,2021-08,SAP,14.963129032258065
Italy,ITA,2021-09,RCF,2.8667666666666665
Italy,ITA,2021-09,TP,-5.342866666666667
Italy,ITA,2021-09,KTR,-14.428633333333332
Italy,ITA,2021-09,SAP,17.180933333333332
Italy,ITA,2021-10,RCF,-4.875612903225806
Italy,ITA,2021-10,TP,-10.387129032258064
Italy,ITA,2021-10,KTR,-12.502322580645162
Italy,ITA,2021-10,SAP,14.479225806451613
Italy,ITA,2021-11,RCF,-8.733266666666667
Italy,ITA,2021-11,TP,-16.114266666666666
Italy,ITA,2021-11,KTR,-13.590433333333333
Italy,ITA,2021-11,SAP,13.923833333333333
Italy,ITA,2021-12,RCF,-7.806451612903226
Italy,ITA,2021-12,TP,-21.516129032258064
Italy,ITA,2021-12,KTR,-18.239645161290323
Italy,ITA,2021-12,SAP,19.74651612903226
Italy,ITA,2022-01,RCF,-21.428580645161293
Italy,ITA,2022-01,TP,-33.4561935483871
Italy,ITA,2022-01,KTR,-27.055290322580646
Italy,ITA,2022-01,SAP,12.80183870967742
Italy,ITA,2022-02,RCF,-13.285678571428573
Italy,ITA,2022-02,TP,-22.785714285714285
Italy,ITA,2022-02,KTR,-11.127642857142858
Italy,ITA,2022-02,SAP,12.632642857142857
Italy,ITA,2022-03,RCF,-14.654387096774194
Italy,ITA,2022-03,TP,-18.73741935483871
Italy,ITA,2022-03,KTR,-8.97241935483871
Italy,ITA,2022-03,SAP,11.995516129032257
Italy,ITA,2022-04,RCF,-11.904733333333333
Italy,ITA,2022-04,TP,-14.133433333333333
Italy,ITA,2022-04,KTR,-14.333366666666667
Italy,ITA,2022-04,SAP,12.166666666666666
Italy,ITA,2022-05,RCF,-5.105870967741936
Italy,ITA,2022-05,TP,-6.751161290322581
Italy,ITA,2022-05,KTR,-5.6728387096774195
Italy,ITA,2022-05,SAP,14.654322580645161
Italy,ITA,2022-06,RCF,-2.176333333333333
Italy,ITA,2022-06,TP,-4.6047666666666665
Italy,ITA,2022-06,KTR,-11.823833333333335
Italy,ITA,2022-06,SAP,15.500066666666667
Italy,ITA,2022-07,RCF,-2.6358
Italy,ITA,2022-07,TP,-6.3428
Italy,ITA,2022-07,KTR,-14.5
Italy,ITA,2022-07,SAP,17.28565
Jamaica,JAM,2020-02,RCF,-2.3632307692307695
Jamaica,JAM,2020-02,TP,0.33192307692307693
Jamaica,JAM,2020-02,KTR,-1.2259230769230771
Jamaica,JAM,2020-02,SAP,-2.1336153846153847
Jamaica,JAM,2020-03,RCF,-17.769483870967743
Jamaica,JAM,2020-03,TP,-16.49774193548387
Jamaica,JAM,2020-03,KTR,-14.654354838709677
Jamaica,JAM,2020-03,SAP,-5.447
Jamaica,JAM,2020-04,RCF,-50.8429
Jamaica,JAM,2020-04,TP,-51.1477
Jamaica,JAM,2020-04,KTR,-44.3858
Jamaica,JAM,2020-04,SAP,-35.499966666666666
Jamaica,JAM,2020-05,RCF,-43.460903225806454
Jamaica,JAM,2020-05,TP,-42.520709677419354
Jamaica,JAM,2020-05,KTR,-37.83406451612903
Jamaica,JAM,2020-05,SAP,-30.695806451612906
Jamaica,JAM,2020-06,RCF,-29.69043333333333
Jamaica,JAM,2020-06,TP,-27.461866666666666
Jamaica,JAM,2020-06,KTR,-24.49523333333333
Jamaica,JAM,2020-06,SAP,-18.980966666666667
Jamaica,JAM,2020-07,RCF,-21.423967741935485
Jamaica,JAM,2020-07,TP,-19.19816129032258
Jamaica,JAM,2020-07,KTR,-23.129
Jamaica,JAM,2020-07,SAP,-12.055290322580644
Jamaica,JAM,2020-08,RCF,-20.83867741935484
Jamaica,JAM,2020-08,TP,-19.53451612903226
Jamaica,JAM,2020-08,KTR,-27.165870967741938
Jamaica,JAM,2020-08,SAP,-12.258032258064517
Jamaica,JAM,2020-09,RCF,-27.766666666666666
Jamaica,JAM,2020-09,TP,-26.028599999999997
Jamaica,JAM,2020-09,KTR,-28.823733333333333
Jamaica,JAM,2020-09,SAP,-19.0048
Jamaica,JAM,2020-10,RCF,-32.84322580645161
Jamaica,JAM,2020-10,TP,-25.700451612903226
Jamaica,JAM,2020-10,KTR,-29.66816129032258
Jamaica,JAM,2020-10,SAP,-19.35483870967742
Jamaica,JAM,2020-11,RCF,-29.785766666666667
Jamaica,JAM,2020-11,TP,-26.204733333333333
Jamaica,JAM,2020-11,KTR,-25.547666666666668
Jamaica,JAM,2020-11,SAP,-16.866733333333332
Jamaica,JAM,2020-12,RCF,-19.861806451612903
Jamaica,JAM,2020-12,TP,-14.322516129032257
Jamaica,JAM,2020-12,KTR,-23.92641935483871
Jamaica,JAM,2020-12,SAP,-4.576032258064516
Jamaica,JAM,2021-01,RCF,-26.520741935483873
Jamaica,JAM,2021-01,TP,-20.654419354838712
Jamaica,JAM,2021-01,KTR,-26.529870967741935
Jamaica,JAM,2021-01,SAP,-15.769516129032258
Jamaica,JAM,2021-02,RCF,-30.530571428571427
Jamaica,JAM,2021-02,TP,-27.591892857142856
Jamaica,JAM,2021-02,KTR,-28.800928571428575
Jamaica,JAM,2021-02,SAP,-18.382678571428574
Jamaica,JAM,2021-03,RCF,-30.06916129032258
Jamaica,JAM,2021-03,TP,-25.89864516129032
Jamaica,JAM,2021-03,KTR,-31.502225806451612
Jamaica,JAM,2021-03,SAP,-13.188935483870969
Jamaica,JAM,2021-04,RCF,-36.56193333333333
Jamaica,JAM,2021-04,TP,-29.0381
Jamaica,JAM,2021-04,KTR,-37.785666666666664
Jamaica,JAM,2021-04,SAP,-20.485733333333332
Jamaica,JAM,2021-05,RCF,-23.285774193548388
Jamaica,JAM,2021-05,TP,-15.216612903225805
Jamaica,JAM,2021-05,KTR,-27.718870967741935
Jamaica,JAM,2021-05,SAP,-6.3870645161290325
Jamaica,JAM,2021-06,RCF,-15.1096
Jamaica,JAM,2021-06,TP,-4.462000000000001
Jamaica,JAM,2021-06,KTR,-24.085766666666665
Jamaica,JAM,2021-06,SAP,0.36666666666666664
Jamaica,JAM,2021-07,RCF,-9.147516129032258
Jamaica,JAM,2021-07,TP,-1.2765161290322582
Jamaica,JAM,2021-07,KTR,-23.871
Jamaica,JAM,2021-07,SAP,4.990741935483871
Jamaica,JAM,2021-08,RCF,-22.691258064516127
Jamaica,JAM,2021-08,TP,-12.986161290322581
Jamaica,JAM,2021-08,KTR,-35.16129032258065
Jamaica,JAM,2021-08,SAP,-5.751096774193548
Jamaica,JAM,2021-09,RCF,-27.942966666666667
Jamaica,JAM,2021-09,TP,-20.3857
Jamaica,JAM,2021-09,KTR,-36.77153333333333
Jamaica,JAM,2021-09,SAP,-14.228566666666666
Jamaica,JAM,2021-10,RCF,-16.94009677419355
Jamaica,JAM,2021-10,TP,-11.405451612903226
Jamaica,JAM,2021-10,KTR,-27.84793548387097
Jamaica,JAM,2021-10,SAP,-4.921645161290322
Jamaica,JAM,2021-11,RCF,-2.671466666666667
Jamaica,JAM,2021-11,TP,-2.0094333333333334
Jamaica,JAM,2021-11,KTR,-18.685766666666666
Jamaica,JAM,2021-11,SAP,11.023733333333332
Jamaica,JAM,2021-12,RCF,8.142870967741935
Jamaica,JAM,2021-12,TP,7.6451935483870965
Jamaica,JAM,2021-12,KTR,-17.658967741935484
Jamaica,JAM,2021-12,SAP,25.530032258064516
Jamaica,JAM,2022-01,RCF,1.585193548387097
Jamaica,JAM,2022-01,TP,0.806516129032258
Jamaica,JAM,2022-01,KTR,-16.212
Jamaica,JAM,2022-01,SAP,17.52993548387097
Jamaica,JAM,2022-02,RCF,6.6429285714285715
Jamaica,JAM,2022-02,TP,3.367392857142857
Jamaica,JAM,2022-02,KTR,-3.4540714285714285
Jamaica,JAM,2022-02,SAP,21.050964285714286
Jamaica,JAM,2022-03,RCF,8.990903225806452
Jamaica,JAM,2022-03,TP,8.11058064516129
Jamaica,JAM,2022-03,KTR,2.4699999999999998
Jamaica,JAM,2022-03,SAP,22.894032258064517
Jamaica,JAM,2022-04,RCF,10.2047
Jamaica,JAM,2022-04,TP,3.5001
Jamaica,JAM,2022-04,KTR,-0.6095333333333334
Jamaica,JAM,2022-04,SAP,21.8762
Jamaica,JAM,2022-05,RCF,12.42858064516129
Jamaica,JAM,2022-05,TP,10.110645161290323
Jamaica,JAM,2022-05,KTR,3.2073548387096773
Jamaica,JAM,2022-05,SAP,26.949387096774196
Jamaica,JAM,2022-06,RCF,11.042900000000001
Jamaica,JAM,2022-06,TP,10.252433333333332
Jamaica,JAM,2022-06,KTR,5.7475000000000005
Jamaica,JAM,2022-06,SAP,25.3714
Jamaica,JAM,2022-07,RCF,12.357
Jamaica,JAM,2022-07,TP,6.8286999999999995
Jamaica,JAM,2022-07,KTR,-1.69985
Jamaica,JAM,2022-07,SAP,25.707100000000004
Japan,JPN,2020-02,RCF,-0.6078461538461538
Japan,JPN,2020-02,TP,-4.663076923076924
Japan,JPN,2020-02,KTR,-3.4032307692307695
Japan,JPN,2020-02,SAP,2.382307692307692
Japan,JPN,2020-03,RCF,-6.06441935483871
Japan,JPN,2020-03,TP,-17.917096774193546
Japan,JPN,2020-03,KTR,-5.447064516129033
Japan,JPN,2020-03,SAP,3.483903225806452
Japan,JPN,2020-04,RCF,-27.099966666666667
Japan,JPN,2020-04,TP,-40.557066666666664
Japan,JPN,2020-04,KTR,-18.99523333333333
Japan,JPN,2020-04,SAP,0.03813333333333334
Japan,JPN,2020-05,RCF,-30.880225806451612
Japan,JPN,2020-05,TP,-47.41016129032258
Japan,JPN,2020-05,KTR,-28.70967741935484
Japan,JPN,2020-05,SAP,-2.3318709677419354
Japan,JPN,2020-06,RCF,-14.8571
Japan,JPN,2020-06,TP,-26.795233333333332
Japan,JPN,2020-06,KTR,-13.047666666666666
Japan,JPN,2020-06,SAP,0.31906666666666667
Japan,JPN,2020-07,RCF,-11.179709677419355
Japan,JPN,2020-07,TP,-23.746548387096777
Japan,JPN,2020-07,KTR,-14.516032258064516
Japan,JPN,2020-07,SAP,-0.4008709677419355
Japan,JPN,2020-08,RCF,-9.668225806451613
Japan,JPN,2020-08,TP,-26.313290322580645
Japan,JPN,2020-08,KTR,-19.594548387096776
Japan,JPN,2020-08,SAP,1.5669032258064515
Japan,JPN,2020-09,RCF,-9.8666
Japan,JPN,2020-09,TP,-22.047533333333334
Japan,JPN,2020-09,KTR,-14.228633333333333
Japan,JPN,2020-09,SAP,-1.2619
Japan,JPN,2020-10,RCF,-8.258032258064516
Japan,JPN,2020-10,TP,-16.765
Japan,JPN,2020-10,KTR,-9.00916129032258
Japan,JPN,2020-10,SAP,-0.1520967741935484
Japan,JPN,2020-11,RCF,-6.3524
Japan,JPN,2020-11,TP,-17.8095
Japan,JPN,2020-11,KTR,-11.0191
Japan,JPN,2020-11,SAP,-0.04766666666666666
Japan,JPN,2020-12,RCF,-7.6128709677419355
Japan,JPN,2020-12,TP,-22.133548387096774
Japan,JPN,2020-12,KTR,-9.179774193548386
Japan,JPN,2020-12,SAP,1.1243870967741936
Japan,JPN,2021-01,RCF,-19.801806451612904
Japan,JPN,2021-01,TP,-36.90783870967742
Japan,JPN,2021-01,KTR,-23.788032258064515
Japan,JPN,2021-01,SAP,-6.087451612903227
Japan,JPN,2021-02,RCF,-18.418321428571428
Japan,JPN,2021-02,TP,-31.918285714285712
Japan,JPN,2021-02,KTR,-15.183607142857143
Japan,JPN,2021-02,SAP,-3.4488928571428574
Japan,JPN,2021-03,RCF,-11.723516129032257
Japan,JPN,2021-03,TP,-24.33183870967742
Japan,JPN,2021-03,KTR,-12.382483870967741
Japan,JPN,2021-03,SAP,-1.050741935483871
Japan,JPN,2021-04,RCF,-11.809566666666665
Japan,JPN,2021-04,TP,-21.6572
Japan,JPN,2021-04,KTR,-13.280866666666666
Japan,JPN,2021-04,SAP,0.9284666666666667
Japan,JPN,2021-05,RCF,-16.39625806451613
Japan,JPN,2021-05,TP,-29.852451612903227
Japan,JPN,2021-05,KTR,-19.59451612903226
Japan,JPN,2021-05,SAP,2.419483870967742
Japan,JPN,2021-06,RCF,-14.690433333333335
Japan,JPN,2021-06,TP,-25.347533333333335
Japan,JPN,2021-06,KTR,-9.542933333333334
Japan,JPN,2021-06,SAP,4.7523333333333335
Japan,JPN,2021-07,RCF,-11.133612903225806
Japan,JPN,2021-07,TP,-23.33183870967742
Japan,JPN,2021-07,KTR,-13.308645161290322
Japan,JPN,2021-07,SAP,5.511612903225806
Japan,JPN,2021-08,RCF,-14.115193548387097
Japan,JPN,2021-08,TP,-30.29035483870968
Japan,JPN,2021-08,KTR,-19.94009677419355
Japan,JPN,2021-08,SAP,6.20274193548387
Japan,JPN,2021-09,RCF,-15.1761
Japan,JPN,2021-09,TP,-28.404766666666667
Japan,JPN,2021-09,KTR,-15.314266666666667
Japan,JPN,2021-09,SAP,5.8143
Japan,JPN,2021-10,RCF,-9.248806451612904
Japan,JPN,2021-10,TP,-19.05990322580645
Japan,JPN,2021-10,KTR,-9.78341935483871
Japan,JPN,2021-10,SAP,5.764935483870968
Japan,JPN,2021-11,RCF,-3.3475666666666664
Japan,JPN,2021-11,TP,-14.990533333333333
Japan,JPN,2021-11,KTR,-11.085700000000001
Japan,JPN,2021-11,SAP,6.161933333333334
Japan,JPN,2021-12,RCF,-0.8064193548387096
Japan,JPN,2021-12,TP,-15.023129032258064
Japan,JPN,2021-12,KTR,-7.184322580645161
Japan,JPN,2021-12,SAP,7.525290322580645
Japan,JPN,2022-01,RCF,-9.290290322580645
Japan,JPN,2022-01,TP,-26.110548387096774
Japan,JPN,2022-01,KTR,-19.820322580645165
Japan,JPN,2022-01,SAP,3.1935806451612905
Japan,JPN,2022-02,RCF,-15.479571428571429
Japan,JPN,2022-02,TP,-30.051035714285714
Japan,JPN,2022-02,KTR,-12.943964285714285
Japan,JPN,2022-02,SAP,2.9540714285714285
Japan,JPN,2022-03,RCF,-10.175161290322581
Japan,JPN,2022-03,TP,-22.871032258064513
Japan,JPN,2022-03,KTR,-10.29951612903226
Japan,JPN,2022-03,SAP,1.8018387096774193
Japan,JPN,2022-04,RCF,-8.976233333333333
Japan,JPN,2022-04,TP,-17.076133333333335
Japan,JPN,2022-04,KTR,-10.090499999999999
Japan,JPN,2022-04,SAP,0.0381
Japan,JPN,2022-05,RCF,-4.958516129032258
Japan,JPN,2022-05,TP,-15.497709677419355
Japan,JPN,2022-05,KTR,-15.124516129032259
Japan,JPN,2022-05,SAP,2.15658064516129
Japan,JPN,2022-06,RCF,-7.590366666666667
Japan,JPN,2022-06,TP,-13.200099999999999
Japan,JPN,2022-06,KTR,-5.6952
Japan,JPN,2022-06,SAP,1.6810333333333332
Japan,JPN,2022-07,RCF,-7.956999999999999
Japan,JPN,2022-07,TP,-14.8928
Japan,JPN,2022-07,KTR,-7.36435
Japan,JPN,2022-07,SAP,1.62145
Jordan,JOR,2020-02,RCF,-1.349076923076923
Jordan,JOR,2020-02,TP,-1.3103846153846155
Jordan,JOR,2020-02,KTR,3.2847692307692307
Jordan,JOR,2020-02,SAP,1.2793846153846156
Jordan,JOR,2020-03,RCF,-26.377870967741934
Jordan,JOR,2020-03,TP,-39.824838709677415
Jordan,JOR,2020-03,KTR,-23.843290322580646
Jordan,JOR,2020-03,SAP,-13.115193548387097
Jordan,JOR,2020-04,RCF,-69.92863333333334
Jordan,JOR,2020-04,TP,-88.56656666666666
Jordan,JOR,2020-04,KTR,-65.65223333333333
Jordan,JOR,2020-04,SAP,-47.22376666666666
Jordan,JOR,2020-05,RCF,-47.07377419354839
Jordan,JOR,2020-05,TP,-82.235
Jordan,JOR,2020-05,KTR,-45.285806451612906
Jordan,JOR,2020-05,SAP,-26.79725806451613
Jordan,JOR,2020-06,RCF,-16.785733333333333
Jordan,JOR,2020-06,TP,-65.69526666666667
Jordan,JOR,2020-06,KTR,-19.123800000000003
Jordan,JOR,2020-06,SAP,-2.0334
Jordan,JOR,2020-07,RCF,-4.336387096774193
Jordan,JOR,2020-07,TP,-56.07377419354839
Jordan,JOR,2020-07,KTR,-14.525387096774192
Jordan,JOR,2020-07,SAP,7.064451612903225
Jordan,JOR,2020-08,RCF,-6.451483870967742
Jordan,JOR,2020-08,TP,-58.437774193548385
Jordan,JOR,2020-08,KTR,-20.29493548387097
Jordan,JOR,2020-08,SAP,5.958451612903225
Jordan,JOR,2020-09,RCF,-9.1714
Jordan,JOR,2020-09,TP,-52.3667
Jordan,JOR,2020-09,KTR,-11.914166666666667
Jordan,JOR,2020-09,SAP,9.909533333333334
Jordan,JOR,2020-10,RCF,-19.299548387096774
Jordan,JOR,2020-10,TP,-49.152032258064516
Jordan,JOR,2020-10,KTR,-23.972451612903225
Jordan,JOR,2020-10,SAP,8.995451612903226
Jordan,JOR,2020-11,RCF,-28.714266666666667
Jordan,JOR,2020-11,TP,-54.9952
Jordan,JOR,2020-11,KTR,-32.8714
Jordan,JOR,2020-11,SAP,-2.2905333333333338
Jordan,JOR,2020-12,RCF,-24.087580645161292
Jordan,JOR,2020-12,TP,-51.22122580645161
Jordan,JOR,2020-12,KTR,-24.977
Jordan,JOR,2020-12,SAP,1.7879354838709678
Jordan,JOR,2021-01,RCF,-21.20741935483871
Jordan,JOR,2021-01,TP,-47.76032258064516
Jordan,JOR,2021-01,KTR,-24.216580645161294
Jordan,JOR,2021-01,SAP,3.0922258064516126
Jordan,JOR,2021-02,RCF,-16.83675
Jordan,JOR,2021-02,TP,-46.42857142857143
Jordan,JOR,2021-02,KTR,-23.204071428571428
Jordan,JOR,2021-02,SAP,12.887749999999999
Jordan,JOR,2021-03,RCF,-25.709612903225807
Jordan,JOR,2021-03,TP,-51.377870967741934
Jordan,JOR,2021-03,KTR,-30.40558064516129
Jordan,JOR,2021-03,SAP,6.018451612903226
Jordan,JOR,2021-04,RCF,-28.028666666666666
Jordan,JOR,2021-04,TP,-53.79996666666667
Jordan,JOR,2021-04,KTR,-32.004733333333334
Jordan,JOR,2021-04,SAP,8.595133333333333
Jordan,JOR,2021-05,RCF,-6.686612903225806
Jordan,JOR,2021-05,TP,-38.97232258064516
Jordan,JOR,2021-05,KTR,-25.612967741935485
Jordan,JOR,2021-05,SAP,34.26270967741935
Jordan,JOR,2021-06,RCF,5.576133333333333
Jordan,JOR,2021-06,TP,-20.261766666666666
Jordan,JOR,2021-06,KTR,-12.571466666666668
Jordan,JOR,2021-06,SAP,44.271499999999996
Jordan,JOR,2021-07,RCF,20.506967741935483
Jordan,JOR,2021-07,TP,-2.2535161290322585
Jordan,JOR,2021-07,KTR,-15.659
Jordan,JOR,2021-07,SAP,58.1428064516129
Jordan,JOR,2021-08,RCF,18.299451612903226
Jordan,JOR,2021-08,TP,3.1798387096774197
Jordan,JOR,2021-08,KTR,-6.617516129032258
Jordan,JOR,2021-08,SAP,53.95854838709677
Jordan,JOR,2021-09,RCF,16.2476
Jordan,JOR,2021-09,TP,-0.6571
Jordan,JOR,2021-09,KTR,-0.4715
Jordan,JOR,2021-09,SAP,51.095333333333336
Jordan,JOR,2021-10,RCF,16.649838709677418
Jordan,JOR,2021-10,TP,1.0553548387096774
Jordan,JOR,2021-10,KTR,-0.4331935483870967
Jordan,JOR,2021-10,SAP,51.16590322580645
Jordan,JOR,2021-11,RCF,15.880866666666666
Jordan,JOR,2021-11,TP,1.9142666666666666
Jordan,JOR,2021-11,KTR,2.3144
Jordan,JOR,2021-11,SAP,50.395266666666664
Jordan,JOR,2021-12,RCF,10.525322580645161
Jordan,JOR,2021-12,TP,-9.553
Jordan,JOR,2021-12,KTR,4.497709677419355
Jordan,JOR,2021-12,SAP,44.193612903225805
Jordan,JOR,2022-01,RCF,4.53
Jordan,JOR,2022-01,TP,-23.428612903225808
Jordan,JOR,2022-01,KTR,-3.451451612903226
Jordan,JOR,2022-01,SAP,37.903290322580645
Jordan,JOR,2022-02,RCF,8.648
Jordan,JOR,2022-02,TP,-23.36225
Jordan,JOR,2022-02,KTR,-0.06124999999999999
Jordan,JOR,2022-02,SAP,40.65817857142857
Jordan,JOR,2022-03,RCF,13.0
Jordan,JOR,2022-03,TP,-8.410193548387097
Jordan,JOR,2022-03,KTR,10.529935483870968
Jordan,JOR,2022-03,SAP,43.92616129032258
Jordan,JOR,2022-04,RCF,15.328633333333332
Jordan,JOR,2022-04,TP,-14.257233333333334
Jordan,JOR,2022-04,KTR,13.104766666666666
Jordan,JOR,2022-04,SAP,53.72376666666666
Jordan,JOR,2022-05,RCF,24.875548387096774
Jordan,JOR,2022-05,TP,-2.525290322580645
Jordan,JOR,2022-05,KTR,1.8156774193548386
Jordan,JOR,2022-05,SAP,57.45170967741935
Jordan,JOR,2022-06,RCF,20.93326666666667
Jordan,JOR,2022-06,TP,1.1904666666666666
Jordan,JOR,2022-06,KTR,15.061833333333334
Jordan,JOR,2022-06,SAP,54.9525
Jordan,JOR,2022-07,RCF,34.76425
Jordan,JOR,2022-07,TP,14.992849999999999
Jordan,JOR,2022-07,KTR,-3.2714
Jordan,JOR,2022-07,SAP,68.67145000000001
Kazakhstan,KAZ,2020-02,RCF,1.8374615384615385
Kazakhstan,KAZ,2020-02,TP,1.488846153846154
Kazakhstan,KAZ,2020-02,KTR,7.058000000000001
Kazakhstan,KAZ,2020-02,SAP,1.1662307692307692
Kazakhstan,KAZ,2020-03,RCF,-6.424
Kazakhstan,KAZ,2020-03,TP,3.5806451612903225
Kazakhstan,KAZ,2020-03,KTR,-10.041451612903225
Kazakhstan,KAZ,2020-03,SAP,1.7188709677419354
Kazakhstan,KAZ,2020-04,RCF,-58.28093333333333
Kazakhstan,KAZ,2020-04,TP,-46.5952
Kazakhstan,KAZ,2020-04,KTR,-49.542833333333334
Kazakhstan,KAZ,2020-04,SAP,-39.028400000000005
Kazakhstan,KAZ,2020-05,RCF,-34.41470967741935
Kazakhstan,KAZ,2020-05,TP,-20.26274193548387
Kazakhstan,KAZ,2020-05,KTR,-33.659000000000006
Kazakhstan,KAZ,2020-05,SAP,-18.03232258064516
Kazakhstan,KAZ,2020-06,RCF,-8.595233333333335
Kazakhstan,KAZ,2020-06,TP,8.9762
Kazakhstan,KAZ,2020-06,KTR,-19.709466666666668
Kazakhstan,KAZ,2020-06,SAP,0.4571
Kazakhstan,KAZ,2020-07,RCF,-27.39635483870968
Kazakhstan,KAZ,2020-07,TP,-0.8156774193548387
Kazakhstan,KAZ,2020-07,KTR,-33.53912903225806
Kazakhstan,KAZ,2020-07,SAP,-9.824935483870966
Kazakhstan,KAZ,2020-08,RCF,-17.663516129032256
Kazakhstan,KAZ,2020-08,TP,13.40558064516129
Kazakhstan,KAZ,2020-08,KTR,-28.760354838709677
Kazakhstan,KAZ,2020-08,SAP,-1.7327096774193549
Kazakhstan,KAZ,2020-09,RCF,-12.923766666666667
Kazakhstan,KAZ,2020-09,TP,21.6143
Kazakhstan,KAZ,2020-09,KTR,-24.03803333333333
Kazakhstan,KAZ,2020-09,SAP,-0.6666666666666666
Kazakhstan,KAZ,2020-10,RCF,-20.626709677419356
Kazakhstan,KAZ,2020-10,TP,34.46545161290323
Kazakhstan,KAZ,2020-10,KTR,-23.663645161290322
Kazakhstan,KAZ,2020-10,SAP,-2.488548387096774
Kazakhstan,KAZ,2020-11,RCF,-24.318966666666665
Kazakhstan,KAZ,2020-11,TP,29.3096
Kazakhstan,KAZ,2020-11,KTR,-23.776166666666665
Kazakhstan,KAZ,2020-11,SAP,-5.957166666666667
Kazakhstan,KAZ,2020-12,RCF,-23.59441935483871
Kazakhstan,KAZ,2020-12,TP,28.20277419354839
Kazakhstan,KAZ,2020-12,KTR,-23.235032258064514
Kazakhstan,KAZ,2020-12,SAP,-4.677483870967742
Kazakhstan,KAZ,2021-01,RCF,-31.34577419354839
Kazakhstan,KAZ,2021-01,TP,20.765064516129033
Kazakhstan,KAZ,2021-01,KTR,-32.38716129032258
Kazakhstan,KAZ,2021-01,SAP,-14.133612903225806
Kazakhstan,KAZ,2021-02,RCF,-27.704107142857143
Kazakhstan,KAZ,2021-02,TP,23.826535714285715
Kazakhstan,KAZ,2021-02,KTR,-26.596857142857143
Kazakhstan,KAZ,2021-02,SAP,-8.525428571428572
Kazakhstan,KAZ,2021-03,RCF,-23.41016129032258
Kazakhstan,KAZ,2021-03,TP,31.451677419354837
Kazakhstan,KAZ,2021-03,KTR,-29.13822580645161
Kazakhstan,KAZ,2021-03,SAP,-1.9447096774193549
Kazakhstan,KAZ,2021-04,RCF,-22.242966666666668
Kazakhstan,KAZ,2021-04,TP,38.1096
Kazakhstan,KAZ,2021-04,KTR,-24.823766666666664
Kazakhstan,KAZ,2021-04,SAP,2.957133333333333
Kazakhstan,KAZ,2021-05,RCF,-14.096838709677419
Kazakhstan,KAZ,2021-05,TP,51.622193548387095
Kazakhstan,KAZ,2021-05,KTR,-26.285774193548388
Kazakhstan,KAZ,2021-05,SAP,10.156677419354837
Kazakhstan,KAZ,2021-06,RCF,-5.281033333333334
Kazakhstan,KAZ,2021-06,TP,68.31436666666667
Kazakhstan,KAZ,2021-06,KTR,-23.347733333333334
Kazakhstan,KAZ,2021-06,SAP,16.9
Kazakhstan,KAZ,2021-07,RCF,-10.294935483870969
Kazakhstan,KAZ,2021-07,TP,63.004612903225805
Kazakhstan,KAZ,2021-07,KTR,-32.050709677419356
Kazakhstan,KAZ,2021-07,SAP,14.050774193548387
Kazakhstan,KAZ,2021-08,RCF,-10.861677419354839
Kazakhstan,KAZ,2021-08,TP,61.47
Kazakhstan,KAZ,2021-08,KTR,-32.87558064516129
Kazakhstan,KAZ,2021-08,SAP,14.672806451612903
Kazakhstan,KAZ,2021-09,RCF,-7.323733333333333
Kazakhstan,KAZ,2021-09,TP,70.94766666666666
Kazakhstan,KAZ,2021-09,KTR,-22.904733333333336
Kazakhstan,KAZ,2021-09,SAP,17.54283333333333
Kazakhstan,KAZ,2021-10,RCF,-7.38241935483871
Kazakhstan,KAZ,2021-10,TP,71.29029032258065
Kazakhstan,KAZ,2021-10,KTR,-12.387129032258064
Kazakhstan,KAZ,2021-10,SAP,16.580645161290324
Kazakhstan,KAZ,2021-11,RCF,-9.742933333333333
Kazakhstan,KAZ,2021-11,TP,68.00953333333334
Kazakhstan,KAZ,2021-11,KTR,-13.557166666666665
Kazakhstan,KAZ,2021-11,SAP,13.428566666666665
Kazakhstan,KAZ,2021-12,RCF,-7.147354838709677
Kazakhstan,KAZ,2021-12,TP,64.84796774193549
Kazakhstan,KAZ,2021-12,KTR,-11.599064516129031
Kazakhstan,KAZ,2021-12,SAP,14.903225806451612
Kazakhstan,KAZ,2022-01,RCF,-32.53
Kazakhstan,KAZ,2022-01,TP,17.43783870967742
Kazakhstan,KAZ,2022-01,KTR,-37.064580645161286
Kazakhstan,KAZ,2022-01,SAP,-12.995290322580646
Kazakhstan,KAZ,2022-02,RCF,-12.913214285714286
Kazakhstan,KAZ,2022-02,TP,55.79075
Kazakhstan,KAZ,2022-02,KTR,-8.479607142857143
Kazakhstan,KAZ,2022-02,SAP,7.341714285714285
Kazakhstan,KAZ,2022-03,RCF,-10.580677419354839
Kazakhstan,KAZ,2022-03,TP,62.110580645161285
Kazakhstan,KAZ,2022-03,KTR,-2.870967741935484
Kazakhstan,KAZ,2022-03,SAP,7.7741612903225805
Kazakhstan,KAZ,2022-04,RCF,-9.6238
Kazakhstan,KAZ,2022-04,TP,69.8096
Kazakhstan,KAZ,2022-04,KTR,8.909533333333334
Kazakhstan,KAZ,2022-04,SAP,10.090433333333333
Kazakhstan,KAZ,2022-05,RCF,-5.635870967741935
Kazakhstan,KAZ,2022-05,TP,73.93551612903227
Kazakhstan,KAZ,2022-05,KTR,0.9217419354838711
Kazakhstan,KAZ,2022-05,SAP,12.460870967741934
Kazakhstan,KAZ,2022-06,RCF,-3.2239
Kazakhstan,KAZ,2022-06,TP,80.3619
Kazakhstan,KAZ,2022-06,KTR,-7.623833333333334
Kazakhstan,KAZ,2022-06,SAP,15.185733333333333
Kazakhstan,KAZ,2022-07,RCF,-4.835800000000001
Kazakhstan,KAZ,2022-07,TP,76.96430000000001
Kazakhstan,KAZ,2022-07,KTR,-17.6
Kazakhstan,KAZ,2022-07,SAP,14.2429
Kenya,KEN,2020-02,RCF,2.295
Kenya,KEN,2020-02,TP,4.571307692307692
Kenya,KEN,2020-02,KTR,3.237
Kenya,KEN,2020-02,SAP,-0.5691538461538461
Kenya,KEN,2020-03,RCF,-7.055258064516129
Kenya,KEN,2020-03,TP,-4.101387096774194
Kenya,KEN,2020-03,KTR,-4.294870967741936
Kenya,KEN,2020-03,SAP,-3.221290322580645
Kenya,KEN,2020-04,RCF,-42.96666666666667
Kenya,KEN,2020-04,TP,-39.590466666666664
Kenya,KEN,2020-04,KTR,-34.485733333333336
Kenya,KEN,2020-04,SAP,-32.12376666666667
Kenya,KEN,2020-05,RCF,-37.56677419354838
Kenya,KEN,2020-05,TP,-34.18432258064516
Kenya,KEN,2020-05,KTR,-26.990870967741934
Kenya,KEN,2020-05,SAP,-27.585290322580644
Kenya,KEN,2020-06,RCF,-28.061833333333333
Kenya,KEN,2020-06,TP,-24.819033333333334
Kenya,KEN,2020-06,KTR,-16.095233333333333
Kenya,KEN,2020-06,SAP,-20.54283333333333
Kenya,KEN,2020-07,RCF,-19.838709677419356
Kenya,KEN,2020-07,TP,-15.926322580645161
Kenya,KEN,2020-07,KTR,-14.023161290322582
Kenya,KEN,2020-07,SAP,-13.059870967741935
Kenya,KEN,2020-08,RCF,-17.156741935483872
Kenya,KEN,2020-08,TP,-10.221064516129033
Kenya,KEN,2020-08,KTR,-15.824967741935485
Kenya,KEN,2020-08,SAP,-7.880193548387097
Kenya,KEN,2020-09,RCF,-12.261833333333334
Kenya,KEN,2020-09,TP,-2.342833333333333
Kenya,KEN,2020-09,KTR,-12.914333333333333
Kenya,KEN,2020-09,SAP,-2.319
Kenya,KEN,2020-10,RCF,-7.327064516129033
Kenya,KEN,2020-10,TP,10.548290322580646
Kenya,KEN,2020-10,KTR,-12.313354838709678
Kenya,KEN,2020-10,SAP,8.732774193548387
Kenya,KEN,2020-11,RCF,-2.6762
Kenya,KEN,2020-11,TP,14.395266666666666
Kenya,KEN,2020-11,KTR,-6.333333333333333
Kenya,KEN,2020-11,SAP,10.5761
Kenya,KEN,2020-12,RCF,0.01845161290322578
Kenya,KEN,2020-12,TP,17.45632258064516
Kenya,KEN,2020-12,KTR,-11.958580645161291
Kenya,KEN,2020-12,SAP,15.032225806451613
Kenya,KEN,2021-01,RCF,-4.953806451612904
Kenya,KEN,2021-01,TP,9.926290322580645
Kenya,KEN,2021-01,KTR,-13.170451612903225
Kenya,KEN,2021-01,SAP,7.783354838709677
Kenya,KEN,2021-02,RCF,-0.6633214285714286
Kenya,KEN,2021-02,TP,15.03067857142857
Kenya,KEN,2021-02,KTR,-5.352071428571429
Kenya,KEN,2021-02,SAP,10.93367857142857
Kenya,KEN,2021-03,RCF,5.248903225806452
Kenya,KEN,2021-03,TP,22.299451612903226
Kenya,KEN,2021-03,KTR,-0.19358064516129034
Kenya,KEN,2021-03,SAP,17.41
Kenya,KEN,2021-04,RCF,-4.547666666666667
Kenya,KEN,2021-04,TP,13.2192
Kenya,KEN,2021-04,KTR,-8.4286
Kenya,KEN,2021-04,SAP,17.2525
Kenya,KEN,2021-05,RCF,11.285709677419353
Kenya,KEN,2021-05,TP,32.70503225806451
Kenya,KEN,2021-05,KTR,1.8341935483870968
Kenya,KEN,2021-05,SAP,32.331806451612906
Kenya,KEN,2021-06,RCF,21.823833333333333
Kenya,KEN,2021-06,TP,44.557233333333336
Kenya,KEN,2021-06,KTR,10.214333333333334
Kenya,KEN,2021-06,SAP,41.280899999999995
Kenya,KEN,2021-07,RCF,26.073677419354837
Kenya,KEN,2021-07,TP,47.22583870967742
Kenya,KEN,2021-07,KTR,13.119870967741935
Kenya,KEN,2021-07,SAP,46.47003225806451
Kenya,KEN,2021-08,RCF,28.387064516129033
Kenya,KEN,2021-08,TP,50.05525806451613
Kenya,KEN,2021-08,KTR,14.599129032258064
Kenya,KEN,2021-08,SAP,46.46541935483871
Kenya,KEN,2021-09,RCF,32.2096
Kenya,KEN,2021-09,TP,49.45236666666666
Kenya,KEN,2021-09,KTR,17.271433333333334
Kenya,KEN,2021-09,SAP,48.919200000000004
Kenya,KEN,2021-10,RCF,36.576032258064515
Kenya,KEN,2021-10,TP,51.69119354838709
Kenya,KEN,2021-10,KTR,16.80641935483871
Kenya,KEN,2021-10,SAP,50.57132258064516
Kenya,KEN,2021-11,RCF,43.58573333333334
Kenya,KEN,2021-11,TP,57.4096
Kenya,KEN,2021-11,KTR,24.514233333333333
Kenya,KEN,2021-11,SAP,53.9334
Kenya,KEN,2021-12,RCF,43.751225806451615
Kenya,KEN,2021-12,TP,58.230387096774194
Kenya,KEN,2021-12,KTR,11.866387096774194
Kenya,KEN,2021-12,SAP,55.870935483870966
Kenya,KEN,2022-01,RCF,39.02303225806451
Kenya,KEN,2022-01,TP,52.212
Kenya,KEN,2022-01,KTR,17.428516129032257
Kenya,KEN,2022-01,SAP,49.26722580645161
Kenya,KEN,2022-02,RCF,49.11221428571429
Kenya,KEN,2022-02,TP,63.06128571428571
Kenya,KEN,2022-02,KTR,36.39796428571429
Kenya,KEN,2022-02,SAP,55.91325
Kenya,KEN,2022-03,RCF,59.82948387096774
Kenya,KEN,2022-03,TP,72.3826129032258
Kenya,KEN,2022-03,KTR,42.70048387096774
Kenya,KEN,2022-03,SAP,62.25803225806452
Kenya,KEN,2022-04,RCF,62.4475
Kenya,KEN,2022-04,TP,75.33323333333333
Kenya,KEN,2022-04,KTR,34.68093333333333
Kenya,KEN,2022-04,SAP,68.6857
Kenya,KEN,2022-05,RCF,61.53454838709677
Kenya,KEN,2022-05,TP,72.72351612903226
Kenya,KEN,2022-05,KTR,39.70048387096774
Kenya,KEN,2022-05,SAP,69.63129032258065
Kenya,KEN,2022-06,RCF,61.99523333333333
Kenya,KEN,2022-06,TP,73.662
Kenya,KEN,2022-06,KTR,48.0429
Kenya,KEN,2022-06,SAP,71.17626666666666
Kenya,KEN,2022-07,RCF,65.97139999999999
Kenya,KEN,2022-07,TP,78.88585
Kenya,KEN,2022-07,KTR,42.88575
Kenya,KEN,2022-07,SAP,76.02135
Kuwait,KWT,2020-02,RCF,-0.20299999999999996
Kuwait,KWT,2020-02,TP,2.9735384615384612
Kuwait,KWT,2020-02,KTR,-0.9617692307692305
Kuwait,KWT,2020-02,SAP,3.6710769230769236
Kuwait,KWT,2020-03,RCF,-30.377870967741934
Kuwait,KWT,2020-03,TP,-27.40558064516129
Kuwait,KWT,2020-03,KTR,-19.479258064516127
Kuwait,KWT,2020-03,SAP,-12.336387096774194
Kuwait,KWT,2020-04,RCF,-63.409533333333336
Kuwait,KWT,2020-04,TP,-55.96183333333333
Kuwait,KWT,2020-04,KTR,-50.1857
Kuwait,KWT,2020-04,SAP,-39.552366666666664
Kuwait,KWT,2020-05,RCF,-78.03674193548387
Kuwait,KWT,2020-05,TP,-70.28112903225806
Kuwait,KWT,2020-05,KTR,-67.29948387096775
Kuwait,KWT,2020-05,SAP,-61.09216129032258
Kuwait,KWT,2020-06,RCF,-63.390499999999996
Kuwait,KWT,2020-06,TP,-57.11903333333333
Kuwait,KWT,2020-06,KTR,-52.41416666666667
Kuwait,KWT,2020-06,SAP,-44.2953
Kuwait,KWT,2020-07,RCF,-39.83867741935484
Kuwait,KWT,2020-07,TP,-42.53
Kuwait,KWT,2020-07,KTR,-35.525387096774196
Kuwait,KWT,2020-07,SAP,-26.917161290322582
Kuwait,KWT,2020-08,RCF,-32.534451612903226
Kuwait,KWT,2020-08,TP,-37.16583870967742
Kuwait,KWT,2020-08,KTR,-31.446967741935484
Kuwait,KWT,2020-08,SAP,-20.244258064516128
Kuwait,KWT,2020-09,RCF,-24.3524
Kuwait,KWT,2020-09,TP,-27.338133333333335
Kuwait,KWT,2020-09,KTR,-24.5143
Kuwait,KWT,2020-09,SAP,-15.514333333333333
Kuwait,KWT,2020-10,RCF,-24.073709677419355
Kuwait,KWT,2020-10,TP,-10.566806451612901
Kuwait,KWT,2020-10,KTR,-24.29035483870968
Kuwait,KWT,2020-10,SAP,-12.820290322580645
Kuwait,KWT,2020-11,RCF,-22.1095
Kuwait,KWT,2020-11,TP,-9.080866666666667
Kuwait,KWT,2020-11,KTR,-21.6525
Kuwait,KWT,2020-11,SAP,-12.881033333333333
Kuwait,KWT,2020-12,RCF,-20.728129032258064
Kuwait,KWT,2020-12,TP,-7.502290322580645
Kuwait,KWT,2020-12,KTR,-19.97232258064516
Kuwait,KWT,2020-12,SAP,-11.308709677419355
Kuwait,KWT,2021-01,RCF,-22.603709677419356
Kuwait,KWT,2021-01,TP,-9.80174193548387
Kuwait,KWT,2021-01,KTR,-23.70964516129032
Kuwait,KWT,2021-01,SAP,-15.119806451612904
Kuwait,KWT,2021-02,RCF,-25.806214285714283
Kuwait,KWT,2021-02,TP,-19.499928571428573
Kuwait,KWT,2021-02,KTR,-27.26539285714286
Kuwait,KWT,2021-02,SAP,-15.433714285714286
Kuwait,KWT,2021-03,RCF,-37.11983870967742
Kuwait,KWT,2021-03,TP,-26.04596774193548
Kuwait,KWT,2021-03,KTR,-31.98616129032258
Kuwait,KWT,2021-03,SAP,-20.21209677419355
Kuwait,KWT,2021-04,RCF,-38.77133333333333
Kuwait,KWT,2021-04,TP,-26.8952
Kuwait,KWT,2021-04,KTR,-30.066733333333335
Kuwait,KWT,2021-04,SAP,-17.628666666666668
Kuwait,KWT,2021-05,RCF,-33.00464516129032
Kuwait,KWT,2021-05,TP,-24.129032258064516
Kuwait,KWT,2021-05,KTR,-31.216645161290323
Kuwait,KWT,2021-05,SAP,-14.179741935483872
Kuwait,KWT,2021-06,RCF,-24.385733333333334
Kuwait,KWT,2021-06,TP,-14.8762
Kuwait,KWT,2021-06,KTR,-22.499933333333335
Kuwait,KWT,2021-06,SAP,-10.142733333333332
Kuwait,KWT,2021-07,RCF,-25.631387096774194
Kuwait,KWT,2021-07,TP,-16.53909677419355
Kuwait,KWT,2021-07,KTR,-28.20264516129032
Kuwait,KWT,2021-07,SAP,-11.990709677419355
Kuwait,KWT,2021-08,RCF,-23.525354838709674
Kuwait,KWT,2021-08,TP,-15.193548387096774
Kuwait,KWT,2021-08,KTR,-23.451645161290323
Kuwait,KWT,2021-08,SAP,-12.889354838709677
Kuwait,KWT,2021-09,RCF,-18.090533333333333
Kuwait,KWT,2021-09,TP,-8.9571
Kuwait,KWT,2021-09,KTR,-21.147533333333335
Kuwait,KWT,2021-09,SAP,-9.066733333333334
Kuwait,KWT,2021-10,RCF,-15.534548387096773
Kuwait,KWT,2021-10,TP,-6.56674193548387
Kuwait,KWT,2021-10,KTR,-21.77890322580645
Kuwait,KWT,2021-10,SAP,-6.364064516129032
Kuwait,KWT,2021-11,RCF,-13.495266666666668
Kuwait,KWT,2021-11,TP,-4.8381
Kuwait,KWT,2021-11,KTR,-18.3143
Kuwait,KWT,2021-11,SAP,-5.676266666666667
Kuwait,KWT,2021-12,RCF,-12.082935483870969
Kuwait,KWT,2021-12,TP,-3.2489032258064516
Kuwait,KWT,2021-12,KTR,-15.585290322580645
Kuwait,KWT,2021-12,SAP,-5.055322580645162
Kuwait,KWT,2022-01,RCF,-15.995354838709677
Kuwait,KWT,2022-01,TP,-11.58058064516129
Kuwait,KWT,2022-01,KTR,-19.364032258064515
Kuwait,KWT,2022-01,SAP,-8.35025806451613
Kuwait,KWT,2022-02,RCF,-12.65817857142857
Kuwait,KWT,2022-02,TP,-7.698928571428572
Kuwait,KWT,2022-02,KTR,-18.70917857142857
Kuwait,KWT,2022-02,SAP,-6.071357142857143
Kuwait,KWT,2022-03,RCF,-11.797225806451612
Kuwait,KWT,2022-03,TP,3.3778709677419356
Kuwait,KWT,2022-03,KTR,-16.38241935483871
Kuwait,KWT,2022-03,SAP,-2.7788387096774194
Kuwait,KWT,2022-04,RCF,-17.19523333333333
Kuwait,KWT,2022-04,TP,0.004666666666666685
Kuwait,KWT,2022-04,KTR,-12.3476
Kuwait,KWT,2022-04,SAP,0.033333333333333326
Kuwait,KWT,2022-05,RCF,-14.147516129032258
Kuwait,KWT,2022-05,TP,-1.2810967741935484
Kuwait,KWT,2022-05,KTR,-19.838774193548385
Kuwait,KWT,2022-05,SAP,-3.5669032258064517
Kuwait,KWT,2022-06,RCF,-12.338066666666666
Kuwait,KWT,2022-06,TP,4.9143
Kuwait,KWT,2022-06,KTR,-12.985700000000001
Kuwait,KWT,2022-06,SAP,-2.0047
Kuwait,KWT,2022-07,RCF,-15.764349999999999
Kuwait,KWT,2022-07,TP,2.6572
Kuwait,KWT,2022-07,KTR,-24.7357
Kuwait,KWT,2022-07,SAP,-6.585850000000001
Kyrgyzstan,KGZ,2020-02,RCF,4.213230769230769
Kyrgyzstan,KGZ,2020-02,TP,0.33861538461538465
Kyrgyzstan,KGZ,2020-02,KTR,10.050153846153846
Kyrgyzstan,KGZ,2020-02,SAP,5.251076923076923
Kyrgyzstan,KGZ,2020-03,RCF,-12.08767741935484
Kyrgyzstan,KGZ,2020-03,TP,-9.396354838709678
Kyrgyzstan,KGZ,2020-03,KTR,-9.02774193548387
Kyrgyzstan,KGZ,2020-03,SAP,-3.7742580645161294
Kyrgyzstan,KGZ,2020-04,RCF,-73.7381
Kyrgyzstan,KGZ,2020-04,TP,-70.0524
Kyrgyzstan,KGZ,2020-04,KTR,-61.46196666666666
Kyrgyzstan,KGZ,2020-04,SAP,-61.98093333333333
Kyrgyzstan,KGZ,2020-05,RCF,-48.82022580645161
Kyrgyzstan,KGZ,2020-05,TP,-47.40103225806452
Kyrgyzstan,KGZ,2020-05,KTR,-41.42858064516129
Kyrgyzstan,KGZ,2020-05,SAP,-35.21203225806452
Kyrgyzstan,KGZ,2020-06,RCF,-14.585666666666667
Kyrgyzstan,KGZ,2020-06,TP,-16.704766666666668
Kyrgyzstan,KGZ,2020-06,KTR,-20.6191
Kyrgyzstan,KGZ,2020-06,SAP,-4.766733333333334
Kyrgyzstan,KGZ,2020-07,RCF,-33.76964516129032
Kyrgyzstan,KGZ,2020-07,TP,-30.88009677419355
Kyrgyzstan,KGZ,2020-07,KTR,-34.02754838709678
Kyrgyzstan,KGZ,2020-07,SAP,-20.36416129032258
Kyrgyzstan,KGZ,2020-08,RCF,-22.10606451612903
Kyrgyzstan,KGZ,2020-08,TP,-21.534548387096773
Kyrgyzstan,KGZ,2020-08,KTR,-28.958548387096776
Kyrgyzstan,KGZ,2020-08,SAP,-10.271967741935484
Kyrgyzstan,KGZ,2020-09,RCF,-13.495299999999999
Kyrgyzstan,KGZ,2020-09,TP,-11.738066666666667
Kyrgyzstan,KGZ,2020-09,KTR,-24.176166666666667
Kyrgyzstan,KGZ,2020-09,SAP,-1.9809333333333332
Kyrgyzstan,KGZ,2020-10,RCF,-22.99083870967742
Kyrgyzstan,KGZ,2020-10,TP,-8.963161290322581
Kyrgyzstan,KGZ,2020-10,KTR,-28.95387096774194
Kyrgyzstan,KGZ,2020-10,SAP,-6.801903225806452
Kyrgyzstan,KGZ,2020-11,RCF,-22.3571
Kyrgyzstan,KGZ,2020-11,TP,-11.680933333333334
Kyrgyzstan,KGZ,2020-11,KTR,-28.785666666666668
Kyrgyzstan,KGZ,2020-11,SAP,-9.200033333333332
Kyrgyzstan,KGZ,2020-12,RCF,-21.788032258064515
Kyrgyzstan,KGZ,2020-12,TP,-13.543870967741936
Kyrgyzstan,KGZ,2020-12,KTR,-25.562322580645162
Kyrgyzstan,KGZ,2020-12,SAP,-10.511483870967743
Kyrgyzstan,KGZ,2021-01,RCF,-30.649806451612903
Kyrgyzstan,KGZ,2021-01,TP,-21.36867741935484
Kyrgyzstan,KGZ,2021-01,KTR,-36.553000000000004
Kyrgyzstan,KGZ,2021-01,SAP,-20.742032258064516
Kyrgyzstan,KGZ,2021-02,RCF,-23.989857142857144
Kyrgyzstan,KGZ,2021-02,TP,-19.142785714285715
Kyrgyzstan,KGZ,2021-02,KTR,-30.724392857142856
Kyrgyzstan,KGZ,2021-02,SAP,-13.65817857142857
Kyrgyzstan,KGZ,2021-03,RCF,-20.944774193548387
Kyrgyzstan,KGZ,2021-03,TP,-11.72816129032258
Kyrgyzstan,KGZ,2021-03,KTR,-28.99538709677419
Kyrgyzstan,KGZ,2021-03,SAP,-8.705129032258064
Kyrgyzstan,KGZ,2021-04,RCF,-21.895266666666664
Kyrgyzstan,KGZ,2021-04,TP,-10.5001
Kyrgyzstan,KGZ,2021-04,KTR,-26.790466666666664
Kyrgyzstan,KGZ,2021-04,SAP,-6.2858
Kyrgyzstan,KGZ,2021-05,RCF,-19.668193548387094
Kyrgyzstan,KGZ,2021-05,TP,-10.69583870967742
Kyrgyzstan,KGZ,2021-05,KTR,-30.115161290322582
Kyrgyzstan,KGZ,2021-05,SAP,-3.004774193548387
Kyrgyzstan,KGZ,2021-06,RCF,-14.580866666666667
Kyrgyzstan,KGZ,2021-06,TP,-1.6475333333333333
Kyrgyzstan,KGZ,2021-06,KTR,-32.3714
Kyrgyzstan,KGZ,2021-06,SAP,-1.3333000000000002
Kyrgyzstan,KGZ,2021-07,RCF,-19.460774193548385
Kyrgyzstan,KGZ,2021-07,TP,-7.110516129032257
Kyrgyzstan,KGZ,2021-07,KTR,-39.82951612903226
Kyrgyzstan,KGZ,2021-07,SAP,-6.092129032258065
Kyrgyzstan,KGZ,2021-08,RCF,-14.511387096774193
Kyrgyzstan,KGZ,2021-08,TP,-2.1751612903225808
Kyrgyzstan,KGZ,2021-08,KTR,-38.2811935483871
Kyrgyzstan,KGZ,2021-08,SAP,-3.871
Kyrgyzstan,KGZ,2021-09,RCF,-8.7715
Kyrgyzstan,KGZ,2021-09,TP,5.890466666666667
Kyrgyzstan,KGZ,2021-09,KTR,-35.4714
Kyrgyzstan,KGZ,2021-09,SAP,2.347666666666667
Kyrgyzstan,KGZ,2021-10,RCF,-9.576096774193548
Kyrgyzstan,KGZ,2021-10,TP,1.7511290322580646
Kyrgyzstan,KGZ,2021-10,KTR,-25.898612903225807
Kyrgyzstan,KGZ,2021-10,SAP,1.0737096774193546
Kyrgyzstan,KGZ,2021-11,RCF,-11.028566666666668
Kyrgyzstan,KGZ,2021-11,TP,-4.314266666666667
Kyrgyzstan,KGZ,2021-11,KTR,-24.7761
Kyrgyzstan,KGZ,2021-11,SAP,-1.1000333333333332
Kyrgyzstan,KGZ,2021-12,RCF,-10.967806451612903
Kyrgyzstan,KGZ,2021-12,TP,-8.930870967741937
Kyrgyzstan,KGZ,2021-12,KTR,-14.990774193548386
Kyrgyzstan,KGZ,2021-12,SAP,-2.3411290322580647
Kyrgyzstan,KGZ,2022-01,RCF,-22.147387096774192
Kyrgyzstan,KGZ,2022-01,TP,-20.064548387096774
Kyrgyzstan,KGZ,2022-01,KTR,-32.198129032258066
Kyrgyzstan,KGZ,2022-01,SAP,-13.225774193548387
Kyrgyzstan,KGZ,2022-02,RCF,-16.214321428571427
Kyrgyzstan,KGZ,2022-02,TP,-15.719392857142855
Kyrgyzstan,KGZ,2022-02,KTR,-16.760178571428572
Kyrgyzstan,KGZ,2022-02,SAP,-8.816214285714286
Kyrgyzstan,KGZ,2022-03,RCF,-17.152064516129034
Kyrgyzstan,KGZ,2022-03,TP,-18.926193548387097
Kyrgyzstan,KGZ,2022-03,KTR,-10.765032258064517
Kyrgyzstan,KGZ,2022-03,SAP,-9.714258064516128
Kyrgyzstan,KGZ,2022-04,RCF,-18.7715
Kyrgyzstan,KGZ,2022-04,TP,-18.9334
Kyrgyzstan,KGZ,2022-04,KTR,-6.033366666666667
Kyrgyzstan,KGZ,2022-04,SAP,-7.4191
Kyrgyzstan,KGZ,2022-05,RCF,-14.875677419354838
Kyrgyzstan,KGZ,2022-05,TP,-14.677451612903225
Kyrgyzstan,KGZ,2022-05,KTR,-12.907806451612903
Kyrgyzstan,KGZ,2022-05,SAP,-5.096774193548387
Kyrgyzstan,KGZ,2022-06,RCF,-11.804766666666666
Kyrgyzstan,KGZ,2022-06,TP,-10.519066666666667
Kyrgyzstan,KGZ,2022-06,KTR,-15.1191
Kyrgyzstan,KGZ,2022-06,SAP,-1.7237666666666667
Kyrgyzstan,KGZ,2022-07,RCF,-12.8858
Kyrgyzstan,KGZ,2022-07,TP,-9.2143
Kyrgyzstan,KGZ,2022-07,KTR,-28.60005
Kyrgyzstan,KGZ,2022-07,SAP,-3.2216
Laos,LAO,2020-02,RCF,-0.11184615384615386
Laos,LAO,2020-02,TP,-7.21223076923077
Laos,LAO,2020-02,KTR,8.697307692307692
Laos,LAO,2020-02,SAP,2.708307692307692
Laos,LAO,2020-03,RCF,-9.170483870967743
Laos,LAO,2020-03,TP,-14.262774193548388
Laos,LAO,2020-03,KTR,3.0184193548387097
Laos,LAO,2020-03,SAP,-1.0829354838709677
Laos,LAO,2020-04,RCF,-54.51903333333333
Laos,LAO,2020-04,TP,-62.542833333333334
Laos,LAO,2020-04,KTR,-37.338166666666666
Laos,LAO,2020-04,SAP,-35.871433333333336
Laos,LAO,2020-05,RCF,-30.032290322580643
Laos,LAO,2020-05,TP,-41.373290322580644
Laos,LAO,2020-05,KTR,-13.502290322580645
Laos,LAO,2020-05,SAP,-14.170483870967743
Laos,LAO,2020-06,RCF,-10.2619
Laos,LAO,2020-06,TP,-21.957033333333335
Laos,LAO,2020-06,KTR,1.2618333333333334
Laos,LAO,2020-06,SAP,-1.0095666666666667
Laos,LAO,2020-07,RCF,-5.751161290322581
Laos,LAO,2020-07,TP,-21.327129032258064
Laos,LAO,2020-07,KTR,-0.23048387096774192
Laos,LAO,2020-07,SAP,1.1059354838709676
Laos,LAO,2020-08,RCF,-6.926290322580646
Laos,LAO,2020-08,TP,-20.585322580645162
Laos,LAO,2020-08,KTR,-5.230451612903226
Laos,LAO,2020-08,SAP,0.9493870967741935
Laos,LAO,2020-09,RCF,-6.8857
Laos,LAO,2020-09,TP,-22.84756666666667
Laos,LAO,2020-09,KTR,-5.480933333333334
Laos,LAO,2020-09,SAP,-2.3143000000000002
Laos,LAO,2020-10,RCF,-10.202677419354838
Laos,LAO,2020-10,TP,-26.520774193548387
Laos,LAO,2020-10,KTR,-10.875709677419355
Laos,LAO,2020-10,SAP,-4.6174838709677415
Laos,LAO,2020-11,RCF,-11.285833333333333
Laos,LAO,2020-11,TP,-29.95713333333333
Laos,LAO,2020-11,KTR,-6.5572
Laos,LAO,2020-11,SAP,-4.985766666666667
Laos,LAO,2020-12,RCF,-9.271967741935484
Laos,LAO,2020-12,TP,-24.806516129032257
Laos,LAO,2020-12,KTR,-6.967806451612904
Laos,LAO,2020-12,SAP,2.382483870967742
Laos,LAO,2021-01,RCF,-13.815774193548387
Laos,LAO,2021-01,TP,-29.64977419354839
Laos,LAO,2021-01,KTR,-12.493032258064515
Laos,LAO,2021-01,SAP,-2.9953870967741936
Laos,LAO,2021-02,RCF,-12.668392857142857
Laos,LAO,2021-02,TP,-32.489714285714285
Laos,LAO,2021-02,KTR,-14.540785714285715
Laos,LAO,2021-02,SAP,-2.0815357142857143
Laos,LAO,2021-03,RCF,-9.350290322580644
Laos,LAO,2021-03,TP,-31.755709677419354
Laos,LAO,2021-03,KTR,-15.239645161290321
Laos,LAO,2021-03,SAP,1.497774193548387
Laos,LAO,2021-04,RCF,-19.723799999999997
Laos,LAO,2021-04,TP,-34.5809
Laos,LAO,2021-04,KTR,-28.466600000000003
Laos,LAO,2021-04,SAP,-2.3856666666666664
Laos,LAO,2021-05,RCF,-50.73280645161291
Laos,LAO,2021-05,TP,-66.28577419354839
Laos,LAO,2021-05,KTR,-46.45629032258064
Laos,LAO,2021-05,SAP,-27.16132258064516
Laos,LAO,2021-06,RCF,-30.361866666666668
Laos,LAO,2021-06,TP,-51.595166666666664
Laos,LAO,2021-06,KTR,-31.2334
Laos,LAO,2021-06,SAP,-7.414199999999999
Laos,LAO,2021-07,RCF,-19.299548387096774
Laos,LAO,2021-07,TP,-46.8801935483871
Laos,LAO,2021-07,KTR,-27.336290322580645
Laos,LAO,2021-07,SAP,0.5899032258064516
Laos,LAO,2021-08,RCF,-18.608225806451614
Laos,LAO,2021-08,TP,-45.13367741935484
Laos,LAO,2021-08,KTR,-25.612903225806452
Laos,LAO,2021-08,SAP,-0.7419677419354838
Laos,LAO,2021-09,RCF,-34.6382
Laos,LAO,2021-09,TP,-58.21913333333334
Laos,LAO,2021-09,KTR,-34.8952
Laos,LAO,2021-09,SAP,-12.3999
Laos,LAO,2021-10,RCF,-38.806451612903224
Laos,LAO,2021-10,TP,-64.53
Laos,LAO,2021-10,KTR,-44.04606451612903
Laos,LAO,2021-10,SAP,-20.170516129032258
Laos,LAO,2021-11,RCF,-30.471533333333333
Laos,LAO,2021-11,TP,-58.604866666666666
Laos,LAO,2021-11,KTR,-40.623799999999996
Laos,LAO,2021-11,SAP,-12.842933333333333
Laos,LAO,2021-12,RCF,-22.682032258064517
Laos,LAO,2021-12,TP,-47.74190322580645
Laos,LAO,2021-12,KTR,-33.751225806451615
Laos,LAO,2021-12,SAP,-6.285774193548387
Laos,LAO,2022-01,RCF,-13.649709677419356
Laos,LAO,2022-01,TP,-36.36409677419355
Laos,LAO,2022-01,KTR,-24.42393548387097
Laos,LAO,2022-01,SAP,-0.10587096774193545
Laos,LAO,2022-02,RCF,-4.5765
Laos,LAO,2022-02,TP,-30.433785714285712
Laos,LAO,2022-02,KTR,-10.147857142857143
Laos,LAO,2022-02,SAP,6.2246428571428565
Laos,LAO,2022-03,RCF,0.2857419354838709
Laos,LAO,2022-03,TP,-24.511516129032255
Laos,LAO,2022-03,KTR,6.967645161290323
Laos,LAO,2022-03,SAP,13.741935483870968
Laos,LAO,2022-04,RCF,0.9047333333333333
Laos,LAO,2022-04,TP,-20.519033333333333
Laos,LAO,2022-04,KTR,2.6715
Laos,LAO,2022-04,SAP,17.209600000000002
Laos,LAO,2022-05,RCF,2.944709677419355
Laos,LAO,2022-05,TP,-22.635870967741933
Laos,LAO,2022-05,KTR,13.221129032258066
Laos,LAO,2022-05,SAP,17.78338709677419
Laos,LAO,2022-06,RCF,6.1429
Laos,LAO,2022-06,TP,-18.857166666666668
Laos,LAO,2022-06,KTR,14.666666666666666
Laos,LAO,2022-06,SAP,19.861833333333333
Laos,LAO,2022-07,RCF,7.10005
Laos,LAO,2022-07,TP,-13.114250000000002
Laos,LAO,2022-07,KTR,11.1214
Laos,LAO,2022-07,SAP,22.1858
Latvia,LVA,2020-02,RCF,1.7289230769230768
Latvia,LVA,2020-02,TP,1.9082307692307694
Latvia,LVA,2020-02,KTR,1.1221538461538463
Latvia,LVA,2020-02,SAP,1.5230769230769232
Latvia,LVA,2020-03,RCF,-13.723516129032257
Latvia,LVA,2020-03,TP,-14.640516129032259
Latvia,LVA,2020-03,KTR,-14.322483870967742
Latvia,LVA,2020-03,SAP,-1.428516129032258
Latvia,LVA,2020-04,RCF,-33.97143333333334
Latvia,LVA,2020-04,TP,-39.89516666666667
Latvia,LVA,2020-04,KTR,-38.8619
Latvia,LVA,2020-04,SAP,-13.4572
Latvia,LVA,2020-05,RCF,-18.299548387096777
Latvia,LVA,2020-05,TP,-27.456290322580646
Latvia,LVA,2020-05,KTR,-29.046064516129032
Latvia,LVA,2020-05,SAP,-1.6913548387096773
Latvia,LVA,2020-06,RCF,-2.6762
Latvia,LVA,2020-06,TP,-10.342899999999998
Latvia,LVA,2020-06,KTR,-18.6477
Latvia,LVA,2020-06,SAP,10.0048
Latvia,LVA,2020-07,RCF,7.506903225806451
Latvia,LVA,2020-07,TP,-2.0782580645161293
Latvia,LVA,2020-07,KTR,-20.525354838709678
Latvia,LVA,2020-07,SAP,13.29958064516129
Latvia,LVA,2020-08,RCF,9.23967741935484
Latvia,LVA,2020-08,TP,1.2073225806451613
Latvia,LVA,2020-08,KTR,-20.77874193548387
Latvia,LVA,2020-08,SAP,12.903258064516129
Latvia,LVA,2020-09,RCF,1.1999666666666668
Latvia,LVA,2020-09,TP,-3.5142666666666664
Latvia,LVA,2020-09,KTR,-13.699966666666667
Latvia,LVA,2020-09,SAP,6.037999999999999
Latvia,LVA,2020-10,RCF,-8.23967741935484
Latvia,LVA,2020-10,TP,-14.834193548387097
Latvia,LVA,2020-10,KTR,-12.894193548387097
Latvia,LVA,2020-10,SAP,-0.4148064516129032
Latvia,LVA,2020-11,RCF,-22.65243333333333
Latvia,LVA,2020-11,TP,-30.6571
Latvia,LVA,2020-11,KTR,-22.423766666666666
Latvia,LVA,2020-11,SAP,-6.604699999999999
Latvia,LVA,2020-12,RCF,-30.847967741935484
Latvia,LVA,2020-12,TP,-38.571451612903225
Latvia,LVA,2020-12,KTR,-33.216677419354845
Latvia,LVA,2020-12,SAP,-9.599032258064517
Latvia,LVA,2021-01,RCF,-43.27645161290322
Latvia,LVA,2021-01,TP,-47.95383870967742
Latvia,LVA,2021-01,KTR,-38.84325806451613
Latvia,LVA,2021-01,SAP,-18.99077419354839
Latvia,LVA,2021-02,RCF,-39.06632142857143
Latvia,LVA,2021-02,TP,-45.88260714285714
Latvia,LVA,2021-02,KTR,-32.13267857142857
Latvia,LVA,2021-02,SAP,-15.673428571428571
Latvia,LVA,2021-03,RCF,-31.640612903225808
Latvia,LVA,2021-03,TP,-40.96770967741936
Latvia,LVA,2021-03,KTR,-28.589806451612905
Latvia,LVA,2021-03,SAP,-7.778806451612903
Latvia,LVA,2021-04,RCF,-23.73806666666667
Latvia,LVA,2021-04,TP,-32.4047
Latvia,LVA,2021-04,KTR,-28.118999999999996
Latvia,LVA,2021-04,SAP,-0.6381333333333333
Latvia,LVA,2021-05,RCF,-15.046064516129032
Latvia,LVA,2021-05,TP,-24.917032258064516
Latvia,LVA,2021-05,KTR,-21.460838709677418
Latvia,LVA,2021-05,SAP,7.6819354838709675
Latvia,LVA,2021-06,RCF,-3.4809666666666668
Latvia,LVA,2021-06,TP,-12.985766666666667
Latvia,LVA,2021-06,KTR,-20.438100000000002
Latvia,LVA,2021-06,SAP,17.6953
Latvia,LVA,2021-07,RCF,6.0045161290322575
Latvia,LVA,2021-07,TP,-6.428548387096774
Latvia,LVA,2021-07,KTR,-20.225709677419353
Latvia,LVA,2021-07,SAP,22.86625806451613
Latvia,LVA,2021-08,RCF,6.686645161290323
Latvia,LVA,2021-08,TP,-5.949258064516129
Latvia,LVA,2021-08,KTR,-18.078290322580646
Latvia,LVA,2021-08,SAP,21.57606451612903
Latvia,LVA,2021-09,RCF,-0.5001
Latvia,LVA,2021-09,TP,-8.495266666666668
Latvia,LVA,2021-09,KTR,-13.233333333333333
Latvia,LVA,2021-09,SAP,18.0952
Latvia,LVA,2021-10,RCF,-20.05532258064516
Latvia,LVA,2021-10,TP,-22.75116129032258
Latvia,LVA,2021-10,KTR,-21.30870967741935
Latvia,LVA,2021-10,SAP,5.2534838709677425
Latvia,LVA,2021-11,RCF,-33.30003333333333
Latvia,LVA,2021-11,TP,-33.39523333333333
Latvia,LVA,2021-11,KTR,-26.361933333333337
Latvia,LVA,2021-11,SAP,1.2952333333333332
Latvia,LVA,2021-12,RCF,-19.907806451612906
Latvia,LVA,2021-12,TP,-25.552967741935486
Latvia,LVA,2021-12,KTR,-22.741967741935483
Latvia,LVA,2021-12,SAP,7.562258064516129
Latvia,LVA,2022-01,RCF,-27.165967741935482
Latvia,LVA,2022-01,TP,-34.44248387096774
Latvia,LVA,2022-01,KTR,-25.56674193548387
Latvia,LVA,2022-01,SAP,0.1981290322580645
Latvia,LVA,2022-02,RCF,-26.413285714285713
Latvia,LVA,2022-02,TP,-35.33667857142857
Latvia,LVA,2022-02,KTR,-22.999964285714288
Latvia,LVA,2022-02,SAP,0.76025
Latvia,LVA,2022-03,RCF,-19.12451612903226
Latvia,LVA,2022-03,TP,-27.79725806451613
Latvia,LVA,2022-03,KTR,-17.43316129032258
Latvia,LVA,2022-03,SAP,5.428580645161291
Latvia,LVA,2022-04,RCF,-13.461900000000002
Latvia,LVA,2022-04,TP,-21.676266666666667
Latvia,LVA,2022-04,KTR,-16.919066666666666
Latvia,LVA,2022-04,SAP,9.600033333333332
Latvia,LVA,2022-05,RCF,-6.271903225806452
Latvia,LVA,2022-05,TP,-14.304161290322579
Latvia,LVA,2022-05,KTR,-11.649709677419356
Latvia,LVA,2022-05,SAP,14.571451612903225
Latvia,LVA,2022-06,RCF,-2.2143
Latvia,LVA,2022-06,TP,-7.2665999999999995
Latvia,LVA,2022-06,KTR,-18.533366666666666
Latvia,LVA,2022-06,SAP,18.895266666666664
Latvia,LVA,2022-07,RCF,3.7713499999999995
Latvia,LVA,2022-07,TP,-5.800050000000001
Latvia,LVA,2022-07,KTR,-18.7357
Latvia,LVA,2022-07,SAP,22.785800000000002
Lebanon,LBN,2020-02,RCF,1.3143846153846153
Lebanon,LBN,2020-02,TP,3.660307692307692
Lebanon,LBN,2020-02,KTR,1.413153846153846
Lebanon,LBN,2020-02,SAP,0.3470769230769231
Lebanon,LBN,2020-03,RCF,-34.70038709677419
Lebanon,LBN,2020-03,TP,-41.31338709677419
Lebanon,LBN,2020-03,KTR,-30.410096774193548
Lebanon,LBN,2020-03,SAP,-15.184322580645162
Lebanon,LBN,2020-04,RCF,-60.90006666666667
Lebanon,LBN,2020-04,TP,-75.92856666666667
Lebanon,LBN,2020-04,KTR,-52.54763333333334
Lebanon,LBN,2020-04,SAP,-32.1382
Lebanon,LBN,2020-05,RCF,-41.20280645161291
Lebanon,LBN,2020-05,TP,-63.71883870967742
Lebanon,LBN,2020-05,KTR,-36.05535483870968
Lebanon,LBN,2020-05,SAP,-13.921612903225807
Lebanon,LBN,2020-06,RCF,-18.46196666666667
Lebanon,LBN,2020-06,TP,-54.623799999999996
Lebanon,LBN,2020-06,KTR,-18.661966666666668
Lebanon,LBN,2020-06,SAP,0.5904666666666666
Lebanon,LBN,2020-07,RCF,-11.81574193548387
Lebanon,LBN,2020-07,TP,-45.47467741935483
Lebanon,LBN,2020-07,KTR,-20.105999999999998
Lebanon,LBN,2020-07,SAP,2.4378709677419352
Lebanon,LBN,2020-08,RCF,-24.488419354838708
Lebanon,LBN,2020-08,TP,-45.21948387096774
Lebanon,LBN,2020-08,KTR,-30.331935483870968
Lebanon,LBN,2020-08,SAP,-3.4193548387096775
Lebanon,LBN,2020-09,RCF,-16.319066666666668
Lebanon,LBN,2020-09,TP,-28.177041666666668
Lebanon,LBN,2020-09,KTR,-23.4619
Lebanon,LBN,2020-09,SAP,6.342866666666667
Lebanon,LBN,2020-10,RCF,-20.64974193548387
Lebanon,LBN,2020-10,TP,-24.341032258064516
Lebanon,LBN,2020-10,KTR,-24.534612903225806
Lebanon,LBN,2020-10,SAP,19.285612903225807
Lebanon,LBN,2020-11,RCF,-34.114266666666666
Lebanon,LBN,2020-11,TP,-31.142766666666667
Lebanon,LBN,2020-11,KTR,-31.600033333333332
Lebanon,LBN,2020-11,SAP,6.0619
Lebanon,LBN,2020-12,RCF,-17.59451612903226
Lebanon,LBN,2020-12,TP,-14.751096774193549
Lebanon,LBN,2020-12,KTR,-22.71890322580645
Lebanon,LBN,2020-12,SAP,24.073677419354837
Lebanon,LBN,2021-01,RCF,-48.35487096774194
Lebanon,LBN,2021-01,TP,-41.51616129032258
Lebanon,LBN,2021-01,KTR,-50.69129032258065
Lebanon,LBN,2021-01,SAP,-9.575967741935484
Lebanon,LBN,2021-02,RCF,-50.40317857142857
Lebanon,LBN,2021-02,TP,-47.10203571428571
Lebanon,LBN,2021-02,KTR,-49.14796428571429
Lebanon,LBN,2021-02,SAP,-4.627571428571429
Lebanon,LBN,2021-03,RCF,-29.281129032258065
Lebanon,LBN,2021-03,TP,-33.51619354838709
Lebanon,LBN,2021-03,KTR,-34.10590322580645
Lebanon,LBN,2021-03,SAP,25.580612903225806
Lebanon,LBN,2021-04,RCF,-19.46193333333333
Lebanon,LBN,2021-04,TP,-25.6905
Lebanon,LBN,2021-04,KTR,-29.95246666666667
Lebanon,LBN,2021-04,SAP,34.38563333333333
Lebanon,LBN,2021-05,RCF,-5.4102258064516136
Lebanon,LBN,2021-05,TP,-15.340967741935483
Lebanon,LBN,2021-05,KTR,-28.234935483870967
Lebanon,LBN,2021-05,SAP,50.44706451612903
Lebanon,LBN,2021-06,RCF,3.6000333333333336
Lebanon,LBN,2021-06,TP,-3.814233333333333
Lebanon,LBN,2021-06,KTR,-20.0714
Lebanon,LBN,2021-06,SAP,60.01906666666667
Lebanon,LBN,2021-07,RCF,9.562161290322582
Lebanon,LBN,2021-07,TP,10.58990322580645
Lebanon,LBN,2021-07,KTR,-26.424032258064514
Lebanon,LBN,2021-07,SAP,57.73277419354839
Lebanon,LBN,2021-08,RCF,1.9170967741935483
Lebanon,LBN,2021-08,TP,5.589903225806451
Lebanon,LBN,2021-08,KTR,-29.14283870967742
Lebanon,LBN,2021-08,SAP,48.142870967741935
Lebanon,LBN,2021-09,RCF,-3.8523666666666667
Lebanon,LBN,2021-09,TP,-3.104766666666667
Lebanon,LBN,2021-09,KTR,-25.381066666666666
Lebanon,LBN,2021-09,SAP,40.6476
Lebanon,LBN,2021-10,RCF,-1.562225806451613
Lebanon,LBN,2021-10,TP,-3.6775483870967745
Lebanon,LBN,2021-10,KTR,-21.875741935483873
Lebanon,LBN,2021-10,SAP,45.66367741935484
Lebanon,LBN,2021-11,RCF,-0.8237333333333333
Lebanon,LBN,2021-11,TP,-6.1715
Lebanon,LBN,2021-11,KTR,-19.9808
Lebanon,LBN,2021-11,SAP,47.318999999999996
Lebanon,LBN,2021-12,RCF,2.562225806451613
Lebanon,LBN,2021-12,TP,4.682064516129032
Lebanon,LBN,2021-12,KTR,-19.451645161290323
Lebanon,LBN,2021-12,SAP,48.70045161290322
Lebanon,LBN,2022-01,RCF,-8.433225806451613
Lebanon,LBN,2022-01,TP,-7.47
Lebanon,LBN,2022-01,KTR,-24.857064516129032
Lebanon,LBN,2022-01,SAP,38.41935483870968
Lebanon,LBN,2022-02,RCF,-2.765285714285714
Lebanon,LBN,2022-02,TP,-8.285678571428571
Lebanon,LBN,2022-02,KTR,-16.449
Lebanon,LBN,2022-02,SAP,41.78567857142857
Lebanon,LBN,2022-03,RCF,-2.3318709677419354
Lebanon,LBN,2022-03,TP,5.023064516129033
Lebanon,LBN,2022-03,KTR,-10.423935483870968
Lebanon,LBN,2022-03,SAP,43.83874193548387
Lebanon,LBN,2022-04,RCF,3.6571333333333333
Lebanon,LBN,2022-04,TP,6.838033333333333
Lebanon,LBN,2022-04,KTR,-12.347633333333333
Lebanon,LBN,2022-04,SAP,51.666666666666664
Lebanon,LBN,2022-05,RCF,10.516129032258064
Lebanon,LBN,2022-05,TP,15.66358064516129
Lebanon,LBN,2022-05,KTR,-13.364096774193548
Lebanon,LBN,2022-05,SAP,57.995387096774195
Lebanon,LBN,2022-06,RCF,8.747566666666668
Lebanon,LBN,2022-06,TP,20.461866666666666
Lebanon,LBN,2022-06,KTR,-9.633333333333333
Lebanon,LBN,2022-06,SAP,56.437999999999995
Lebanon,LBN,2022-07,RCF,16.914250000000003
Lebanon,LBN,2022-07,TP,38.47855
Lebanon,LBN,2022-07,KTR,-18.94995
Lebanon,LBN,2022-07,SAP,61.58579999999999
Libya,LBY,2020-02,RCF,3.215692307692308
Libya,LBY,2020-02,TP,4.003846153846154
Libya,LBY,2020-02,KTR,0.6875384615384615
Libya,LBY,2020-02,SAP,5.154923076923077
Libya,LBY,2020-03,RCF,-11.801838709677419
Libya,LBY,2020-03,TP,-16.221258064516128
Libya,LBY,2020-03,KTR,-4.317967741935484
Libya,LBY,2020-03,SAP,-1.2626774193548387
Libya,LBY,2020-04,RCF,-44.604733333333336
Libya,LBY,2020-04,TP,-47.49046666666666
Libya,LBY,2020-04,KTR,-31.4
Libya,LBY,2020-04,SAP,-21.84286666666667
Libya,LBY,2020-05,RCF,-18.502290322580645
Libya,LBY,2020-05,TP,-26.244225806451613
Libya,LBY,2020-05,KTR,-16.875580645161293
Libya,LBY,2020-05,SAP,8.027645161290323
Libya,LBY,2020-06,RCF,-11.261933333333333
Libya,LBY,2020-06,TP,-28.9667
Libya,LBY,2020-06,KTR,-6.600033333333333
Libya,LBY,2020-06,SAP,12.314266666666667
Libya,LBY,2020-07,RCF,-0.5115483870967742
Libya,LBY,2020-07,TP,-26.783451612903228
Libya,LBY,2020-07,KTR,-8.184322580645162
Libya,LBY,2020-07,SAP,20.13825806451613
Libya,LBY,2020-08,RCF,-12.004516129032258
Libya,LBY,2020-08,TP,-35.57195
Libya,LBY,2020-08,KTR,-17.20738709677419
Libya,LBY,2020-08,SAP,12.132136363636363
Libya,LBY,2020-09,RCF,-1.0095333333333334
Libya,LBY,2020-09,TP,-33.75044444444445
Libya,LBY,2020-09,KTR,-14.895199999999999
Libya,LBY,2020-09,SAP,6.3025
Libya,LBY,2020-10,RCF,17.24435483870968
Libya,LBY,2020-10,TP,-15.645129032258065
Libya,LBY,2020-10,KTR,-11.69116129032258
Libya,LBY,2020-10,SAP,38.599064516129026
Libya,LBY,2020-11,RCF,22.7476
Libya,LBY,2020-11,TP,-4.6761333333333335
Libya,LBY,2020-11,KTR,-5.2905
Libya,LBY,2020-11,SAP,45.47143333333334
Libya,LBY,2020-12,RCF,29.078451612903226
Libya,LBY,2020-12,TP,-1.1012580645161292
Libya,LBY,2020-12,KTR,-0.3502258064516129
Libya,LBY,2020-12,SAP,53.10132258064517
Libya,LBY,2021-01,RCF,34.12435483870968
Libya,LBY,2021-01,TP,-2.7142903225806454
Libya,LBY,2021-01,KTR,1.456258064516129
Libya,LBY,2021-01,SAP,57.58977419354839
Libya,LBY,2021-02,RCF,40.31635714285714
Libya,LBY,2021-02,TP,-5.352035714285714
Libya,LBY,2021-02,KTR,-2.7857857142857143
Libya,LBY,2021-02,SAP,63.95410714285714
Libya,LBY,2021-03,RCF,54.27648387096774
Libya,LBY,2021-03,TP,1.9355161290322582
Libya,LBY,2021-03,KTR,4.290322580645161
Libya,LBY,2021-03,SAP,77.85706451612903
Libya,LBY,2021-04,RCF,66.95723333333333
Libya,LBY,2021-04,TP,12.204733333333333
Libya,LBY,2021-04,KTR,7.8857333333333335
Libya,LBY,2021-04,SAP,99.46186666666667
Libya,LBY,2021-05,RCF,87.83412903225808
Libya,LBY,2021-05,TP,26.88941935483871
Libya,LBY,2021-05,KTR,4.281096774193548
Libya,LBY,2021-05,SAP,115.90783870967742
Libya,LBY,2021-06,RCF,97.40006666666666
Libya,LBY,2021-06,TP,44.84766666666667
Libya,LBY,2021-06,KTR,19.8
Libya,LBY,2021-06,SAP,134.90006666666667
Libya,LBY,2021-07,RCF,89.61290322580645
Libya,LBY,2021-07,TP,38.446935483870966
Libya,LBY,2021-07,KTR,4.147354838709677
Libya,LBY,2021-07,SAP,133.15216129032257
Libya,LBY,2021-08,RCF,79.86645161290323
Libya,LBY,2021-08,TP,32.198193548387096
Libya,LBY,2021-08,KTR,8.741903225806452
Libya,LBY,2021-08,SAP,122.82496774193548
Libya,LBY,2021-09,RCF,109.05713333333333
Libya,LBY,2021-09,TP,43.1571
Libya,LBY,2021-09,KTR,19.995133333333335
Libya,LBY,2021-09,SAP,142.56199999999998
Libya,LBY,2021-10,RCF,126.88948387096774
Libya,LBY,2021-10,TP,52.76041935483871
Libya,LBY,2021-10,KTR,26.341032258064516
Libya,LBY,2021-10,SAP,163.62212903225807
Libya,LBY,2021-11,RCF,139.82383333333334
Libya,LBY,2021-11,TP,59.104733333333336
Libya,LBY,2021-11,KTR,33.09513333333334
Libya,LBY,2021-11,SAP,175.17610000000002
Libya,LBY,2021-12,RCF,139.28106451612902
Libya,LBY,2021-12,TP,61.97696774193549
Libya,LBY,2021-12,KTR,50.788
Libya,LBY,2021-12,SAP,175.6129677419355
Libya,LBY,2022-01,RCF,136.13825806451612
Libya,LBY,2022-01,TP,56.31338709677419
Libya,LBY,2022-01,KTR,63.0553870967742
Libya,LBY,2022-01,SAP,171.6221612903226
Libya,LBY,2022-02,RCF,147.78571428571428
Libya,LBY,2022-02,TP,67.43364285714286
Libya,LBY,2022-02,KTR,67.02546428571428
Libya,LBY,2022-02,SAP,180.00507142857143
Libya,LBY,2022-03,RCF,176.0598387096774
Libya,LBY,2022-03,TP,96.18435483870968
Libya,LBY,2022-03,KTR,92.49312903225805
Libya,LBY,2022-03,SAP,235.33174193548385
Libya,LBY,2022-04,RCF,181.58573333333334
Libya,LBY,2022-04,TP,96.64280000000001
Libya,LBY,2022-04,KTR,85.59526666666667
Libya,LBY,2022-04,SAP,257.4952666666667
Libya,LBY,2022-05,RCF,176.17506451612903
Libya,LBY,2022-05,TP,100.47006451612904
Libya,LBY,2022-05,KTR,71.01851612903226
Libya,LBY,2022-05,SAP,246.4240322580645
Libya,LBY,2022-06,RCF,176.84293333333335
Libya,LBY,2022-06,TP,110.43336666666667
Libya,LBY,2022-06,KTR,94.30006666666667
Libya,LBY,2022-06,SAP,246.3189
Libya,LBY,2022-07,RCF,165.51420000000002
Libya,LBY,2022-07,TP,94.52855
Libya,LBY,2022-07,KTR,69.10725
Libya,LBY,2022-07,SAP,238.9357
Liechtenstein,LIE,2020-02,RCF,11.418461538461539
Liechtenstein,LIE,2020-02,TP,9.918181818181818
Liechtenstein,LIE,2020-02,KTR,-9.478818181818182
Liechtenstein,LIE,2020-02,SAP,-1.3835384615384616
Liechtenstein,LIE,2020-03,RCF,-32.36867741935484
Liechtenstein,LIE,2020-03,TP,-21.64516129032258
Liechtenstein,LIE,2020-03,KTR,-18.806451612903224
Liechtenstein,LIE,2020-03,SAP,0.4162580645161289
Liechtenstein,LIE,2020-04,RCF,-70.15577777777779
Liechtenstein,LIE,2020-04,TP,-35.0952
Liechtenstein,LIE,2020-04,KTR,-40.15333333333333
Liechtenstein,LIE,2020-04,SAP,-6.94725
Liechtenstein,LIE,2020-05,TP,-25.695806451612903
Liechtenstein,LIE,2020-05,KTR,-30.0258064516129
Liechtenstein,LIE,2020-06,TP,-19.73806666666667
Liechtenstein,LIE,2020-06,KTR,-21.540000000000003
Liechtenstein,LIE,2020-07,TP,-14.834064516129033
Liechtenstein,LIE,2020-07,KTR,-25.561290322580643
Liechtenstein,LIE,2020-08,TP,-23.741062499999998
Liechtenstein,LIE,2020-08,KTR,-36.4
Liechtenstein,LIE,2020-09,TP,-12.18575
Liechtenstein,LIE,2020-09,KTR,-15.11585
Liechtenstein,LIE,2020-10,TP,-25.88016129032258
Liechtenstein,LIE,2020-10,KTR,-17.41290322580645
Liechtenstein,LIE,2020-11,TP,-30.3333
Liechtenstein,LIE,2020-11,KTR,-16.606666666666666
Liechtenstein,LIE,2020-12,TP,-30.62677419354839
Liechtenstein,LIE,2020-12,KTR,-27.9741935483871
Liechtenstein,LIE,2021-01,TP,-32.198193548387096
Liechtenstein,LIE,2021-01,KTR,-35.483870967741936
Liechtenstein,LIE,2021-02,TP,-26.489857142857144
Liechtenstein,LIE,2021-02,KTR,-25.357142857142858
Liechtenstein,LIE,2021-03,TP,-24.216548387096772
Liechtenstein,LIE,2021-03,KTR,-17.34193548387097
Liechtenstein,LIE,2021-04,TP,-26.261833333333335
Liechtenstein,LIE,2021-04,KTR,-24.186666666666667
Liechtenstein,LIE,2021-05,TP,-28.69574193548387
Liechtenstein,LIE,2021-05,KTR,-17.509677419354837
Liechtenstein,LIE,2021-06,TP,-21.981033333333336
Liechtenstein,LIE,2021-06,KTR,-14.073333333333332
Liechtenstein,LIE,2021-07,TP,-29.221290322580646
Liechtenstein,LIE,2021-07,KTR,-25.993548387096773
Liechtenstein,LIE,2021-08,TP,-27.0
Liechtenstein,LIE,2021-08,KTR,-26.598866666666666
Liechtenstein,LIE,2021-09,TP,-9.206793103448277
Liechtenstein,LIE,2021-09,KTR,-16.43103448275862
Liechtenstein,LIE,2021-10,TP,-9.450615384615386
Liechtenstein,LIE,2021-10,KTR,-19.581076923076925
Liechtenstein,LIE,2021-11,TP,-16.88103333333333
Liechtenstein,LIE,2021-11,KTR,-14.813333333333333
Liechtenstein,LIE,2021-12,TP,-19.028666666666666
Liechtenstein,LIE,2021-12,KTR,-26.0189
Liechtenstein,LIE,2022-01,TP,-20.413285714285713
Liechtenstein,LIE,2022-01,KTR,-29.99642857142857
Liechtenstein,LIE,2022-02,TP,-9.101125
Liechtenstein,LIE,2022-02,KTR,-17.768083333333333
Liechtenstein,LIE,2022-03,TP,2.5220000000000002
Liechtenstein,LIE,2022-03,KTR,-15.794653846153846
Liechtenstein,LIE,2022-04,TP,-1.39275
Liechtenstein,LIE,2022-04,KTR,-18.81432142857143
Liechtenstein,LIE,2022-05,TP,2.259185185185185
Liechtenstein,LIE,2022-05,KTR,-11.52588888888889
Liechtenstein,LIE,2022-06,TP,8.583291666666666
Liechtenstein,LIE,2022-06,KTR,-17.33491666666667
Liechtenstein,LIE,2022-07,TP,13.109294117647059
Liechtenstein,LIE,2022-07,KTR,-15.692176470588235
Lithuania,LTU,2020-02,RCF,1.1586153846153846
Lithuania,LTU,2020-02,TP,2.733230769230769
Lithuania,LTU,2020-02,KTR,-5.4653846153846155
Lithuania,LTU,2020-02,SAP,1.9435384615384617
Lithuania,LTU,2020-03,RCF,-27.585290322580644
Lithuania,LTU,2020-03,TP,-23.824870967741937
Lithuania,LTU,2020-03,KTR,-21.248774193548385
Lithuania,LTU,2020-03,SAP,-7.331870967741935
Lithuania,LTU,2020-04,RCF,-58.9333
Lithuania,LTU,2020-04,TP,-53.63326666666667
Lithuania,LTU,2020-04,KTR,-46.68096666666667
Lithuania,LTU,2020-04,SAP,-23.61433333333333
Lithuania,LTU,2020-05,RCF,-34.082967741935484
Lithuania,LTU,2020-05,TP,-33.96316129032258
Lithuania,LTU,2020-05,KTR,-29.262709677419355
Lithuania,LTU,2020-05,SAP,0.977
Lithuania,LTU,2020-06,RCF,-20.661866666666665
Lithuania,LTU,2020-06,TP,-16.343033333333334
Lithuania,LTU,2020-06,KTR,-15.971466666666666
Lithuania,LTU,2020-06,SAP,21.4905
Lithuania,LTU,2020-07,RCF,-12.571451612903225
Lithuania,LTU,2020-07,TP,-7.8388064516129035
Lithuania,LTU,2020-07,KTR,-19.322580645161292
Lithuania,LTU,2020-07,SAP,25.248806451612904
Lithuania,LTU,2020-08,RCF,-12.672774193548387
Lithuania,LTU,2020-08,TP,-5.359483870967742
Lithuania,LTU,2020-08,KTR,-20.62683870967742
Lithuania,LTU,2020-08,SAP,24.65432258064516
Lithuania,LTU,2020-09,RCF,-16.599966666666667
Lithuania,LTU,2020-09,TP,-4.599933333333333
Lithuania,LTU,2020-09,KTR,-12.000033333333333
Lithuania,LTU,2020-09,SAP,21.790533333333332
Lithuania,LTU,2020-10,RCF,-23.792516129032258
Lithuania,LTU,2020-10,TP,-11.267354838709677
Lithuania,LTU,2020-10,KTR,-9.755806451612903
Lithuania,LTU,2020-10,SAP,19.9631935483871
Lithuania,LTU,2020-11,RCF,-43.03333333333333
Lithuania,LTU,2020-11,TP,-33.571466666666666
Lithuania,LTU,2020-11,KTR,-27.057233333333333
Lithuania,LTU,2020-11,SAP,8.7952
Lithuania,LTU,2020-12,RCF,-51.317903225806454
Lithuania,LTU,2020-12,TP,-42.97235483870968
Lithuania,LTU,2020-12,KTR,-35.65903225806452
Lithuania,LTU,2020-12,SAP,2.5069354838709677
Lithuania,LTU,2021-01,RCF,-64.22590322580645
Lithuania,LTU,2021-01,TP,-53.62680645161291
Lithuania,LTU,2021-01,KTR,-39.17054838709677
Lithuania,LTU,2021-01,SAP,-5.036935483870968
Lithuania,LTU,2021-02,RCF,-58.16328571428572
Lithuania,LTU,2021-02,TP,-49.09182142857143
Lithuania,LTU,2021-02,KTR,-30.45417857142857
Lithuania,LTU,2021-02,SAP,4.627571428571429
Lithuania,LTU,2021-03,RCF,-45.824838709677415
Lithuania,LTU,2021-03,TP,-39.09216129032258
Lithuania,LTU,2021-03,KTR,-23.308903225806453
Lithuania,LTU,2021-03,SAP,16.70967741935484
Lithuania,LTU,2021-04,RCF,-36.9714
Lithuania,LTU,2021-04,TP,-29.314233333333334
Lithuania,LTU,2021-04,KTR,-20.985799999999998
Lithuania,LTU,2021-04,SAP,22.100033333333332
Lithuania,LTU,2021-05,RCF,-23.741935483870968
Lithuania,LTU,2021-05,TP,-16.235032258064518
Lithuania,LTU,2021-05,KTR,-13.354870967741935
Lithuania,LTU,2021-05,SAP,36.03229032258064
Lithuania,LTU,2021-06,RCF,-11.023833333333332
Lithuania,LTU,2021-06,TP,-2.8238666666666665
Lithuania,LTU,2021-06,KTR,-11.628533333333333
Lithuania,LTU,2021-06,SAP,47.885666666666665
Lithuania,LTU,2021-07,RCF,-3.373290322580645
Lithuania,LTU,2021-07,TP,2.765
Lithuania,LTU,2021-07,KTR,-14.778903225806452
Lithuania,LTU,2021-07,SAP,52.69129032258065
Lithuania,LTU,2021-08,RCF,-1.3918064516129032
Lithuania,LTU,2021-08,TP,3.004709677419355
Lithuania,LTU,2021-08,KTR,-11.055225806451613
Lithuania,LTU,2021-08,SAP,51.75577419354839
Lithuania,LTU,2021-09,RCF,-7.790466666666666
Lithuania,LTU,2021-09,TP,5.5667
Lithuania,LTU,2021-09,KTR,-2.5000333333333336
Lithuania,LTU,2021-09,SAP,47.771433333333334
Lithuania,LTU,2021-10,RCF,-15.88483870967742
Lithuania,LTU,2021-10,TP,-4.682032258064516
Lithuania,LTU,2021-10,KTR,-0.5023870967741936
Lithuania,LTU,2021-10,SAP,41.737419354838714
Lithuania,LTU,2021-11,RCF,-18.590500000000002
Lithuania,LTU,2021-11,TP,-11.299933333333334
Lithuania,LTU,2021-11,KTR,-6.652466666666667
Lithuania,LTU,2021-11,SAP,39.842800000000004
Lithuania,LTU,2021-12,RCF,-14.423935483870968
Lithuania,LTU,2021-12,TP,-8.529967741935483
Lithuania,LTU,2021-12,KTR,-4.847967741935484
Lithuania,LTU,2021-12,SAP,44.70503225806451
Lithuania,LTU,2022-01,RCF,-25.202709677419353
Lithuania,LTU,2022-01,TP,-20.437806451612904
Lithuania,LTU,2022-01,KTR,-9.400935483870967
Lithuania,LTU,2022-01,SAP,34.38241935483871
Lithuania,LTU,2022-02,RCF,-24.33160714285714
Lithuania,LTU,2022-02,TP,-19.31642857142857
Lithuania,LTU,2022-02,KTR,-7.413285714285714
Lithuania,LTU,2022-02,SAP,34.05096428571429
Lithuania,LTU,2022-03,RCF,-19.580709677419353
Lithuania,LTU,2022-03,TP,-6.603677419354839
Lithuania,LTU,2022-03,KTR,2.5530322580645164
Lithuania,LTU,2022-03,SAP,39.64977419354839
Lithuania,LTU,2022-04,RCF,-15.885766666666665
Lithuania,LTU,2022-04,TP,0.36663333333333337
Lithuania,LTU,2022-04,KTR,1.4762
Lithuania,LTU,2022-04,SAP,41.88576666666667
Lithuania,LTU,2022-05,RCF,-7.235032258064516
Lithuania,LTU,2022-05,TP,11.972451612903226
Lithuania,LTU,2022-05,KTR,10.267354838709677
Lithuania,LTU,2022-05,SAP,52.442354838709676
Lithuania,LTU,2022-06,RCF,-5.138199999999999
Lithuania,LTU,2022-06,TP,15.800033333333333
Lithuania,LTU,2022-06,KTR,3.3619
Lithuania,LTU,2022-06,SAP,56.58096666666667
Lithuania,LTU,2022-07,RCF,-3.3070999999999997
Lithuania,LTU,2022-07,TP,13.864349999999998
Lithuania,LTU,2022-07,KTR,-6.4071
Lithuania,LTU,2022-07,SAP,56.5929
Luxembourg,LUX,2020-02,RCF,-5.135461538461538
Luxembourg,LUX,2020-02,TP,-2.880846153846154
Luxembourg,LUX,2020-02,KTR,-11.290000000000001
Luxembourg,LUX,2020-02,SAP,-1.2590000000000001
Luxembourg,LUX,2020-03,RCF,-36.32258064516129
Luxembourg,LUX,2020-03,TP,-27.96767741935484
Luxembourg,LUX,2020-03,KTR,-28.98616129032258
Luxembourg,LUX,2020-03,SAP,-7.129032258064516
Luxembourg,LUX,2020-04,RCF,-79.09036666666665
Luxembourg,LUX,2020-04,TP,-68.15246666666667
Luxembourg,LUX,2020-04,KTR,-67.41426666666666
Luxembourg,LUX,2020-04,SAP,-41.642833333333336
Luxembourg,LUX,2020-05,RCF,-57.95854838709677
Luxembourg,LUX,2020-05,TP,-49.77887096774194
Luxembourg,LUX,2020-05,KTR,-47.72351612903226
Luxembourg,LUX,2020-05,SAP,-29.488419354838708
Luxembourg,LUX,2020-06,RCF,-25.400033333333333
Luxembourg,LUX,2020-06,TP,-30.45713333333333
Luxembourg,LUX,2020-06,KTR,-28.085733333333334
Luxembourg,LUX,2020-06,SAP,-12.557233333333333
Luxembourg,LUX,2020-07,RCF,-13.018451612903226
Luxembourg,LUX,2020-07,TP,-12.557677419354839
Luxembourg,LUX,2020-07,KTR,-23.078387096774193
Luxembourg,LUX,2020-07,SAP,-4.013806451612903
Luxembourg,LUX,2020-08,RCF,-21.70051612903226
Luxembourg,LUX,2020-08,TP,-18.921645161290325
Luxembourg,LUX,2020-08,KTR,-39.49003225806452
Luxembourg,LUX,2020-08,SAP,-14.206645161290323
Luxembourg,LUX,2020-09,RCF,-14.490466666666666
Luxembourg,LUX,2020-09,TP,-12.609533333333333
Luxembourg,LUX,2020-09,KTR,-29.124533333333332
Luxembourg,LUX,2020-09,SAP,-9.981733333333333
Luxembourg,LUX,2020-10,RCF,-18.732838709677416
Luxembourg,LUX,2020-10,TP,-16.792645161290324
Luxembourg,LUX,2020-10,KTR,-18.39167741935484
Luxembourg,LUX,2020-10,SAP,-8.12441935483871
Luxembourg,LUX,2020-11,RCF,-24.4286
Luxembourg,LUX,2020-11,TP,-26.7382
Luxembourg,LUX,2020-11,KTR,-26.4952
Luxembourg,LUX,2020-11,SAP,-9.142833333333332
Luxembourg,LUX,2020-12,RCF,-44.80641935483871
Luxembourg,LUX,2020-12,TP,-33.133709677419354
Luxembourg,LUX,2020-12,KTR,-37.055290322580646
Luxembourg,LUX,2020-12,SAP,-4.391806451612903
Luxembourg,LUX,2021-01,RCF,-54.31796774193548
Luxembourg,LUX,2021-01,TP,-38.23967741935484
Luxembourg,LUX,2021-01,KTR,-37.81567741935484
Luxembourg,LUX,2021-01,SAP,-19.069129032258065
Luxembourg,LUX,2021-02,RCF,-42.622428571428564
Luxembourg,LUX,2021-02,TP,-33.28064285714286
Luxembourg,LUX,2021-02,KTR,-31.73464285714286
Luxembourg,LUX,2021-02,SAP,-7.545857142857143
Luxembourg,LUX,2021-03,RCF,-38.156677419354835
Luxembourg,LUX,2021-03,TP,-27.95387096774194
Luxembourg,LUX,2021-03,KTR,-23.078193548387095
Luxembourg,LUX,2021-03,SAP,0.5069354838709678
Luxembourg,LUX,2021-04,RCF,-32.41903333333333
Luxembourg,LUX,2021-04,TP,-27.1143
Luxembourg,LUX,2021-04,KTR,-28.061933333333332
Luxembourg,LUX,2021-04,SAP,3.2381
Luxembourg,LUX,2021-05,RCF,-23.193548387096776
Luxembourg,LUX,2021-05,TP,-19.234935483870967
Luxembourg,LUX,2021-05,KTR,-23.875677419354837
Luxembourg,LUX,2021-05,SAP,8.986193548387098
Luxembourg,LUX,2021-06,RCF,-9.319033333333334
Luxembourg,LUX,2021-06,TP,-7.0524000000000004
Luxembourg,LUX,2021-06,KTR,-10.552366666666668
Luxembourg,LUX,2021-06,SAP,13.1572
Luxembourg,LUX,2021-07,RCF,-5.313387096774194
Luxembourg,LUX,2021-07,TP,0.05993548387096776
Luxembourg,LUX,2021-07,KTR,-14.004548387096774
Luxembourg,LUX,2021-07,SAP,13.105967741935485
Luxembourg,LUX,2021-08,RCF,-13.0
Luxembourg,LUX,2021-08,TP,-10.437870967741937
Luxembourg,LUX,2021-08,KTR,-31.202806451612904
Luxembourg,LUX,2021-08,SAP,0.9631612903225807
Luxembourg,LUX,2021-09,RCF,-3.8999666666666664
Luxembourg,LUX,2021-09,TP,2.0333666666666668
Luxembourg,LUX,2021-09,KTR,-19.471400000000003
Luxembourg,LUX,2021-09,SAP,12.114300000000002
Luxembourg,LUX,2021-10,RCF,-3.6313225806451612
Luxembourg,LUX,2021-10,TP,-3.483967741935484
Luxembourg,LUX,2021-10,KTR,-11.612870967741936
Luxembourg,LUX,2021-10,SAP,14.62216129032258
Luxembourg,LUX,2021-11,RCF,-7.842866666666667
Luxembourg,LUX,2021-11,TP,-8.909600000000001
Luxembourg,LUX,2021-11,KTR,-15.190433333333333
Luxembourg,LUX,2021-11,SAP,13.4667
Luxembourg,LUX,2021-12,RCF,-8.179709677419355
Luxembourg,LUX,2021-12,TP,-15.953870967741935
Luxembourg,LUX,2021-12,KTR,-21.119806451612906
Luxembourg,LUX,2021-12,SAP,17.69583870967742
Luxembourg,LUX,2022-01,RCF,-22.46535483870968
Luxembourg,LUX,2022-01,TP,-23.11525806451613
Luxembourg,LUX,2022-01,KTR,-22.391677419354842
Luxembourg,LUX,2022-01,SAP,5.705129032258065
Luxembourg,LUX,2022-02,RCF,-14.525535714285713
Luxembourg,LUX,2022-02,TP,-15.943785714285713
Luxembourg,LUX,2022-02,KTR,-15.877535714285715
Luxembourg,LUX,2022-02,SAP,6.857107142857143
Luxembourg,LUX,2022-03,RCF,-9.41474193548387
Luxembourg,LUX,2022-03,TP,-3.5437419354838706
Luxembourg,LUX,2022-03,KTR,-9.101451612903226
Luxembourg,LUX,2022-03,SAP,13.142806451612904
Luxembourg,LUX,2022-04,RCF,-10.8714
Luxembourg,LUX,2022-04,TP,-3.047633333333333
Luxembourg,LUX,2022-04,KTR,-16.295233333333332
Luxembourg,LUX,2022-04,SAP,12.985700000000001
Luxembourg,LUX,2022-05,RCF,-3.3179999999999996
Luxembourg,LUX,2022-05,TP,5.686612903225806
Luxembourg,LUX,2022-05,KTR,-11.285741935483872
Luxembourg,LUX,2022-05,SAP,15.364032258064515
Luxembourg,LUX,2022-06,RCF,-1.8570333333333333
Luxembourg,LUX,2022-06,TP,12.385700000000002
Luxembourg,LUX,2022-06,KTR,-10.352533333333334
Luxembourg,LUX,2022-06,SAP,17.533433333333335
Luxembourg,LUX,2022-07,RCF,5.02145
Luxembourg,LUX,2022-07,TP,23.700049999999997
Luxembourg,LUX,2022-07,KTR,-4.8214500000000005
Luxembourg,LUX,2022-07,SAP,22.8215
Malaysia,MYS,2020-02,RCF,-4.626538461538461
Malaysia,MYS,2020-02,TP,-4.5983846153846155
Malaysia,MYS,2020-02,KTR,2.1066153846153846
Malaysia,MYS,2020-02,SAP,-4.3147692307692305
Malaysia,MYS,2020-03,RCF,-28.668225806451613
Malaysia,MYS,2020-03,TP,-28.05074193548387
Malaysia,MYS,2020-03,KTR,-21.230387096774194
Malaysia,MYS,2020-03,SAP,-13.15216129032258
Malaysia,MYS,2020-04,RCF,-78.18086666666666
Malaysia,MYS,2020-04,TP,-79.85233333333333
Malaysia,MYS,2020-04,KTR,-59.51423333333333
Malaysia,MYS,2020-04,SAP,-47.03803333333334
Malaysia,MYS,2020-05,RCF,-61.58532258064516
Malaysia,MYS,2020-05,TP,-60.488451612903226
Malaysia,MYS,2020-05,KTR,-41.235064516129036
Malaysia,MYS,2020-05,SAP,-19.119774193548388
Malaysia,MYS,2020-06,RCF,-36.72853333333333
Malaysia,MYS,2020-06,TP,-36.728566666666666
Malaysia,MYS,2020-06,KTR,-22.5237
Malaysia,MYS,2020-06,SAP,-6.0238
Malaysia,MYS,2020-07,RCF,-22.470032258064517
Malaysia,MYS,2020-07,TP,-24.681967741935484
Malaysia,MYS,2020-07,KTR,-15.737225806451612
Malaysia,MYS,2020-07,SAP,-0.5990000000000001
Malaysia,MYS,2020-08,RCF,-19.00925806451613
Malaysia,MYS,2020-08,TP,-24.97241935483871
Malaysia,MYS,2020-08,KTR,-18.594451612903224
Malaysia,MYS,2020-08,SAP,1.170483870967742
Malaysia,MYS,2020-09,RCF,-17.638166666666667
Malaysia,MYS,2020-09,TP,-24.723766666666666
Malaysia,MYS,2020-09,KTR,-15.690633333333333
Malaysia,MYS,2020-09,SAP,-0.1238
Malaysia,MYS,2020-10,RCF,-29.368709677419353
Malaysia,MYS,2020-10,TP,-42.147451612903225
Malaysia,MYS,2020-10,KTR,-18.101387096774193
Malaysia,MYS,2020-10,SAP,-4.953935483870968
Malaysia,MYS,2020-11,RCF,-34.552400000000006
Malaysia,MYS,2020-11,TP,-54.2477
Malaysia,MYS,2020-11,KTR,-23.95713333333333
Malaysia,MYS,2020-11,SAP,-9.261833333333334
Malaysia,MYS,2020-12,RCF,-25.78806451612903
Malaysia,MYS,2020-12,TP,-41.304096774193546
Malaysia,MYS,2020-12,KTR,-22.99083870967742
Malaysia,MYS,2020-12,SAP,-3.516161290322581
Malaysia,MYS,2021-01,RCF,-37.76490322580645
Malaysia,MYS,2021-01,TP,-49.695903225806454
Malaysia,MYS,2021-01,KTR,-29.12906451612903
Malaysia,MYS,2021-01,SAP,-8.705096774193548
Malaysia,MYS,2021-02,RCF,-42.99492857142857
Malaysia,MYS,2021-02,TP,-60.61228571428571
Malaysia,MYS,2021-02,KTR,-32.05614285714286
Malaysia,MYS,2021-02,SAP,-9.68367857142857
Malaysia,MYS,2021-03,RCF,-22.801870967741934
Malaysia,MYS,2021-03,TP,-46.03229032258064
Malaysia,MYS,2021-03,KTR,-18.56683870967742
Malaysia,MYS,2021-03,SAP,3.4561290322580644
Malaysia,MYS,2021-04,RCF,-23.033333333333335
Malaysia,MYS,2021-04,TP,-44.41903333333333
Malaysia,MYS,2021-04,KTR,-16.223866666666666
Malaysia,MYS,2021-04,SAP,7.552433333333334
Malaysia,MYS,2021-05,RCF,-37.27645161290322
Malaysia,MYS,2021-05,TP,-55.949290322580644
Malaysia,MYS,2021-05,KTR,-28.898612903225807
Malaysia,MYS,2021-05,SAP,5.414806451612903
Malaysia,MYS,2021-06,RCF,-57.29996666666667
Malaysia,MYS,2021-06,TP,-69.9428
Malaysia,MYS,2021-06,KTR,-43.56673333333333
Malaysia,MYS,2021-06,SAP,-13.257100000000001
Malaysia,MYS,2021-07,RCF,-53.82029032258065
Malaysia,MYS,2021-07,TP,-66.35025806451614
Malaysia,MYS,2021-07,KTR,-41.73729032258065
Malaysia,MYS,2021-07,SAP,-7.907903225806452
Malaysia,MYS,2021-08,RCF,-47.340999999999994
Malaysia,MYS,2021-08,TP,-62.806516129032254
Malaysia,MYS,2021-08,KTR,-36.64522580645161
Malaysia,MYS,2021-08,SAP,-3.2211612903225806
Malaysia,MYS,2021-09,RCF,-38.0905
Malaysia,MYS,2021-09,TP,-55.0095
Malaysia,MYS,2021-09,KTR,-31.147566666666666
Malaysia,MYS,2021-09,SAP,4.204766666666667
Malaysia,MYS,2021-10,RCF,-22.649838709677418
Malaysia,MYS,2021-10,TP,-39.38709677419355
Malaysia,MYS,2021-10,KTR,-22.903129032258065
Malaysia,MYS,2021-10,SAP,12.258032258064517
Malaysia,MYS,2021-11,RCF,-14.242933333333333
Malaysia,MYS,2021-11,TP,-26.980900000000002
Malaysia,MYS,2021-11,KTR,-18.733366666666665
Malaysia,MYS,2021-11,SAP,15.862
Malaysia,MYS,2021-12,RCF,-8.562225806451613
Malaysia,MYS,2021-12,TP,-22.00925806451613
Malaysia,MYS,2021-12,KTR,-16.70974193548387
Malaysia,MYS,2021-12,SAP,18.580548387096773
Malaysia,MYS,2022-01,RCF,-7.4193225806451615
Malaysia,MYS,2022-01,TP,-25.668225806451613
Malaysia,MYS,2022-01,KTR,-9.598903225806453
Malaysia,MYS,2022-01,SAP,20.069129032258065
Malaysia,MYS,2022-02,RCF,-10.734714285714286
Malaysia,MYS,2022-02,TP,-28.209107142857142
Malaysia,MYS,2022-02,KTR,-16.209142857142858
Malaysia,MYS,2022-02,SAP,15.877535714285715
Malaysia,MYS,2022-03,RCF,-12.764967741935484
Malaysia,MYS,2022-03,TP,-30.069129032258065
Malaysia,MYS,2022-03,KTR,-10.470032258064517
Malaysia,MYS,2022-03,SAP,16.746612903225806
Malaysia,MYS,2022-04,RCF,-10.509500000000001
Malaysia,MYS,2022-04,TP,-29.728566666666666
Malaysia,MYS,2022-04,KTR,-3.3238333333333334
Malaysia,MYS,2022-04,SAP,23.661833333333334
Malaysia,MYS,2022-05,RCF,0.9216774193548388
Malaysia,MYS,2022-05,TP,-5.290290322580645
Malaysia,MYS,2022-05,KTR,-14.35025806451613
Malaysia,MYS,2022-05,SAP,27.77409677419355
Malaysia,MYS,2022-06,RCF,-0.5094333333333333
Malaysia,MYS,2022-06,TP,-8.095266666666667
Malaysia,MYS,2022-06,KTR,-4.333333333333333
Malaysia,MYS,2022-06,SAP,20.333266666666667
Malaysia,MYS,2022-07,RCF,-1.69285
Malaysia,MYS,2022-07,TP,-7.978700000000001
Malaysia,MYS,2022-07,KTR,-6.24275
Malaysia,MYS,2022-07,SAP,21.014400000000002
Mali,MLI,2020-02,RCF,1.8522307692307693
Mali,MLI,2020-02,TP,0.7022307692307692
Mali,MLI,2020-02,KTR,4.323076923076924
Mali,MLI,2020-02,SAP,-1.863923076923077
Mali,MLI,2020-03,RCF,-1.9723870967741932
Mali,MLI,2020-03,TP,-9.585193548387098
Mali,MLI,2020-03,KTR,2.433193548387097
Mali,MLI,2020-03,SAP,-3.3363225806451613
Mali,MLI,2020-04,RCF,-19.966633333333334
Mali,MLI,2020-04,TP,-34.2238
Mali,MLI,2020-04,KTR,-9.757133333333334
Mali,MLI,2020-04,SAP,-15.7476
Mali,MLI,2020-05,RCF,-15.86174193548387
Mali,MLI,2020-05,TP,-35.98151612903226
Mali,MLI,2020-05,KTR,-8.368612903225808
Mali,MLI,2020-05,SAP,-12.797225806451612
Mali,MLI,2020-06,RCF,-2.619066666666667
Mali,MLI,2020-06,TP,-31.576166666666666
Mali,MLI,2020-06,KTR,0.5428999999999999
Mali,MLI,2020-06,SAP,-4.052466666666667
Mali,MLI,2020-07,RCF,-0.8063870967741936
Mali,MLI,2020-07,TP,-28.184354838709677
Mali,MLI,2020-07,KTR,-2.6359354838709677
Mali,MLI,2020-07,SAP,-2.4654838709677422
Mali,MLI,2020-08,RCF,-4.061193548387097
Mali,MLI,2020-08,TP,-30.139249999999997
Mali,MLI,2020-08,KTR,-12.239612903225806
Mali,MLI,2020-08,SAP,-7.12441935483871
Mali,MLI,2020-09,RCF,3.0679333333333334
Mali,MLI,2020-09,TP,-22.808611111111112
Mali,MLI,2020-09,KTR,-7.047533333333334
Mali,MLI,2020-09,SAP,-6.823733333333333
Mali,MLI,2020-10,RCF,-4.470064516129033
Mali,MLI,2020-10,TP,-21.718967741935483
Mali,MLI,2020-10,KTR,-11.557548387096775
Mali,MLI,2020-10,SAP,1.889483870967742
Mali,MLI,2020-11,RCF,-4.8238
Mali,MLI,2020-11,TP,-12.733233333333335
Mali,MLI,2020-11,KTR,-9.061900000000001
Mali,MLI,2020-11,SAP,2.2667333333333333
Mali,MLI,2020-12,RCF,-1.5160967741935485
Mali,MLI,2020-12,TP,-2.0460645161290323
Mali,MLI,2020-12,KTR,-10.760483870967741
Mali,MLI,2020-12,SAP,9.857096774193549
Mali,MLI,2021-01,RCF,1.359451612903226
Mali,MLI,2021-01,TP,-5.345612903225806
Mali,MLI,2021-01,KTR,-11.175161290322581
Mali,MLI,2021-01,SAP,12.276516129032258
Mali,MLI,2021-02,RCF,2.275464285714286
Mali,MLI,2021-02,TP,-9.153142857142857
Mali,MLI,2021-02,KTR,-13.637714285714285
Mali,MLI,2021-02,SAP,11.612285714285715
Mali,MLI,2021-03,RCF,7.212032258064516
Mali,MLI,2021-03,TP,-4.313354838709677
Mali,MLI,2021-03,KTR,-12.295
Mali,MLI,2021-03,SAP,17.82032258064516
Mali,MLI,2021-04,RCF,4.557166666666666
Mali,MLI,2021-04,TP,-1.2904333333333333
Mali,MLI,2021-04,KTR,-10.261966666666666
Mali,MLI,2021-04,SAP,27.480866666666667
Mali,MLI,2021-05,RCF,12.281064516129033
Mali,MLI,2021-05,TP,-2.1796774193548383
Mali,MLI,2021-05,KTR,-12.073709677419355
Mali,MLI,2021-05,SAP,41.02303225806451
Mali,MLI,2021-06,RCF,29.9761
Mali,MLI,2021-06,TP,20.4572
Mali,MLI,2021-06,KTR,0.5761333333333333
Mali,MLI,2021-06,SAP,57.14753333333333
Mali,MLI,2021-07,RCF,32.645161290322584
Mali,MLI,2021-07,TP,40.6451935483871
Mali,MLI,2021-07,KTR,-8.81109677419355
Mali,MLI,2021-07,SAP,61.285806451612906
Mali,MLI,2021-08,RCF,28.147516129032258
Mali,MLI,2021-08,TP,33.17045161290323
Mali,MLI,2021-08,KTR,-4.5438064516129035
Mali,MLI,2021-08,SAP,60.04151612903226
Mali,MLI,2021-09,RCF,33.252433333333336
Mali,MLI,2021-09,TP,42.7047
Mali,MLI,2021-09,KTR,-2.2428000000000003
Mali,MLI,2021-09,SAP,64.46663333333333
Mali,MLI,2021-10,RCF,37.907806451612906
Mali,MLI,2021-10,TP,49.42393548387097
Mali,MLI,2021-10,KTR,0.4101290322580645
Mali,MLI,2021-10,SAP,65.871
Mali,MLI,2021-11,RCF,42.4809
Mali,MLI,2021-11,TP,51.98093333333333
Mali,MLI,2021-11,KTR,5.8239
Mali,MLI,2021-11,SAP,68.68090000000001
Mali,MLI,2021-12,RCF,43.115258064516134
Mali,MLI,2021-12,TP,52.00916129032258
Mali,MLI,2021-12,KTR,16.741999999999997
Mali,MLI,2021-12,SAP,68.64054838709677
Mali,MLI,2022-01,RCF,40.63596774193548
Mali,MLI,2022-01,TP,47.520806451612906
Mali,MLI,2022-01,KTR,24.14283870967742
Mali,MLI,2022-01,SAP,68.47470967741936
Mali,MLI,2022-02,RCF,46.48975
Mali,MLI,2022-02,TP,54.52553571428571
Mali,MLI,2022-02,KTR,40.3265
Mali,MLI,2022-02,SAP,72.19389285714286
Mali,MLI,2022-03,RCF,74.235
Mali,MLI,2022-03,TP,84.97693548387096
Mali,MLI,2022-03,KTR,63.5391935483871
Mali,MLI,2022-03,SAP,90.29029032258065
Mali,MLI,2022-04,RCF,61.2714
Mali,MLI,2022-04,TP,81.88096666666667
Mali,MLI,2022-04,KTR,65.74283333333334
Mali,MLI,2022-04,SAP,79.35713333333334
Mali,MLI,2022-05,RCF,72.4332258064516
Mali,MLI,2022-05,TP,85.05067741935484
Mali,MLI,2022-05,KTR,54.12435483870968
Mali,MLI,2022-05,SAP,79.44703225806452
Mali,MLI,2022-06,RCF,76.64283333333333
Mali,MLI,2022-06,TP,85.49046666666666
Mali,MLI,2022-06,KTR,63.8285
Mali,MLI,2022-06,SAP,81.17139999999999
Mali,MLI,2022-07,RCF,72.7285
Mali,MLI,2022-07,TP,79.60005
Mali,MLI,2022-07,KTR,38.914249999999996
Mali,MLI,2022-07,SAP,84.99289999999999
Malta,MLT,2020-02,RCF,8.191
Malta,MLT,2020-02,TP,7.984461538461539
Malta,MLT,2020-02,KTR,0.7291538461538463
Malta,MLT,2020-02,SAP,7.170076923076923
Malta,MLT,2020-03,RCF,-29.359483870967743
Malta,MLT,2020-03,TP,-23.396322580645162
Malta,MLT,2020-03,KTR,-22.119774193548388
Malta,MLT,2020-03,SAP,-3.8110000000000004
Malta,MLT,2020-04,RCF,-65.63326666666667
Malta,MLT,2020-04,TP,-50.7476
Malta,MLT,2020-04,KTR,-54.499966666666666
Malta,MLT,2020-04,SAP,-28.061899999999998
Malta,MLT,2020-05,RCF,-47.99077419354838
Malta,MLT,2020-05,TP,-34.69587096774194
Malta,MLT,2020-05,KTR,-41.70051612903225
Malta,MLT,2020-05,SAP,-15.617483870967742
Malta,MLT,2020-06,RCF,-21.719
Malta,MLT,2020-06,TP,-23.442766666666667
Malta,MLT,2020-06,KTR,-24.176166666666667
Malta,MLT,2020-06,SAP,-8.109633333333333
Malta,MLT,2020-07,RCF,-5.1935806451612905
Malta,MLT,2020-07,TP,-11.35483870967742
Malta,MLT,2020-07,KTR,-19.151967741935483
Malta,MLT,2020-07,SAP,-4.119903225806452
Malta,MLT,2020-08,RCF,-3.7328387096774196
Malta,MLT,2020-08,TP,-9.57141935483871
Malta,MLT,2020-08,KTR,-23.649645161290323
Malta,MLT,2020-08,SAP,-3.765
Malta,MLT,2020-09,RCF,-6.828633333333333
Malta,MLT,2020-09,TP,-13.619066666666667
Malta,MLT,2020-09,KTR,-23.03806666666667
Malta,MLT,2020-09,SAP,-8.3048
Malta,MLT,2020-10,RCF,-13.225806451612904
Malta,MLT,2020-10,TP,-11.866290322580646
Malta,MLT,2020-10,KTR,-16.483870967741936
Malta,MLT,2020-10,SAP,-4.732709677419355
Malta,MLT,2020-11,RCF,-20.4191
Malta,MLT,2020-11,TP,-20.223833333333335
Malta,MLT,2020-11,KTR,-18.4143
Malta,MLT,2020-11,SAP,-6.199933333333333
Malta,MLT,2020-12,RCF,-13.23041935483871
Malta,MLT,2020-12,TP,-20.271935483870966
Malta,MLT,2020-12,KTR,-24.129032258064516
Malta,MLT,2020-12,SAP,-2.7281612903225807
Malta,MLT,2021-01,RCF,-24.64516129032258
Malta,MLT,2021-01,TP,-24.529870967741935
Malta,MLT,2021-01,KTR,-24.63609677419355
Malta,MLT,2021-01,SAP,-12.35483870967742
Malta,MLT,2021-02,RCF,-18.801035714285714
Malta,MLT,2021-02,TP,-22.93882142857143
Malta,MLT,2021-02,KTR,-19.729678571428572
Malta,MLT,2021-02,SAP,-4.948964285714285
Malta,MLT,2021-03,RCF,-36.22122580645161
Malta,MLT,2021-03,TP,-27.612903225806452
Malta,MLT,2021-03,KTR,-27.19358064516129
Malta,MLT,2021-03,SAP,-0.9907741935483871
Malta,MLT,2021-04,RCF,-36.600033333333336
Malta,MLT,2021-04,TP,-22.999866666666666
Malta,MLT,2021-04,KTR,-26.781
Malta,MLT,2021-04,SAP,3.157166666666667
Malta,MLT,2021-05,RCF,-11.889451612903224
Malta,MLT,2021-05,TP,-9.129096774193549
Malta,MLT,2021-05,KTR,-12.907870967741935
Malta,MLT,2021-05,SAP,13.557580645161291
Malta,MLT,2021-06,RCF,8.5572
Malta,MLT,2021-06,TP,2.7429333333333332
Malta,MLT,2021-06,KTR,-11.109399999999999
Malta,MLT,2021-06,SAP,16.76196666666667
Malta,MLT,2021-07,RCF,17.976967741935486
Malta,MLT,2021-07,TP,9.903225806451612
Malta,MLT,2021-07,KTR,-11.548419354838709
Malta,MLT,2021-07,SAP,19.12906451612903
Malta,MLT,2021-08,RCF,20.00916129032258
Malta,MLT,2021-08,TP,12.055290322580644
Malta,MLT,2021-08,KTR,-11.732709677419354
Malta,MLT,2021-08,SAP,19.84790322580645
Malta,MLT,2021-09,RCF,23.980900000000002
Malta,MLT,2021-09,TP,14.990533333333333
Malta,MLT,2021-09,KTR,-11.262066666666666
Malta,MLT,2021-09,SAP,21.0714
Malta,MLT,2021-10,RCF,15.746580645161291
Malta,MLT,2021-10,TP,7.23958064516129
Malta,MLT,2021-10,KTR,-5.152096774193549
Malta,MLT,2021-10,SAP,21.11058064516129
Malta,MLT,2021-11,RCF,14.547633333333334
Malta,MLT,2021-11,TP,2.6619
Malta,MLT,2021-11,KTR,-5.185666666666666
Malta,MLT,2021-11,SAP,20.257166666666667
Malta,MLT,2021-12,RCF,12.018387096774193
Malta,MLT,2021-12,TP,-8.497741935483871
Malta,MLT,2021-12,KTR,-16.92167741935484
Malta,MLT,2021-12,SAP,21.82025806451613
Malta,MLT,2022-01,RCF,-6.4561935483870965
Malta,MLT,2022-01,TP,-17.06916129032258
Malta,MLT,2022-01,KTR,-17.84793548387097
Malta,MLT,2022-01,SAP,12.631354838709678
Malta,MLT,2022-02,RCF,6.591892857142858
Malta,MLT,2022-02,TP,-7.744857142857143
Malta,MLT,2022-02,KTR,-5.39275
Malta,MLT,2022-02,SAP,20.67342857142857
Malta,MLT,2022-03,RCF,2.8894193548387097
Malta,MLT,2022-03,TP,-3.9446451612903224
Malta,MLT,2022-03,KTR,-3.6176451612903224
Malta,MLT,2022-03,SAP,16.576096774193548
Malta,MLT,2022-04,RCF,9.942833333333335
Malta,MLT,2022-04,TP,9.1523
Malta,MLT,2022-04,KTR,-9.6428
Malta,MLT,2022-04,SAP,14.4904
Malta,MLT,2022-05,RCF,18.917
Malta,MLT,2022-05,TP,17.875548387096774
Malta,MLT,2022-05,KTR,2.391645161290323
Malta,MLT,2022-05,SAP,19.84790322580645
Malta,MLT,2022-06,RCF,22.6001
Malta,MLT,2022-06,TP,22.423833333333334
Malta,MLT,2022-06,KTR,-1.1476000000000002
Malta,MLT,2022-06,SAP,23.033366666666666
Malta,MLT,2022-07,RCF,20.82855
Malta,MLT,2022-07,TP,24.57145
Malta,MLT,2022-07,KTR,-5.5571
Malta,MLT,2022-07,SAP,22.57155
Mauritius,MUS,2020-02,RCF,-3.5862307692307693
Mauritius,MUS,2020-02,TP,-3.894615384615385
Mauritius,MUS,2020-02,KTR,0.35653846153846164
Mauritius,MUS,2020-02,SAP,-4.655384615384615
Mauritius,MUS,2020-03,RCF,-26.428580645161293
Mauritius,MUS,2020-03,TP,-32.811032258064515
Mauritius,MUS,2020-03,KTR,-22.03232258064516
Mauritius,MUS,2020-03,SAP,-21.871032258064513
Mauritius,MUS,2020-04,RCF,-83.6572
Mauritius,MUS,2020-04,TP,-87.64763333333333
Mauritius,MUS,2020-04,KTR,-77.4381
Mauritius,MUS,2020-04,SAP,-69.17620000000001
Mauritius,MUS,2020-05,RCF,-70.35025806451614
Mauritius,MUS,2020-05,TP,-76.31793548387095
Mauritius,MUS,2020-05,KTR,-57.285645161290326
Mauritius,MUS,2020-05,SAP,-57.82022580645161
Mauritius,MUS,2020-06,RCF,-22.119033333333334
Mauritius,MUS,2020-06,TP,-38.24276666666666
Mauritius,MUS,2020-06,KTR,-14.819099999999999
Mauritius,MUS,2020-06,SAP,-15.2857
Mauritius,MUS,2020-07,RCF,-11.894
Mauritius,MUS,2020-07,TP,-24.175129032258063
Mauritius,MUS,2020-07,KTR,-7.33641935483871
Mauritius,MUS,2020-07,SAP,-4.88016129032258
Mauritius,MUS,2020-08,RCF,-9.78341935483871
Mauritius,MUS,2020-08,TP,-22.216548387096772
Mauritius,MUS,2020-08,KTR,-6.400870967741935
Mauritius,MUS,2020-08,SAP,-3.193483870967742
Mauritius,MUS,2020-09,RCF,-7.047633333333334
Mauritius,MUS,2020-09,TP,-22.528466666666667
Mauritius,MUS,2020-09,KTR,-2.6094333333333335
Mauritius,MUS,2020-09,SAP,-6.799933333333333
Mauritius,MUS,2020-10,RCF,-9.382451612903226
Mauritius,MUS,2020-10,TP,-18.30416129032258
Mauritius,MUS,2020-10,KTR,-5.336387096774193
Mauritius,MUS,2020-10,SAP,-5.5161612903225805
Mauritius,MUS,2020-11,RCF,-6.6238
Mauritius,MUS,2020-11,TP,-19.961866666666666
Mauritius,MUS,2020-11,KTR,-7.252366666666666
Mauritius,MUS,2020-11,SAP,-4.8762
Mauritius,MUS,2020-12,RCF,7.377806451612903
Mauritius,MUS,2020-12,TP,-16.474612903225808
Mauritius,MUS,2020-12,KTR,-13.829483870967742
Mauritius,MUS,2020-12,SAP,7.977
Mauritius,MUS,2021-01,RCF,-11.91716129032258
Mauritius,MUS,2021-01,TP,-24.087516129032256
Mauritius,MUS,2021-01,KTR,-17.53458064516129
Mauritius,MUS,2021-01,SAP,-6.345645161290323
Mauritius,MUS,2021-02,RCF,-11.040857142857144
Mauritius,MUS,2021-02,TP,-28.316357142857147
Mauritius,MUS,2021-02,KTR,-13.954142857142857
Mauritius,MUS,2021-02,SAP,-6.209178571428572
Mauritius,MUS,2021-03,RCF,-49.89406451612903
Mauritius,MUS,2021-03,TP,-61.70051612903225
Mauritius,MUS,2021-03,KTR,-50.290419354838704
Mauritius,MUS,2021-03,SAP,-34.94016129032258
Mauritius,MUS,2021-04,RCF,-57.085699999999996
Mauritius,MUS,2021-04,TP,-71.47143333333334
Mauritius,MUS,2021-04,KTR,-54.27623333333334
Mauritius,MUS,2021-04,SAP,-44.43326666666667
Mauritius,MUS,2021-05,RCF,-20.386999999999997
Mauritius,MUS,2021-05,TP,-42.1151935483871
Mauritius,MUS,2021-05,KTR,-29.916935483870965
Mauritius,MUS,2021-05,SAP,-7.3225483870967745
Mauritius,MUS,2021-06,RCF,-11.881066666666667
Mauritius,MUS,2021-06,TP,-34.51903333333333
Mauritius,MUS,2021-06,KTR,-14.2048
Mauritius,MUS,2021-06,SAP,-0.7619333333333334
Mauritius,MUS,2021-07,RCF,-2.8617096774193547
Mauritius,MUS,2021-07,TP,-26.635967741935485
Mauritius,MUS,2021-07,KTR,-9.198129032258064
Mauritius,MUS,2021-07,SAP,2.073709677419355
Mauritius,MUS,2021-08,RCF,5.027645161290322
Mauritius,MUS,2021-08,TP,-21.479258064516127
Mauritius,MUS,2021-08,KTR,-1.995322580645161
Mauritius,MUS,2021-08,SAP,6.944677419354838
Mauritius,MUS,2021-09,RCF,5.880966666666667
Mauritius,MUS,2021-09,TP,-23.8856
Mauritius,MUS,2021-09,KTR,-3.4904333333333333
Mauritius,MUS,2021-09,SAP,11.219066666666667
Mauritius,MUS,2021-10,RCF,13.43774193548387
Mauritius,MUS,2021-10,TP,-13.746548387096775
Mauritius,MUS,2021-10,KTR,6.723483870967742
Mauritius,MUS,2021-10,SAP,16.93551612903226
Mauritius,MUS,2021-11,RCF,9.1191
Mauritius,MUS,2021-11,TP,-22.2381
Mauritius,MUS,2021-11,KTR,-8.9239
Mauritius,MUS,2021-11,SAP,16.6571
Mauritius,MUS,2021-12,RCF,24.133612903225806
Mauritius,MUS,2021-12,TP,-19.096741935483873
Mauritius,MUS,2021-12,KTR,-1.4193870967741935
Mauritius,MUS,2021-12,SAP,26.493096774193546
Mauritius,MUS,2022-01,RCF,9.364032258064517
Mauritius,MUS,2022-01,TP,-27.368709677419353
Mauritius,MUS,2022-01,KTR,-6.529903225806452
Mauritius,MUS,2022-01,SAP,16.092193548387097
Mauritius,MUS,2022-02,RCF,0.9796785714285713
Mauritius,MUS,2022-02,TP,-28.79585714285714
Mauritius,MUS,2022-02,KTR,-3.95925
Mauritius,MUS,2022-02,SAP,10.081571428571428
Mauritius,MUS,2022-03,RCF,11.447032258064516
Mauritius,MUS,2022-03,TP,-20.340967741935486
Mauritius,MUS,2022-03,KTR,14.949258064516128
Mauritius,MUS,2022-03,SAP,18.930935483870968
Mauritius,MUS,2022-04,RCF,14.023766666666667
Mauritius,MUS,2022-04,TP,-18.652466666666665
Mauritius,MUS,2022-04,KTR,17.15713333333333
Mauritius,MUS,2022-04,SAP,20.333399999999997
Mauritius,MUS,2022-05,RCF,25.423903225806452
Mauritius,MUS,2022-05,TP,-10.686677419354838
Mauritius,MUS,2022-05,KTR,23.087580645161292
Mauritius,MUS,2022-05,SAP,26.368645161290324
Mauritius,MUS,2022-06,RCF,20.804733333333335
Mauritius,MUS,2022-06,TP,-10.485666666666667
Mauritius,MUS,2022-06,KTR,27.490599999999997
Mauritius,MUS,2022-06,SAP,24.95716666666667
Mauritius,MUS,2022-07,RCF,24.1571
Mauritius,MUS,2022-07,TP,-9.9
Mauritius,MUS,2022-07,KTR,24.9643
Mauritius,MUS,2022-07,SAP,29.299950000000003
Mexico,MEX,2020-02,RCF,1.1730769230769231
Mexico,MEX,2020-02,TP,3.9293846153846155
Mexico,MEX,2020-02,KTR,6.636923076923077
Mexico,MEX,2020-02,SAP,1.1826153846153846
Mexico,MEX,2020-03,RCF,-11.225806451612904
Mexico,MEX,2020-03,TP,-12.603612903225805
Mexico,MEX,2020-03,KTR,-6.497645161290323
Mexico,MEX,2020-03,SAP,-1.3089032258064517
Mexico,MEX,2020-04,RCF,-54.97616666666667
Mexico,MEX,2020-04,TP,-56.1523
Mexico,MEX,2020-04,KTR,-43.90473333333333
Mexico,MEX,2020-04,SAP,-20.4476
Mexico,MEX,2020-05,RCF,-55.732741935483865
Mexico,MEX,2020-05,TP,-58.32706451612903
Mexico,MEX,2020-05,KTR,-40.39174193548387
Mexico,MEX,2020-05,SAP,-21.221193548387095
Mexico,MEX,2020-06,RCF,-48.40006666666667
Mexico,MEX,2020-06,TP,-51.3238
Mexico,MEX,2020-06,KTR,-30.023766666666667
Mexico,MEX,2020-06,SAP,-14.719066666666667
Mexico,MEX,2020-07,RCF,-40.709645161290325
Mexico,MEX,2020-07,TP,-45.290290322580645
Mexico,MEX,2020-07,KTR,-28.571483870967743
Mexico,MEX,2020-07,SAP,-11.51609677419355
Mexico,MEX,2020-08,RCF,-33.06903225806452
Mexico,MEX,2020-08,TP,-40.663548387096775
Mexico,MEX,2020-08,KTR,-26.870903225806455
Mexico,MEX,2020-08,SAP,-10.161225806451613
Mexico,MEX,2020-09,RCF,-31.6286
Mexico,MEX,2020-09,TP,-39.100033333333336
Mexico,MEX,2020-09,KTR,-25.5
Mexico,MEX,2020-09,SAP,-9.957166666666666
Mexico,MEX,2020-10,RCF,-31.368645161290324
Mexico,MEX,2020-10,TP,-33.61745161290323
Mexico,MEX,2020-10,KTR,-21.843290322580646
Mexico,MEX,2020-10,SAP,-7.340967741935484
Mexico,MEX,2020-11,RCF,-28.3857
Mexico,MEX,2020-11,TP,-32.6713
Mexico,MEX,2020-11,KTR,-21.433433333333333
Mexico,MEX,2020-11,SAP,-4.866633333333334
Mexico,MEX,2020-12,RCF,-24.046064516129032
Mexico,MEX,2020-12,TP,-29.373290322580644
Mexico,MEX,2020-12,KTR,-20.801903225806452
Mexico,MEX,2020-12,SAP,2.958516129032258
Mexico,MEX,2021-01,RCF,-36.22109677419355
Mexico,MEX,2021-01,TP,-40.97238709677419
Mexico,MEX,2021-01,KTR,-27.465451612903227
Mexico,MEX,2021-01,SAP,-7.447
Mexico,MEX,2021-02,RCF,-32.642857142857146
Mexico,MEX,2021-02,TP,-38.27039285714285
Mexico,MEX,2021-02,KTR,-23.58157142857143
Mexico,MEX,2021-02,SAP,-5.831642857142858
Mexico,MEX,2021-03,RCF,-24.714322580645163
Mexico,MEX,2021-03,TP,-29.17051612903226
Mexico,MEX,2021-03,KTR,-18.53451612903226
Mexico,MEX,2021-03,SAP,2.8110645161290324
Mexico,MEX,2021-04,RCF,-20.719
Mexico,MEX,2021-04,TP,-25.266666666666666
Mexico,MEX,2021-04,KTR,-17.433333333333334
Mexico,MEX,2021-04,SAP,8.2333
Mexico,MEX,2021-05,RCF,-12.184354838709677
Mexico,MEX,2021-05,TP,-16.405483870967743
Mexico,MEX,2021-05,KTR,-10.271870967741936
Mexico,MEX,2021-05,SAP,17.359451612903225
Mexico,MEX,2021-06,RCF,-7.9619
Mexico,MEX,2021-06,TP,-11.576166666666667
Mexico,MEX,2021-06,KTR,-6.2238
Mexico,MEX,2021-06,SAP,20.642833333333332
Mexico,MEX,2021-07,RCF,-5.774258064516129
Mexico,MEX,2021-07,TP,-9.631322580645163
Mexico,MEX,2021-07,KTR,-7.2903548387096775
Mexico,MEX,2021-07,SAP,23.046096774193547
Mexico,MEX,2021-08,RCF,-7.659064516129033
Mexico,MEX,2021-08,TP,-11.769677419354839
Mexico,MEX,2021-08,KTR,-7.465419354838709
Mexico,MEX,2021-08,SAP,22.68206451612903
Mexico,MEX,2021-09,RCF,-6.4189333333333325
Mexico,MEX,2021-09,TP,-10.485766666666667
Mexico,MEX,2021-09,KTR,-6.147666666666667
Mexico,MEX,2021-09,SAP,23.34763333333333
Mexico,MEX,2021-10,RCF,-1.202774193548387
Mexico,MEX,2021-10,TP,-3.3271612903225805
Mexico,MEX,2021-10,KTR,-0.43774193548387097
Mexico,MEX,2021-10,SAP,27.520709677419358
Mexico,MEX,2021-11,RCF,5.438133333333334
Mexico,MEX,2021-11,TP,3.2524
Mexico,MEX,2021-11,KTR,-0.10006666666666662
Mexico,MEX,2021-11,SAP,33.19043333333333
Mexico,MEX,2021-12,RCF,15.290322580645162
Mexico,MEX,2021-12,TP,10.824870967741937
Mexico,MEX,2021-12,KTR,1.7327419354838711
Mexico,MEX,2021-12,SAP,42.35945161290323
Mexico,MEX,2022-01,RCF,0.013806451612903246
Mexico,MEX,2022-01,TP,-6.25341935483871
Mexico,MEX,2022-01,KTR,-3.009258064516129
Mexico,MEX,2022-01,SAP,33.027580645161294
Mexico,MEX,2022-02,RCF,5.959178571428572
Mexico,MEX,2022-02,TP,0.7906785714285716
Mexico,MEX,2022-02,KTR,8.525464285714285
Mexico,MEX,2022-02,SAP,35.0
Mexico,MEX,2022-03,RCF,6.497677419354838
Mexico,MEX,2022-03,TP,4.889387096774193
Mexico,MEX,2022-03,KTR,16.562258064516126
Mexico,MEX,2022-03,SAP,35.437774193548385
Mexico,MEX,2022-04,RCF,7.109566666666667
Mexico,MEX,2022-04,TP,4.957066666666666
Mexico,MEX,2022-04,KTR,10.923766666666666
Mexico,MEX,2022-04,SAP,35.966699999999996
Mexico,MEX,2022-05,RCF,11.322516129032257
Mexico,MEX,2022-05,TP,9.921516129032259
Mexico,MEX,2022-05,KTR,22.10606451612903
Mexico,MEX,2022-05,SAP,40.806451612903224
Mexico,MEX,2022-06,RCF,9.742899999999999
Mexico,MEX,2022-06,TP,7.819066666666667
Mexico,MEX,2022-06,KTR,22.0238
Mexico,MEX,2022-06,SAP,40.4333
Mexico,MEX,2022-07,RCF,10.8714
Mexico,MEX,2022-07,TP,5.1714
Mexico,MEX,2022-07,KTR,16.0715
Mexico,MEX,2022-07,SAP,41.0356
Moldova,MDA,2020-02,RCF,1.869923076923077
Moldova,MDA,2020-02,TP,0.389
Moldova,MDA,2020-02,KTR,3.560923076923077
Moldova,MDA,2020-02,SAP,1.5472307692307692
Moldova,MDA,2020-03,RCF,-25.087580645161292
Moldova,MDA,2020-03,TP,-25.313387096774196
Moldova,MDA,2020-03,KTR,-21.285677419354837
Moldova,MDA,2020-03,SAP,-12.645129032258065
Moldova,MDA,2020-04,RCF,-58.91426666666666
Moldova,MDA,2020-04,TP,-62.3238
Moldova,MDA,2020-04,KTR,-51.857033333333334
Moldova,MDA,2020-04,SAP,-38.85713333333333
Moldova,MDA,2020-05,RCF,-33.52532258064517
Moldova,MDA,2020-05,TP,-42.37319354838709
Moldova,MDA,2020-05,KTR,-32.714290322580645
Moldova,MDA,2020-05,SAP,-19.72358064516129
Moldova,MDA,2020-06,RCF,-16.3429
Moldova,MDA,2020-06,TP,-25.1286
Moldova,MDA,2020-06,KTR,-19.4476
Moldova,MDA,2020-06,SAP,-6.7904
Moldova,MDA,2020-07,RCF,-6.525290322580645
Moldova,MDA,2020-07,TP,-18.612903225806452
Moldova,MDA,2020-07,KTR,-18.13383870967742
Moldova,MDA,2020-07,SAP,-1.7741612903225807
Moldova,MDA,2020-08,RCF,-1.6911935483870968
Moldova,MDA,2020-08,TP,-13.447
Moldova,MDA,2020-08,KTR,-19.382548387096776
Moldova,MDA,2020-08,SAP,1.5114193548387096
Moldova,MDA,2020-09,RCF,-4.980933333333334
Moldova,MDA,2020-09,TP,-13.471333333333332
Moldova,MDA,2020-09,KTR,-18.947633333333332
Moldova,MDA,2020-09,SAP,-0.8094333333333333
Moldova,MDA,2020-10,RCF,-14.188967741935484
Moldova,MDA,2020-10,TP,-14.19809677419355
Moldova,MDA,2020-10,KTR,-16.709774193548387
Moldova,MDA,2020-10,SAP,-2.511516129032258
Moldova,MDA,2020-11,RCF,-19.595133333333333
Moldova,MDA,2020-11,TP,-23.4524
Moldova,MDA,2020-11,KTR,-17.833399999999997
Moldova,MDA,2020-11,SAP,-6.5143
Moldova,MDA,2020-12,RCF,-21.46083870967742
Moldova,MDA,2020-12,TP,-26.91235483870968
Moldova,MDA,2020-12,KTR,-21.612774193548386
Moldova,MDA,2020-12,SAP,-4.456354838709677
Moldova,MDA,2021-01,RCF,-27.626774193548385
Moldova,MDA,2021-01,TP,-33.248838709677415
Moldova,MDA,2021-01,KTR,-32.19806451612903
Moldova,MDA,2021-01,SAP,-10.594387096774193
Moldova,MDA,2021-02,RCF,-27.28575
Moldova,MDA,2021-02,TP,-36.37753571428571
Moldova,MDA,2021-02,KTR,-21.474535714285715
Moldova,MDA,2021-02,SAP,-10.09182142857143
Moldova,MDA,2021-03,RCF,-25.810935483870967
Moldova,MDA,2021-03,TP,-33.98619354838709
Moldova,MDA,2021-03,KTR,-30.013870967741934
Moldova,MDA,2021-03,SAP,-7.069096774193548
Moldova,MDA,2021-04,RCF,-21.433366666666664
Moldova,MDA,2021-04,TP,-26.4619
Moldova,MDA,2021-04,KTR,-26.695266666666665
Moldova,MDA,2021-04,SAP,-2.2809666666666666
Moldova,MDA,2021-05,RCF,-10.046096774193547
Moldova,MDA,2021-05,TP,-15.433193548387097
Moldova,MDA,2021-05,KTR,-26.184387096774195
Moldova,MDA,2021-05,SAP,4.668129032258064
Moldova,MDA,2021-06,RCF,1.9857666666666667
Moldova,MDA,2021-06,TP,-11.195233333333332
Moldova,MDA,2021-06,KTR,-22.9142
Moldova,MDA,2021-06,SAP,9.452433333333333
Moldova,MDA,2021-07,RCF,6.119774193548387
Moldova,MDA,2021-07,TP,-8.672806451612903
Moldova,MDA,2021-07,KTR,-27.755741935483872
Moldova,MDA,2021-07,SAP,12.769612903225807
Moldova,MDA,2021-08,RCF,17.58983870967742
Moldova,MDA,2021-08,TP,6.078354838709678
Moldova,MDA,2021-08,KTR,-28.732741935483872
Moldova,MDA,2021-08,SAP,20.866419354838712
Moldova,MDA,2021-09,RCF,11.052333333333333
Moldova,MDA,2021-09,TP,-0.8714666666666667
Moldova,MDA,2021-09,KTR,-22.561966666666667
Moldova,MDA,2021-09,SAP,16.085666666666665
Moldova,MDA,2021-10,RCF,0.7419354838709677
Moldova,MDA,2021-10,TP,-11.00458064516129
Moldova,MDA,2021-10,KTR,-18.760387096774192
Moldova,MDA,2021-10,SAP,9.414741935483871
Moldova,MDA,2021-11,RCF,-2.6476333333333333
Moldova,MDA,2021-11,TP,-13.5048
Moldova,MDA,2021-11,KTR,-17.676133333333333
Moldova,MDA,2021-11,SAP,5.604733333333333
Moldova,MDA,2021-12,RCF,2.7188709677419354
Moldova,MDA,2021-12,TP,-7.871
Moldova,MDA,2021-12,KTR,-12.663580645161291
Moldova,MDA,2021-12,SAP,9.009258064516128
Moldova,MDA,2022-01,RCF,-8.51609677419355
Moldova,MDA,2022-01,TP,-15.004612903225807
Moldova,MDA,2022-01,KTR,-29.276548387096774
Moldova,MDA,2022-01,SAP,1.2994516129032259
Moldova,MDA,2022-02,RCF,-9.331642857142857
Moldova,MDA,2022-02,TP,-17.464357142857143
Moldova,MDA,2022-02,KTR,-16.38264285714286
Moldova,MDA,2022-02,SAP,1.7755714285714286
Moldova,MDA,2022-03,RCF,-9.336483870967742
Moldova,MDA,2022-03,TP,-15.916967741935483
Moldova,MDA,2022-03,KTR,-7.156741935483871
Moldova,MDA,2022-03,SAP,1.2349354838709679
Moldova,MDA,2022-04,RCF,-4.461966666666667
Moldova,MDA,2022-04,TP,-9.338
Moldova,MDA,2022-04,KTR,-7.947566666666666
Moldova,MDA,2022-04,SAP,3.8047666666666666
Moldova,MDA,2022-05,RCF,2.308806451612903
Moldova,MDA,2022-05,TP,-2.0046451612903224
Moldova,MDA,2022-05,KTR,-9.152032258064517
Moldova,MDA,2022-05,SAP,7.870967741935484
Moldova,MDA,2022-06,RCF,3.6904333333333335
Moldova,MDA,2022-06,TP,1.1905333333333334
Moldova,MDA,2022-06,KTR,-15.061833333333334
Moldova,MDA,2022-06,SAP,7.1619
Moldova,MDA,2022-07,RCF,0.9286
Moldova,MDA,2022-07,TP,-0.83565
Moldova,MDA,2022-07,KTR,-20.87135
Moldova,MDA,2022-07,SAP,5.507099999999999
Mongolia,MNG,2020-02,RCF,-15.653615384615385
Mongolia,MNG,2020-02,TP,-14.926846153846155
Mongolia,MNG,2020-02,KTR,-16.396076923076922
Mongolia,MNG,2020-02,SAP,1.1564615384615384
Mongolia,MNG,2020-03,RCF,-24.64977419354839
Mongolia,MNG,2020-03,TP,-24.018483870967742
Mongolia,MNG,2020-03,KTR,-14.129032258064516
Mongolia,MNG,2020-03,SAP,-5.718935483870968
Mongolia,MNG,2020-04,RCF,-11.019033333333335
Mongolia,MNG,2020-04,TP,-9.552366666666668
Mongolia,MNG,2020-04,KTR,-2.3762
Mongolia,MNG,2020-04,SAP,7.952333333333333
Mongolia,MNG,2020-05,RCF,5.327193548387097
Mongolia,MNG,2020-05,TP,8.069032258064516
Mongolia,MNG,2020-05,KTR,6.8064193548387095
Mongolia,MNG,2020-05,SAP,27.626677419354838
Mongolia,MNG,2020-06,RCF,12.299900000000001
Mongolia,MNG,2020-06,TP,16.509566666666665
Mongolia,MNG,2020-06,KTR,5.009566666666667
Mongolia,MNG,2020-06,SAP,39.85243333333334
Mongolia,MNG,2020-07,RCF,12.253483870967742
Mongolia,MNG,2020-07,TP,11.96774193548387
Mongolia,MNG,2020-07,KTR,-14.313387096774195
Mongolia,MNG,2020-07,SAP,44.751161290322585
Mongolia,MNG,2020-08,RCF,24.7396
Mongolia,MNG,2020-08,TP,30.433193548387095
Mongolia,MNG,2020-08,KTR,-5.419451612903226
Mongolia,MNG,2020-08,SAP,52.82035
Mongolia,MNG,2020-09,RCF,48.33105555555556
Mongolia,MNG,2020-09,TP,52.8
Mongolia,MNG,2020-09,KTR,10.142866666666666
Mongolia,MNG,2020-09,SAP,71.57688888888889
Mongolia,MNG,2020-10,RCF,45.62674193548387
Mongolia,MNG,2020-10,TP,69.95387096774193
Mongolia,MNG,2020-10,KTR,24.603677419354838
Mongolia,MNG,2020-10,SAP,73.66361290322581
Mongolia,MNG,2020-11,RCF,-15.252433333333332
Mongolia,MNG,2020-11,TP,2.1760999999999995
Mongolia,MNG,2020-11,KTR,-15.628566666666666
Mongolia,MNG,2020-11,SAP,22.257133333333332
Mongolia,MNG,2020-12,RCF,-40.56687096774194
Mongolia,MNG,2020-12,TP,-27.327129032258064
Mongolia,MNG,2020-12,KTR,-33.97238709677419
Mongolia,MNG,2020-12,SAP,8.97241935483871
Mongolia,MNG,2021-01,RCF,-33.373322580645166
Mongolia,MNG,2021-01,TP,-27.30425806451613
Mongolia,MNG,2021-01,KTR,-26.82941935483871
Mongolia,MNG,2021-01,SAP,10.267225806451613
Mongolia,MNG,2021-02,RCF,-25.224535714285715
Mongolia,MNG,2021-02,TP,-27.137714285714285
Mongolia,MNG,2021-02,KTR,-27.79592857142857
Mongolia,MNG,2021-02,SAP,16.1275
Mongolia,MNG,2021-03,RCF,10.294806451612903
Mongolia,MNG,2021-03,TP,11.221225806451613
Mongolia,MNG,2021-03,KTR,1.124483870967742
Mongolia,MNG,2021-03,SAP,64.00464516129033
Mongolia,MNG,2021-04,RCF,-28.77606666666667
Mongolia,MNG,2021-04,TP,-15.2476
Mongolia,MNG,2021-04,KTR,-25.742866666666668
Mongolia,MNG,2021-04,SAP,40.123799999999996
Mongolia,MNG,2021-05,RCF,-0.0783225806451612
Mongolia,MNG,2021-05,TP,17.774193548387096
Mongolia,MNG,2021-05,KTR,-5.990806451612904
Mongolia,MNG,2021-05,SAP,76.65432258064517
Mongolia,MNG,2021-06,RCF,32.11906666666667
Mongolia,MNG,2021-06,TP,54.01416666666667
Mongolia,MNG,2021-06,KTR,9.276233333333332
Mongolia,MNG,2021-06,SAP,119.2619
Mongolia,MNG,2021-07,RCF,19.479290322580642
Mongolia,MNG,2021-07,TP,38.89406451612903
Mongolia,MNG,2021-07,KTR,-7.193516129032258
Mongolia,MNG,2021-07,SAP,107.77877419354839
Mongolia,MNG,2021-08,RCF,51.202774193548386
Mongolia,MNG,2021-08,TP,68.75119354838709
Mongolia,MNG,2021-08,KTR,11.921548387096774
Mongolia,MNG,2021-08,SAP,132.3825483870968
Mongolia,MNG,2021-09,RCF,65.8715
Mongolia,MNG,2021-09,TP,90.29046666666666
Mongolia,MNG,2021-09,KTR,21.247633333333333
Mongolia,MNG,2021-09,SAP,147.02856666666668
Mongolia,MNG,2021-10,RCF,70.44245161290323
Mongolia,MNG,2021-10,TP,98.76493548387097
Mongolia,MNG,2021-10,KTR,40.27645161290322
Mongolia,MNG,2021-10,SAP,151.6543870967742
Mongolia,MNG,2021-11,RCF,84.06660000000001
Mongolia,MNG,2021-11,TP,108.15713333333333
Mongolia,MNG,2021-11,KTR,52.76663333333333
Mongolia,MNG,2021-11,SAP,163.15236666666667
Mongolia,MNG,2021-12,RCF,90.14290322580645
Mongolia,MNG,2021-12,TP,111.05070967741936
Mongolia,MNG,2021-12,KTR,71.34103225806452
Mongolia,MNG,2021-12,SAP,171.9585806451613
Mongolia,MNG,2022-01,RCF,64.68664516129033
Mongolia,MNG,2022-01,TP,76.00912903225806
Mongolia,MNG,2022-01,KTR,46.092193548387094
Mongolia,MNG,2022-01,SAP,150.97690322580644
Mongolia,MNG,2022-02,RCF,67.03060714285714
Mongolia,MNG,2022-02,TP,83.00507142857143
Mongolia,MNG,2022-02,KTR,50.32657142857143
Mongolia,MNG,2022-02,SAP,148.81117857142857
Mongolia,MNG,2022-03,RCF,92.4886129032258
Mongolia,MNG,2022-03,TP,114.29958064516129
Mongolia,MNG,2022-03,KTR,117.73738709677419
Mongolia,MNG,2022-03,SAP,175.50229032258065
Mongolia,MNG,2022-04,RCF,99.4142
Mongolia,MNG,2022-04,TP,126.63333333333334
Mongolia,MNG,2022-04,KTR,131.1381
Mongolia,MNG,2022-04,SAP,185.1477
Mongolia,MNG,2022-05,RCF,112.97696774193548
Mongolia,MNG,2022-05,TP,135.3963548387097
Mongolia,MNG,2022-05,KTR,141.6728064516129
Mongolia,MNG,2022-05,SAP,205.4147741935484
Mongolia,MNG,2022-06,RCF,117.4857
Mongolia,MNG,2022-06,TP,130.9951
Mongolia,MNG,2022-06,KTR,99.1429
Mongolia,MNG,2022-06,SAP,218.06666666666666
Mongolia,MNG,2022-07,RCF,102.79984999999999
Mongolia,MNG,2022-07,TP,106.25005000000002
Mongolia,MNG,2022-07,KTR,42.642849999999996
Mongolia,MNG,2022-07,SAP,208.77145000000002
Mozambique,MOZ,2020-02,RCF,-3.3847692307692303
Mozambique,MOZ,2020-02,TP,-4.193384615384615
Mozambique,MOZ,2020-02,KTR,10.311307692307691
Mozambique,MOZ,2020-02,SAP,-3.1773076923076924
Mozambique,MOZ,2020-03,RCF,-5.442354838709678
Mozambique,MOZ,2020-03,TP,-4.649806451612903
Mozambique,MOZ,2020-03,KTR,11.566870967741934
Mozambique,MOZ,2020-03,SAP,-0.5852903225806452
Mozambique,MOZ,2020-04,RCF,-27.423866666666665
Mozambique,MOZ,2020-04,TP,-29.328566666666667
Mozambique,MOZ,2020-04,KTR,-13.295233333333334
Mozambique,MOZ,2020-04,SAP,-17.333266666666667
Mozambique,MOZ,2020-05,RCF,-20.903225806451612
Mozambique,MOZ,2020-05,TP,-21.64977419354839
Mozambique,MOZ,2020-05,KTR,-5.115193548387096
Mozambique,MOZ,2020-05,SAP,-6.963161290322581
Mozambique,MOZ,2020-06,RCF,-18.623800000000003
Mozambique,MOZ,2020-06,TP,-22.200033333333334
Mozambique,MOZ,2020-06,KTR,-3.5189999999999997
Mozambique,MOZ,2020-06,SAP,-5.014266666666667
Mozambique,MOZ,2020-07,RCF,-14.43316129032258
Mozambique,MOZ,2020-07,TP,-23.133709677419354
Mozambique,MOZ,2020-07,KTR,-3.54841935483871
Mozambique,MOZ,2020-07,SAP,-1.1796774193548387
Mozambique,MOZ,2020-08,RCF,-8.474677419354839
Mozambique,MOZ,2020-08,TP,-19.322612903225806
Mozambique,MOZ,2020-08,KTR,-2.5806451612903225
Mozambique,MOZ,2020-08,SAP,2.2856451612903226
Mozambique,MOZ,2020-09,RCF,-10.666666666666666
Mozambique,MOZ,2020-09,TP,-21.0715
Mozambique,MOZ,2020-09,KTR,-10.1668
Mozambique,MOZ,2020-09,SAP,-6.166733333333334
Mozambique,MOZ,2020-10,RCF,-17.50690322580645
Mozambique,MOZ,2020-10,TP,-22.396290322580644
Mozambique,MOZ,2020-10,KTR,-13.608354838709676
Mozambique,MOZ,2020-10,SAP,-4.728064516129032
Mozambique,MOZ,2020-11,RCF,-15.290566666666667
Mozambique,MOZ,2020-11,TP,-19.07153333333333
Mozambique,MOZ,2020-11,KTR,-10.138166666666667
Mozambique,MOZ,2020-11,SAP,-4.6049
Mozambique,MOZ,2020-12,RCF,-9.506935483870969
Mozambique,MOZ,2020-12,TP,-12.069161290322581
Mozambique,MOZ,2020-12,KTR,-13.94016129032258
Mozambique,MOZ,2020-12,SAP,5.018419354838709
Mozambique,MOZ,2021-01,RCF,-23.847870967741937
Mozambique,MOZ,2021-01,TP,-27.631354838709676
Mozambique,MOZ,2021-01,KTR,-27.142806451612906
Mozambique,MOZ,2021-01,SAP,-12.036838709677419
Mozambique,MOZ,2021-02,RCF,-27.443857142857144
Mozambique,MOZ,2021-02,TP,-33.60210714285714
Mozambique,MOZ,2021-02,KTR,-30.326535714285715
Mozambique,MOZ,2021-02,SAP,-12.72967857142857
Mozambique,MOZ,2021-03,RCF,-16.262677419354837
Mozambique,MOZ,2021-03,TP,-22.654354838709676
Mozambique,MOZ,2021-03,KTR,-20.953935483870968
Mozambique,MOZ,2021-03,SAP,0.5990322580645161
Mozambique,MOZ,2021-04,RCF,-12.019
Mozambique,MOZ,2021-04,TP,-21.128666666666668
Mozambique,MOZ,2021-04,KTR,-16.157166666666665
Mozambique,MOZ,2021-04,SAP,5.628666666666667
Mozambique,MOZ,2021-05,RCF,-0.6082903225806452
Mozambique,MOZ,2021-05,TP,-17.894032258064517
Mozambique,MOZ,2021-05,KTR,-5.032258064516129
Mozambique,MOZ,2021-05,SAP,18.414806451612904
Mozambique,MOZ,2021-06,RCF,9.419066666666668
Mozambique,MOZ,2021-06,TP,-13.3715
Mozambique,MOZ,2021-06,KTR,-1.1524
Mozambique,MOZ,2021-06,SAP,25.533400000000004
Mozambique,MOZ,2021-07,RCF,2.2903548387096775
Mozambique,MOZ,2021-07,TP,-8.396354838709676
Mozambique,MOZ,2021-07,KTR,-5.686516129032259
Mozambique,MOZ,2021-07,SAP,19.930806451612902
Mozambique,MOZ,2021-08,RCF,1.903290322580645
Mozambique,MOZ,2021-08,TP,-6.631322580645161
Mozambique,MOZ,2021-08,KTR,-5.917
Mozambique,MOZ,2021-08,SAP,20.54841935483871
Mozambique,MOZ,2021-09,RCF,9.852366666666667
Mozambique,MOZ,2021-09,TP,-2.5334
Mozambique,MOZ,2021-09,KTR,-1.7047999999999999
Mozambique,MOZ,2021-09,SAP,26.123800000000003
Mozambique,MOZ,2021-10,RCF,15.732774193548387
Mozambique,MOZ,2021-10,TP,2.3364193548387098
Mozambique,MOZ,2021-10,KTR,4.142870967741936
Mozambique,MOZ,2021-10,SAP,27.723548387096773
Mozambique,MOZ,2021-11,RCF,21.4571
Mozambique,MOZ,2021-11,TP,8.8762
Mozambique,MOZ,2021-11,KTR,8.7524
Mozambique,MOZ,2021-11,SAP,33.9141
Mozambique,MOZ,2021-12,RCF,22.216548387096772
Mozambique,MOZ,2021-12,TP,3.032258064516129
Mozambique,MOZ,2021-12,KTR,-0.1520322580645158
Mozambique,MOZ,2021-12,SAP,39.51158064516129
Mozambique,MOZ,2022-01,RCF,13.903225806451612
Mozambique,MOZ,2022-01,TP,-6.21658064516129
Mozambique,MOZ,2022-01,KTR,-4.013806451612903
Mozambique,MOZ,2022-01,SAP,27.986193548387096
Mozambique,MOZ,2022-02,RCF,22.015285714285714
Mozambique,MOZ,2022-02,TP,1.28575
Mozambique,MOZ,2022-02,KTR,14.969357142857143
Mozambique,MOZ,2022-02,SAP,33.07139285714286
Mozambique,MOZ,2022-03,RCF,46.69119354838709
Mozambique,MOZ,2022-03,TP,23.967741935483872
Mozambique,MOZ,2022-03,KTR,40.20741935483871
Mozambique,MOZ,2022-03,SAP,55.96316129032258
Mozambique,MOZ,2022-04,RCF,49.457166666666666
Mozambique,MOZ,2022-04,TP,31.128666666666668
Mozambique,MOZ,2022-04,KTR,42.04286666666667
Mozambique,MOZ,2022-04,SAP,60.004733333333334
Mozambique,MOZ,2022-05,RCF,52.49761290322581
Mozambique,MOZ,2022-05,TP,34.19816129032258
Mozambique,MOZ,2022-05,KTR,46.54841935483871
Mozambique,MOZ,2022-05,SAP,64.6452258064516
Mozambique,MOZ,2022-06,RCF,54.53326666666667
Mozambique,MOZ,2022-06,TP,37.60953333333334
Mozambique,MOZ,2022-06,KTR,51.385733333333334
Mozambique,MOZ,2022-06,SAP,68.1953
Mozambique,MOZ,2022-07,RCF,51.9928
Mozambique,MOZ,2022-07,TP,35.8428
Mozambique,MOZ,2022-07,KTR,48.921350000000004
Mozambique,MOZ,2022-07,SAP,65.45
Myanmar,MMR,2020-02,RCF,-0.837076923076923
Myanmar,MMR,2020-02,TP,-0.612
Myanmar,MMR,2020-02,KTR,4.503076923076923
Myanmar,MMR,2020-02,SAP,0.17453846153846156
Myanmar,MMR,2020-03,RCF,-3.9631290322580646
Myanmar,MMR,2020-03,TP,-3.3134516129032257
Myanmar,MMR,2020-03,KTR,-1.1935483870967742
Myanmar,MMR,2020-03,SAP,1.419225806451613
Myanmar,MMR,2020-04,RCF,-57.57143333333333
Myanmar,MMR,2020-04,TP,-52.885666666666665
Myanmar,MMR,2020-04,KTR,-40.7619
Myanmar,MMR,2020-04,SAP,-40.86656666666667
Myanmar,MMR,2020-05,RCF,-46.38241935483871
Myanmar,MMR,2020-05,TP,-41.65903225806452
Myanmar,MMR,2020-05,KTR,-24.230451612903227
Myanmar,MMR,2020-05,SAP,-30.24890322580645
Myanmar,MMR,2020-06,RCF,-22.818933333333334
Myanmar,MMR,2020-06,TP,-23.1381
Myanmar,MMR,2020-06,KTR,-8.9238
Myanmar,MMR,2020-06,SAP,-12.461966666666665
Myanmar,MMR,2020-07,RCF,-12.317935483870967
Myanmar,MMR,2020-07,TP,-15.958516129032258
Myanmar,MMR,2020-07,KTR,-9.152032258064517
Myanmar,MMR,2020-07,SAP,-4.608354838709678
Myanmar,MMR,2020-08,RCF,-9.142903225806451
Myanmar,MMR,2020-08,TP,-12.262709677419355
Myanmar,MMR,2020-08,KTR,-9.189
Myanmar,MMR,2020-08,SAP,-0.10135483870967743
Myanmar,MMR,2020-09,RCF,-39.13333333333333
Myanmar,MMR,2020-09,TP,-41.852333333333334
Myanmar,MMR,2020-09,KTR,-25.104666666666667
Myanmar,MMR,2020-09,SAP,-25.642933333333335
Myanmar,MMR,2020-10,RCF,-58.48383870967742
Myanmar,MMR,2020-10,TP,-57.732677419354836
Myanmar,MMR,2020-10,KTR,-45.43783870967742
Myanmar,MMR,2020-10,SAP,-36.65890322580645
Myanmar,MMR,2020-11,RCF,-46.733333333333334
Myanmar,MMR,2020-11,TP,-42.1904
Myanmar,MMR,2020-11,KTR,-34.347566666666665
Myanmar,MMR,2020-11,SAP,-22.723833333333335
Myanmar,MMR,2020-12,RCF,-43.17051612903226
Myanmar,MMR,2020-12,TP,-32.064516129032256
Myanmar,MMR,2020-12,KTR,-29.19358064516129
Myanmar,MMR,2020-12,SAP,-17.700483870967744
Myanmar,MMR,2021-01,RCF,-35.48377419354839
Myanmar,MMR,2021-01,TP,-27.663645161290322
Myanmar,MMR,2021-01,KTR,-27.35483870967742
Myanmar,MMR,2021-01,SAP,-14.032290322580645
Myanmar,MMR,2021-02,RCF,-42.99485714285714
Myanmar,MMR,2021-02,TP,-39.622571428571426
Myanmar,MMR,2021-02,KTR,-44.29085714285714
Myanmar,MMR,2021-02,SAP,-24.23992857142857
Myanmar,MMR,2021-03,RCF,-65.2396129032258
Myanmar,MMR,2021-03,TP,-68.51154838709678
Myanmar,MMR,2021-03,KTR,-62.460903225806454
Myanmar,MMR,2021-03,SAP,-51.723451612903226
Myanmar,MMR,2021-04,RCF,-73.44763333333334
Myanmar,MMR,2021-04,TP,-79.40956666666666
Myanmar,MMR,2021-04,KTR,-68.2714
Myanmar,MMR,2021-04,SAP,-65.6334
Myanmar,MMR,2021-05,RCF,-52.248838709677415
Myanmar,MMR,2021-05,TP,-53.21648387096774
Myanmar,MMR,2021-05,KTR,-47.87564516129032
Myanmar,MMR,2021-05,SAP,-34.63596774193548
Myanmar,MMR,2021-06,RCF,-41.31903333333333
Myanmar,MMR,2021-06,TP,-39.91423333333333
Myanmar,MMR,2021-06,KTR,-34.338100000000004
Myanmar,MMR,2021-06,SAP,-19.214233333333333
Myanmar,MMR,2021-07,RCF,-59.672774193548385
Myanmar,MMR,2021-07,TP,-54.83874193548387
Myanmar,MMR,2021-07,KTR,-53.52074193548387
Myanmar,MMR,2021-07,SAP,-36.3686129032258
Myanmar,MMR,2021-08,RCF,-61.742
Myanmar,MMR,2021-08,TP,-55.68670967741936
Myanmar,MMR,2021-08,KTR,-56.56216129032258
Myanmar,MMR,2021-08,SAP,-37.71425806451613
Myanmar,MMR,2021-09,RCF,-51.43816666666667
Myanmar,MMR,2021-09,TP,-47.7476
Myanmar,MMR,2021-09,KTR,-45.32856666666667
Myanmar,MMR,2021-09,SAP,-27.6429
Myanmar,MMR,2021-10,RCF,-41.064516129032256
Myanmar,MMR,2021-10,TP,-39.889419354838715
Myanmar,MMR,2021-10,KTR,-41.33641935483871
Myanmar,MMR,2021-10,SAP,-16.58983870967742
Myanmar,MMR,2021-11,RCF,-33.338100000000004
Myanmar,MMR,2021-11,TP,-31.014366666666668
Myanmar,MMR,2021-11,KTR,-34.18096666666667
Myanmar,MMR,2021-11,SAP,-8.742966666666666
Myanmar,MMR,2021-12,RCF,-31.534451612903226
Myanmar,MMR,2021-12,TP,-30.437903225806455
Myanmar,MMR,2021-12,KTR,-24.25348387096774
Myanmar,MMR,2021-12,SAP,-7.3225483870967745
Myanmar,MMR,2022-01,RCF,-29.52993548387097
Myanmar,MMR,2022-01,TP,-29.05058064516129
Myanmar,MMR,2022-01,KTR,-17.520709677419358
Myanmar,MMR,2022-01,SAP,-6.474709677419355
Myanmar,MMR,2022-02,RCF,-31.959214285714285
Myanmar,MMR,2022-02,TP,-34.46935714285714
Myanmar,MMR,2022-02,KTR,-17.331535714285714
Myanmar,MMR,2022-02,SAP,-11.275464285714287
Myanmar,MMR,2022-03,RCF,-25.235096774193547
Myanmar,MMR,2022-03,TP,-20.78341935483871
Myanmar,MMR,2022-03,KTR,-4.294967741935484
Myanmar,MMR,2022-03,SAP,-3.221225806451613
Myanmar,MMR,2022-04,RCF,-22.19996666666667
Myanmar,MMR,2022-04,TP,-17.947666666666667
Myanmar,MMR,2022-04,KTR,-11.6524
Myanmar,MMR,2022-04,SAP,-0.16186666666666663
Myanmar,MMR,2022-05,RCF,-17.857129032258065
Myanmar,MMR,2022-05,TP,-12.806419354838711
Myanmar,MMR,2022-05,KTR,0.6543548387096775
Myanmar,MMR,2022-05,SAP,4.940064516129032
Myanmar,MMR,2022-06,RCF,-15.523733333333332
Myanmar,MMR,2022-06,TP,-11.452333333333334
Myanmar,MMR,2022-06,KTR,7.214266666666666
Myanmar,MMR,2022-06,SAP,8.580933333333332
Myanmar,MMR,2022-07,RCF,-13.749950000000002
Myanmar,MMR,2022-07,TP,-10.29285
Myanmar,MMR,2022-07,KTR,8.03565
Myanmar,MMR,2022-07,SAP,10.10725
Namibia,NAM,2020-02,RCF,-6.475692307692308
Namibia,NAM,2020-02,TP,-9.20053846153846
Namibia,NAM,2020-02,KTR,5.965461538461539
Namibia,NAM,2020-02,SAP,-7.020153846153846
Namibia,NAM,2020-03,RCF,-6.373387096774193
Namibia,NAM,2020-03,TP,-14.58058064516129
Namibia,NAM,2020-03,KTR,-1.4654193548387098
Namibia,NAM,2020-03,SAP,-1.6358709677419354
Namibia,NAM,2020-04,RCF,-50.67626666666667
Namibia,NAM,2020-04,TP,-70.84756666666667
Namibia,NAM,2020-04,KTR,-47.233333333333334
Namibia,NAM,2020-04,SAP,-31.69046666666667
Namibia,NAM,2020-05,RCF,-24.93548387096774
Namibia,NAM,2020-05,TP,-53.33638709677419
Namibia,NAM,2020-05,KTR,-22.377870967741934
Namibia,NAM,2020-05,SAP,-8.635967741935483
Namibia,NAM,2020-06,RCF,-16.676233333333332
Namibia,NAM,2020-06,TP,-48.838166666666666
Namibia,NAM,2020-06,KTR,-5.628566666666667
Namibia,NAM,2020-06,SAP,-3.0953333333333335
Namibia,NAM,2020-07,RCF,-14.580645161290322
Namibia,NAM,2020-07,TP,-46.746645161290324
Namibia,NAM,2020-07,KTR,-6.723516129032258
Namibia,NAM,2020-07,SAP,-2.4561935483870965
Namibia,NAM,2020-08,RCF,-20.281129032258065
Namibia,NAM,2020-08,TP,-47.3729
Namibia,NAM,2020-08,KTR,-15.304161290322579
Namibia,NAM,2020-08,SAP,-6.976935483870967
Namibia,NAM,2020-09,RCF,-18.514233333333333
Namibia,NAM,2020-09,TP,-44.684666666666665
Namibia,NAM,2020-09,KTR,-12.061900000000001
Namibia,NAM,2020-09,SAP,-7.4191
Namibia,NAM,2020-10,RCF,-14.82016129032258
Namibia,NAM,2020-10,TP,-35.16129032258065
Namibia,NAM,2020-10,KTR,-9.244129032258064
Namibia,NAM,2020-10,SAP,-3.6774193548387095
Namibia,NAM,2020-11,RCF,-9.690566666666665
Namibia,NAM,2020-11,TP,-28.161866666666665
Namibia,NAM,2020-11,KTR,-7.0333
Namibia,NAM,2020-11,SAP,1.3238999999999999
Namibia,NAM,2020-12,RCF,-7.004612903225807
Namibia,NAM,2020-12,TP,-27.124387096774193
Namibia,NAM,2020-12,KTR,-21.953935483870968
Namibia,NAM,2020-12,SAP,7.041451612903225
Namibia,NAM,2021-01,RCF,-24.25348387096774
Namibia,NAM,2021-01,TP,-37.617548387096775
Namibia,NAM,2021-01,KTR,-28.760290322580644
Namibia,NAM,2021-01,SAP,-9.253516129032258
Namibia,NAM,2021-02,RCF,-18.08157142857143
Namibia,NAM,2021-02,TP,-31.45917857142857
Namibia,NAM,2021-02,KTR,-15.464285714285714
Namibia,NAM,2021-02,SAP,-3.4693571428571426
Namibia,NAM,2021-03,RCF,-9.552967741935484
Namibia,NAM,2021-03,TP,-23.529903225806454
Namibia,NAM,2021-03,KTR,-13.35025806451613
Namibia,NAM,2021-03,SAP,6.640516129032258
Namibia,NAM,2021-04,RCF,-5.818933333333334
Namibia,NAM,2021-04,TP,-18.1952
Namibia,NAM,2021-04,KTR,-11.5572
Namibia,NAM,2021-04,SAP,13.633233333333333
Namibia,NAM,2021-05,RCF,1.2903548387096773
Namibia,NAM,2021-05,TP,-8.58532258064516
Namibia,NAM,2021-05,KTR,-15.396354838709676
Namibia,NAM,2021-05,SAP,21.599096774193548
Namibia,NAM,2021-06,RCF,-1.3571999999999997
Namibia,NAM,2021-06,TP,-12.7476
Namibia,NAM,2021-06,KTR,-10.676233333333334
Namibia,NAM,2021-06,SAP,23.45243333333333
Namibia,NAM,2021-07,RCF,-8.202709677419355
Namibia,NAM,2021-07,TP,-20.17964516129032
Namibia,NAM,2021-07,KTR,-18.82025806451613
Namibia,NAM,2021-07,SAP,20.691225806451612
Namibia,NAM,2021-08,RCF,5.437838709677419
Namibia,NAM,2021-08,TP,-5.423903225806451
Namibia,NAM,2021-08,KTR,-6.78341935483871
Namibia,NAM,2021-08,SAP,32.566870967741934
Namibia,NAM,2021-09,RCF,13.871433333333334
Namibia,NAM,2021-09,TP,3.5858333333333334
Namibia,NAM,2021-09,KTR,3.271333333333333
Namibia,NAM,2021-09,SAP,39.52376666666667
Namibia,NAM,2021-10,RCF,21.01383870967742
Namibia,NAM,2021-10,TP,12.313322580645162
Namibia,NAM,2021-10,KTR,8.824870967741937
Namibia,NAM,2021-10,SAP,45.40554838709678
Namibia,NAM,2021-11,RCF,24.180966666666666
Namibia,NAM,2021-11,TP,23.84763333333333
Namibia,NAM,2021-11,KTR,11.161900000000001
Namibia,NAM,2021-11,SAP,47.7096
Namibia,NAM,2021-12,RCF,24.244258064516128
Namibia,NAM,2021-12,TP,11.013903225806452
Namibia,NAM,2021-12,KTR,-12.239612903225806
Namibia,NAM,2021-12,SAP,47.90783870967742
Namibia,NAM,2022-01,RCF,13.963193548387096
Namibia,NAM,2022-01,TP,6.705032258064516
Namibia,NAM,2022-01,KTR,-2.7096774193548385
Namibia,NAM,2022-01,SAP,37.820354838709676
Namibia,NAM,2022-02,RCF,21.88775
Namibia,NAM,2022-02,TP,23.449
Namibia,NAM,2022-02,KTR,21.096857142857143
Namibia,NAM,2022-02,SAP,46.367357142857145
Namibia,NAM,2022-03,RCF,30.93551612903226
Namibia,NAM,2022-03,TP,45.17503225806451
Namibia,NAM,2022-03,KTR,31.963161290322578
Namibia,NAM,2022-03,SAP,50.49306451612903
Namibia,NAM,2022-04,RCF,31.661966666666668
Namibia,NAM,2022-04,TP,46.58096666666667
Namibia,NAM,2022-04,KTR,32.98096666666667
Namibia,NAM,2022-04,SAP,52.45713333333333
Namibia,NAM,2022-05,RCF,29.13367741935484
Namibia,NAM,2022-05,TP,35.50229032258064
Namibia,NAM,2022-05,KTR,24.474645161290322
Namibia,NAM,2022-05,SAP,53.70048387096774
Namibia,NAM,2022-06,RCF,29.4237
Namibia,NAM,2022-06,TP,39.73336666666667
Namibia,NAM,2022-06,KTR,33.0238
Namibia,NAM,2022-06,SAP,55.15240000000001
Namibia,NAM,2022-07,RCF,33.02845
Namibia,NAM,2022-07,TP,48.1
Namibia,NAM,2022-07,KTR,27.9929
Namibia,NAM,2022-07,SAP,59.857150000000004
Nepal,NPL,2020-02,RCF,3.185076923076923
Nepal,NPL,2020-02,TP,3.7303846153846156
Nepal,NPL,2020-02,KTR,2.494846153846154
Nepal,NPL,2020-02,SAP,4.044153846153846
Nepal,NPL,2020-03,RCF,-13.986225806451612
Nepal,NPL,2020-03,TP,-10.944741935483872
Nepal,NPL,2020-03,KTR,-11.294935483870969
Nepal,NPL,2020-03,SAP,-7.258064516129032
Nepal,NPL,2020-04,RCF,-76.77623333333332
Nepal,NPL,2020-04,TP,-71.15713333333333
Nepal,NPL,2020-04,KTR,-66.7952
Nepal,NPL,2020-04,SAP,-66.1857
Nepal,NPL,2020-05,RCF,-70.2949677419355
Nepal,NPL,2020-05,TP,-62.34096774193548
Nepal,NPL,2020-05,KTR,-55.58522580645162
Nepal,NPL,2020-05,SAP,-55.152
Nepal,NPL,2020-06,RCF,-51.30473333333334
Nepal,NPL,2020-06,TP,-47.40486666666666
Nepal,NPL,2020-06,KTR,-36.104866666666666
Nepal,NPL,2020-06,SAP,-32.60483333333333
Nepal,NPL,2020-07,RCF,-31.49309677419355
Nepal,NPL,2020-07,TP,-33.70509677419355
Nepal,NPL,2020-07,KTR,-21.871032258064513
Nepal,NPL,2020-07,SAP,-16.032258064516128
Nepal,NPL,2020-08,RCF,-44.02306451612903
Nepal,NPL,2020-08,TP,-41.63132258064516
Nepal,NPL,2020-08,KTR,-33.898709677419355
Nepal,NPL,2020-08,SAP,-28.691258064516127
Nepal,NPL,2020-09,RCF,-47.1191
Nepal,NPL,2020-09,TP,-39.4762
Nepal,NPL,2020-09,KTR,-32.31896666666667
Nepal,NPL,2020-09,SAP,-32.6762
Nepal,NPL,2020-10,RCF,-32.98612903225806
Nepal,NPL,2020-10,TP,-16.285774193548388
Nepal,NPL,2020-10,KTR,-26.548354838709677
Nepal,NPL,2020-10,SAP,-6.092225806451613
Nepal,NPL,2020-11,RCF,-29.414266666666666
Nepal,NPL,2020-11,TP,-10.585666666666667
Nepal,NPL,2020-11,KTR,-23.895166666666668
Nepal,NPL,2020-11,SAP,-3.890433333333333
Nepal,NPL,2020-12,RCF,-19.792645161290324
Nepal,NPL,2020-12,TP,8.096838709677419
Nepal,NPL,2020-12,KTR,-10.096806451612903
Nepal,NPL,2020-12,SAP,7.437870967741936
Nepal,NPL,2021-01,RCF,-17.382451612903225
Nepal,NPL,2021-01,TP,9.433193548387097
Nepal,NPL,2021-01,KTR,-6.728096774193548
Nepal,NPL,2021-01,SAP,8.585354838709678
Nepal,NPL,2021-02,RCF,-10.071464285714285
Nepal,NPL,2021-02,TP,12.795892857142858
Nepal,NPL,2021-02,KTR,-4.122357142857143
Nepal,NPL,2021-02,SAP,20.443928571428568
Nepal,NPL,2021-03,RCF,-0.35019354838709676
Nepal,NPL,2021-03,TP,26.520580645161292
Nepal,NPL,2021-03,KTR,0.9261935483870969
Nepal,NPL,2021-03,SAP,36.92167741935484
Nepal,NPL,2021-04,RCF,4.199966666666667
Nepal,NPL,2021-04,TP,29.609666666666666
Nepal,NPL,2021-04,KTR,0.061933333333333354
Nepal,NPL,2021-04,SAP,48.87623333333333
Nepal,NPL,2021-05,RCF,-56.576032258064515
Nepal,NPL,2021-05,TP,-43.442419354838705
Nepal,NPL,2021-05,KTR,-51.691258064516134
Nepal,NPL,2021-05,SAP,-22.10590322580645
Nepal,NPL,2021-06,RCF,-44.84276666666666
Nepal,NPL,2021-06,TP,-35.28096666666667
Nepal,NPL,2021-06,KTR,-43.68096666666667
Nepal,NPL,2021-06,SAP,-6.061999999999999
Nepal,NPL,2021-07,RCF,-2.3548064516129035
Nepal,NPL,2021-07,TP,8.907903225806452
Nepal,NPL,2021-07,KTR,-20.161290322580644
Nepal,NPL,2021-07,SAP,46.92164516129032
Nepal,NPL,2021-08,RCF,9.871064516129032
Nepal,NPL,2021-08,TP,23.599064516129033
Nepal,NPL,2021-08,KTR,-9.230483870967742
Nepal,NPL,2021-08,SAP,61.437774193548385
Nepal,NPL,2021-09,RCF,21.7238
Nepal,NPL,2021-09,TP,35.647666666666666
Nepal,NPL,2021-09,KTR,0.014400000000000072
Nepal,NPL,2021-09,SAP,77.8381
Nepal,NPL,2021-10,RCF,29.552935483870968
Nepal,NPL,2021-10,TP,50.93545161290323
Nepal,NPL,2021-10,KTR,-8.110612903225807
Nepal,NPL,2021-10,SAP,93.50693548387098
Nepal,NPL,2021-11,RCF,41.5952
Nepal,NPL,2021-11,TP,61.976099999999995
Nepal,NPL,2021-11,KTR,1.9000666666666668
Nepal,NPL,2021-11,SAP,105.56196666666666
Nepal,NPL,2021-12,RCF,45.04145161290323
Nepal,NPL,2021-12,TP,67.62670967741936
Nepal,NPL,2021-12,KTR,25.49758064516129
Nepal,NPL,2021-12,SAP,102.43790322580645
Nepal,NPL,2022-01,RCF,30.32716129032258
Nepal,NPL,2022-01,TP,52.801870967741934
Nepal,NPL,2022-01,KTR,18.884709677419355
Nepal,NPL,2022-01,SAP,86.52532258064515
Nepal,NPL,2022-02,RCF,37.7805
Nepal,NPL,2022-02,TP,58.60192857142857
Nepal,NPL,2022-02,KTR,22.81635714285714
Nepal,NPL,2022-02,SAP,93.37746428571428
Nepal,NPL,2022-03,RCF,44.11970967741936
Nepal,NPL,2022-03,TP,76.5161935483871
Nepal,NPL,2022-03,KTR,33.66351612903226
Nepal,NPL,2022-03,SAP,102.21190322580645
Nepal,NPL,2022-04,RCF,50.45243333333334
Nepal,NPL,2022-04,TP,86.94286666666667
Nepal,NPL,2022-04,KTR,38.48563333333333
Nepal,NPL,2022-04,SAP,108.47623333333333
Nepal,NPL,2022-05,RCF,44.60364516129032
Nepal,NPL,2022-05,TP,79.74651612903226
Nepal,NPL,2022-05,KTR,26.387064516129033
Nepal,NPL,2022-05,SAP,103.23503225806452
Nepal,NPL,2022-06,RCF,47.49056666666667
Nepal,NPL,2022-06,TP,81.58573333333334
Nepal,NPL,2022-06,KTR,40.89523333333333
Nepal,NPL,2022-06,SAP,99.47143333333334
Nepal,NPL,2022-07,RCF,44.7285
Nepal,NPL,2022-07,TP,73.31425
Nepal,NPL,2022-07,KTR,43.5213
Nepal,NPL,2022-07,SAP,93.8785
Netherlands,NLD,2020-02,RCF,2.2703076923076924
Netherlands,NLD,2020-02,TP,-1.498923076923077
Netherlands,NLD,2020-02,KTR,-7.017846153846154
Netherlands,NLD,2020-02,SAP,-1.220923076923077
Netherlands,NLD,2020-03,RCF,-20.681967741935484
Netherlands,NLD,2020-03,TP,-29.622129032258066
Netherlands,NLD,2020-03,KTR,-19.86177419354839
Netherlands,NLD,2020-03,SAP,-0.05532258064516129
Netherlands,NLD,2020-04,RCF,-43.05716666666667
Netherlands,NLD,2020-04,TP,-59.495333333333335
Netherlands,NLD,2020-04,KTR,-43.64756666666666
Netherlands,NLD,2020-04,SAP,-13.923833333333333
Netherlands,NLD,2020-05,RCF,-30.20277419354839
Netherlands,NLD,2020-05,TP,-51.19809677419355
Netherlands,NLD,2020-05,KTR,-33.5438064516129
Netherlands,NLD,2020-05,SAP,-4.373290322580646
Netherlands,NLD,2020-06,RCF,-12.1285
Netherlands,NLD,2020-06,TP,-41.6858
Netherlands,NLD,2020-06,KTR,-21.185799999999997
Netherlands,NLD,2020-06,SAP,-0.8380333333333334
Netherlands,NLD,2020-07,RCF,0.7189677419354839
Netherlands,NLD,2020-07,TP,-35.99077419354838
Netherlands,NLD,2020-07,KTR,-24.714354838709678
Netherlands,NLD,2020-07,SAP,-0.8618064516129033
Netherlands,NLD,2020-08,RCF,-1.6774516129032258
Netherlands,NLD,2020-08,TP,-36.30867741935484
Netherlands,NLD,2020-08,KTR,-30.990774193548386
Netherlands,NLD,2020-08,SAP,-3.4423870967741936
Netherlands,NLD,2020-09,RCF,-4.3857
Netherlands,NLD,2020-09,TP,-30.871466666666667
Netherlands,NLD,2020-09,KTR,-18.96676666666667
Netherlands,NLD,2020-09,SAP,-3.4810333333333334
Netherlands,NLD,2020-10,RCF,-21.912483870967744
Netherlands,NLD,2020-10,TP,-43.39167741935484
Netherlands,NLD,2020-10,KTR,-22.691225806451612
Netherlands,NLD,2020-10,SAP,-5.543741935483871
Netherlands,NLD,2020-11,RCF,-29.409633333333332
Netherlands,NLD,2020-11,TP,-46.26663333333333
Netherlands,NLD,2020-11,KTR,-20.299933333333335
Netherlands,NLD,2020-11,SAP,-4.919066666666667
Netherlands,NLD,2020-12,RCF,-38.428548387096775
Netherlands,NLD,2020-12,TP,-52.2533870967742
Netherlands,NLD,2020-12,KTR,-28.705000000000002
Netherlands,NLD,2020-12,SAP,-6.0322903225806455
Netherlands,NLD,2021-01,RCF,-55.81564516129033
Netherlands,NLD,2021-01,TP,-58.382516129032254
Netherlands,NLD,2021-01,KTR,-34.38258064516129
Netherlands,NLD,2021-01,SAP,-13.165903225806451
Netherlands,NLD,2021-02,RCF,-50.95925
Netherlands,NLD,2021-02,TP,-53.49492857142857
Netherlands,NLD,2021-02,KTR,-30.51539285714286
Netherlands,NLD,2021-02,SAP,-7.556071428571428
Netherlands,NLD,2021-03,RCF,-40.271903225806454
Netherlands,NLD,2021-03,TP,-47.11074193548387
Netherlands,NLD,2021-03,KTR,-21.926193548387097
Netherlands,NLD,2021-03,SAP,-0.37329032258064515
Netherlands,NLD,2021-04,RCF,-34.91906666666667
Netherlands,NLD,2021-04,TP,-43.34759999999999
Netherlands,NLD,2021-04,KTR,-23.133366666666667
Netherlands,NLD,2021-04,SAP,1.9714666666666667
Netherlands,NLD,2021-05,RCF,-16.718903225806454
Netherlands,NLD,2021-05,TP,-38.543838709677416
Netherlands,NLD,2021-05,KTR,-24.774193548387096
Netherlands,NLD,2021-05,SAP,7.585258064516129
Netherlands,NLD,2021-06,RCF,-2.390433333333333
Netherlands,NLD,2021-06,TP,-28.752466666666667
Netherlands,NLD,2021-06,KTR,-12.161900000000001
Netherlands,NLD,2021-06,SAP,13.166733333333333
Netherlands,NLD,2021-07,RCF,3.032193548387097
Netherlands,NLD,2021-07,TP,-28.42854838709677
Netherlands,NLD,2021-07,KTR,-19.506903225806454
Netherlands,NLD,2021-07,SAP,11.092193548387097
Netherlands,NLD,2021-08,RCF,5.055354838709678
Netherlands,NLD,2021-08,TP,-29.124451612903226
Netherlands,NLD,2021-08,KTR,-30.04612903225806
Netherlands,NLD,2021-08,SAP,8.313354838709678
Netherlands,NLD,2021-09,RCF,2.9048666666666665
Netherlands,NLD,2021-09,TP,-16.104766666666666
Netherlands,NLD,2021-09,KTR,-16.533366666666666
Netherlands,NLD,2021-09,SAP,11.490533333333333
Netherlands,NLD,2021-10,RCF,-2.304193548387097
Netherlands,NLD,2021-10,TP,-21.677290322580646
Netherlands,NLD,2021-10,KTR,-17.774129032258067
Netherlands,NLD,2021-10,SAP,8.359451612903225
Netherlands,NLD,2021-11,RCF,-8.171433333333333
Netherlands,NLD,2021-11,TP,-26.938100000000002
Netherlands,NLD,2021-11,KTR,-17.590533333333333
Netherlands,NLD,2021-11,SAP,9.642833333333334
Netherlands,NLD,2021-12,RCF,-27.41932258064516
Netherlands,NLD,2021-12,TP,-38.98616129032258
Netherlands,NLD,2021-12,KTR,-24.267322580645164
Netherlands,NLD,2021-12,SAP,8.041419354838709
Netherlands,NLD,2022-01,RCF,-36.78796774193548
Netherlands,NLD,2022-01,TP,-43.76970967741936
Netherlands,NLD,2022-01,KTR,-28.907806451612903
Netherlands,NLD,2022-01,SAP,2.1889354838709676
Netherlands,NLD,2022-02,RCF,-17.102035714285716
Netherlands,NLD,2022-02,TP,-34.26025
Netherlands,NLD,2022-02,KTR,-19.255142857142857
Netherlands,NLD,2022-02,SAP,1.6071428571428572
Netherlands,NLD,2022-03,RCF,-6.626741935483871
Netherlands,NLD,2022-03,TP,-26.161354838709677
Netherlands,NLD,2022-03,KTR,-16.74651612903226
Netherlands,NLD,2022-03,SAP,2.806483870967742
Netherlands,NLD,2022-04,RCF,-2.1476666666666664
Netherlands,NLD,2022-04,TP,-19.552466666666664
Netherlands,NLD,2022-04,KTR,-16.14763333333333
Netherlands,NLD,2022-04,SAP,6.819
Netherlands,NLD,2022-05,RCF,2.8756451612903224
Netherlands,NLD,2022-05,TP,-14.907870967741935
Netherlands,NLD,2022-05,KTR,-16.364129032258067
Netherlands,NLD,2022-05,SAP,10.470096774193548
Netherlands,NLD,2022-06,RCF,1.9952666666666665
Netherlands,NLD,2022-06,TP,-13.199966666666667
Netherlands,NLD,2022-06,KTR,-14.0523
Netherlands,NLD,2022-06,SAP,10.928566666666665
Netherlands,NLD,2022-07,RCF,3.2143500000000005
Netherlands,NLD,2022-07,TP,-14.728649999999998
Netherlands,NLD,2022-07,KTR,-15.3857
Netherlands,NLD,2022-07,SAP,12.74285
New Zealand,NZL,2020-02,RCF,2.174923076923077
New Zealand,NZL,2020-02,TP,9.418692307692307
New Zealand,NZL,2020-02,KTR,14.004923076923076
New Zealand,NZL,2020-02,SAP,1.9485384615384616
New Zealand,NZL,2020-03,RCF,-13.820258064516128
New Zealand,NZL,2020-03,TP,-12.424032258064516
New Zealand,NZL,2020-03,KTR,1.5114838709677418
New Zealand,NZL,2020-03,SAP,-0.5023225806451613
New Zealand,NZL,2020-04,RCF,-88.52373333333334
New Zealand,NZL,2020-04,TP,-84.66666666666667
New Zealand,NZL,2020-04,KTR,-68.07143333333333
New Zealand,NZL,2020-04,SAP,-41.1667
New Zealand,NZL,2020-05,RCF,-53.15664516129032
New Zealand,NZL,2020-05,TP,-57.29490322580645
New Zealand,NZL,2020-05,KTR,-26.90790322580645
New Zealand,NZL,2020-05,SAP,-19.28106451612903
New Zealand,NZL,2020-06,RCF,-14.433333333333334
New Zealand,NZL,2020-06,TP,-37.9952
New Zealand,NZL,2020-06,KTR,-4.204733333333333
New Zealand,NZL,2020-06,SAP,-9.328633333333332
New Zealand,NZL,2020-07,RCF,-5.6497419354838705
New Zealand,NZL,2020-07,TP,-30.253451612903223
New Zealand,NZL,2020-07,KTR,-4.552870967741936
New Zealand,NZL,2020-07,SAP,-6.86183870967742
New Zealand,NZL,2020-08,RCF,-16.29958064516129
New Zealand,NZL,2020-08,TP,-38.97238709677419
New Zealand,NZL,2020-08,KTR,-8.72816129032258
New Zealand,NZL,2020-08,SAP,-9.391677419354838
New Zealand,NZL,2020-09,RCF,-7.152466666666667
New Zealand,NZL,2020-09,TP,-35.714333333333336
New Zealand,NZL,2020-09,KTR,-3.5856333333333335
New Zealand,NZL,2020-09,SAP,-6.157133333333333
New Zealand,NZL,2020-10,RCF,1.4608709677419354
New Zealand,NZL,2020-10,TP,-28.88941935483871
New Zealand,NZL,2020-10,KTR,-4.599129032258065
New Zealand,NZL,2020-10,SAP,-3.428548387096774
New Zealand,NZL,2020-11,RCF,1.8476
New Zealand,NZL,2020-11,TP,-28.547666666666665
New Zealand,NZL,2020-11,KTR,1.8048333333333335
New Zealand,NZL,2020-11,SAP,-2.8094666666666663
New Zealand,NZL,2020-12,RCF,7.903225806451613
New Zealand,NZL,2020-12,TP,-30.055225806451613
New Zealand,NZL,2020-12,KTR,-8.147483870967742
New Zealand,NZL,2020-12,SAP,2.474612903225806
New Zealand,NZL,2021-01,RCF,-1.4930645161290323
New Zealand,NZL,2021-01,TP,-39.26267741935484
New Zealand,NZL,2021-01,KTR,-22.47458064516129
New Zealand,NZL,2021-01,SAP,-2.4147096774193546
New Zealand,NZL,2021-02,RCF,-1.1479642857142858
New Zealand,NZL,2021-02,TP,-34.311214285714286
New Zealand,NZL,2021-02,KTR,-6.290857142857143
New Zealand,NZL,2021-02,SAP,-0.7092142857142857
New Zealand,NZL,2021-03,RCF,-0.07377419354838695
New Zealand,NZL,2021-03,TP,-32.04151612903226
New Zealand,NZL,2021-03,KTR,0.9309032258064515
New Zealand,NZL,2021-03,SAP,1.5714838709677417
New Zealand,NZL,2021-04,RCF,6.5476
New Zealand,NZL,2021-04,TP,-29.45713333333333
New Zealand,NZL,2021-04,KTR,-7.1143
New Zealand,NZL,2021-04,SAP,2.7429666666666668
New Zealand,NZL,2021-05,RCF,10.382483870967743
New Zealand,NZL,2021-05,TP,-24.244258064516128
New Zealand,NZL,2021-05,KTR,5.85258064516129
New Zealand,NZL,2021-05,SAP,7.85258064516129
New Zealand,NZL,2021-06,RCF,10.528633333333334
New Zealand,NZL,2021-06,TP,-28.95716666666667
New Zealand,NZL,2021-06,KTR,4.233333333333333
New Zealand,NZL,2021-06,SAP,9.5
New Zealand,NZL,2021-07,RCF,12.663645161290322
New Zealand,NZL,2021-07,TP,-27.382451612903225
New Zealand,NZL,2021-07,KTR,1.788
New Zealand,NZL,2021-07,SAP,11.331806451612904
New Zealand,NZL,2021-08,RCF,-20.838709677419356
New Zealand,NZL,2021-08,TP,-46.00925806451613
New Zealand,NZL,2021-08,KTR,-17.608290322580643
New Zealand,NZL,2021-08,SAP,3.548483870967742
New Zealand,NZL,2021-09,RCF,-38.857166666666664
New Zealand,NZL,2021-09,TP,-64.54773333333334
New Zealand,NZL,2021-09,KTR,-28.65243333333333
New Zealand,NZL,2021-09,SAP,2.642866666666667
New Zealand,NZL,2021-10,RCF,-11.857096774193549
New Zealand,NZL,2021-10,TP,-54.147451612903225
New Zealand,NZL,2021-10,KTR,-15.00916129032258
New Zealand,NZL,2021-10,SAP,11.37325806451613
New Zealand,NZL,2021-11,RCF,-3.1857333333333333
New Zealand,NZL,2021-11,TP,-48.98096666666667
New Zealand,NZL,2021-11,KTR,-6.352466666666667
New Zealand,NZL,2021-11,SAP,14.219033333333332
New Zealand,NZL,2021-12,RCF,11.622129032258064
New Zealand,NZL,2021-12,TP,-43.41477419354838
New Zealand,NZL,2021-12,KTR,-11.244193548387097
New Zealand,NZL,2021-12,SAP,22.875548387096774
New Zealand,NZL,2022-01,RCF,5.958516129032258
New Zealand,NZL,2022-01,TP,-44.56677419354838
New Zealand,NZL,2022-01,KTR,-23.788064516129033
New Zealand,NZL,2022-01,SAP,20.981516129032258
New Zealand,NZL,2022-02,RCF,1.4847142857142859
New Zealand,NZL,2022-02,TP,-46.06628571428571
New Zealand,NZL,2022-02,KTR,-8.734714285714286
New Zealand,NZL,2022-02,SAP,15.872392857142858
New Zealand,NZL,2022-03,RCF,-7.327193548387097
New Zealand,NZL,2022-03,TP,-50.59438709677419
New Zealand,NZL,2022-03,KTR,-7.958548387096775
New Zealand,NZL,2022-03,SAP,8.917064516129031
New Zealand,NZL,2022-04,RCF,0.1571666666666667
New Zealand,NZL,2022-04,TP,-42.9
New Zealand,NZL,2022-04,KTR,-13.9952
New Zealand,NZL,2022-04,SAP,6.8904
New Zealand,NZL,2022-05,RCF,4.433193548387097
New Zealand,NZL,2022-05,TP,-34.68674193548387
New Zealand,NZL,2022-05,KTR,0.20277419354838713
New Zealand,NZL,2022-05,SAP,9.599129032258064
New Zealand,NZL,2022-06,RCF,4.0380666666666665
New Zealand,NZL,2022-06,TP,-34.61423333333333
New Zealand,NZL,2022-06,KTR,-4.895300000000001
New Zealand,NZL,2022-06,SAP,9.5572
New Zealand,NZL,2022-07,RCF,3.4000999999999997
New Zealand,NZL,2022-07,TP,-33.2572
New Zealand,NZL,2022-07,KTR,-4.0999
New Zealand,NZL,2022-07,SAP,9.4072
Nicaragua,NIC,2020-02,RCF,0.2065384615384615
Nicaragua,NIC,2020-02,TP,-0.32053846153846155
Nicaragua,NIC,2020-02,KTR,8.657846153846153
Nicaragua,NIC,2020-02,SAP,0.5263076923076923
Nicaragua,NIC,2020-03,RCF,-11.059903225806451
Nicaragua,NIC,2020-03,TP,-8.446903225806452
Nicaragua,NIC,2020-03,KTR,4.53
Nicaragua,NIC,2020-03,SAP,-2.281096774193548
Nicaragua,NIC,2020-04,RCF,-33.46673333333333
Nicaragua,NIC,2020-04,TP,-31.666666666666668
Nicaragua,NIC,2020-04,KTR,-22.0096
Nicaragua,NIC,2020-04,SAP,-18.7238
Nicaragua,NIC,2020-05,RCF,-34.47
Nicaragua,NIC,2020-05,TP,-35.03693548387097
Nicaragua,NIC,2020-05,KTR,-18.539129032258064
Nicaragua,NIC,2020-05,SAP,-17.51609677419355
Nicaragua,NIC,2020-06,RCF,-37.05713333333333
Nicaragua,NIC,2020-06,TP,-40.862
Nicaragua,NIC,2020-06,KTR,-23.6952
Nicaragua,NIC,2020-06,SAP,-19.6477
Nicaragua,NIC,2020-07,RCF,-28.07825806451613
Nicaragua,NIC,2020-07,TP,-31.935548387096773
Nicaragua,NIC,2020-07,KTR,-21.999967741935485
Nicaragua,NIC,2020-07,SAP,-14.373290322580646
Nicaragua,NIC,2020-08,RCF,-21.99993548387097
Nicaragua,NIC,2020-08,TP,-27.78338709677419
Nicaragua,NIC,2020-08,KTR,-17.368645161290324
Nicaragua,NIC,2020-08,SAP,-10.276516129032258
Nicaragua,NIC,2020-09,RCF,-18.980966666666667
Nicaragua,NIC,2020-09,TP,-23.418999999999997
Nicaragua,NIC,2020-09,KTR,-17.471466666666668
Nicaragua,NIC,2020-09,SAP,-6.404766666666666
Nicaragua,NIC,2020-10,RCF,-19.290290322580645
Nicaragua,NIC,2020-10,TP,-17.820322580645165
Nicaragua,NIC,2020-10,KTR,-10.382548387096774
Nicaragua,NIC,2020-10,SAP,-0.2488064516129032
Nicaragua,NIC,2020-11,RCF,-14.866666666666667
Nicaragua,NIC,2020-11,TP,-16.9905
Nicaragua,NIC,2020-11,KTR,-8.699933333333332
Nicaragua,NIC,2020-11,SAP,1.6094666666666666
Nicaragua,NIC,2020-12,RCF,1.0322258064516128
Nicaragua,NIC,2020-12,TP,1.2626774193548387
Nicaragua,NIC,2020-12,KTR,-11.43316129032258
Nicaragua,NIC,2020-12,SAP,19.350096774193545
Nicaragua,NIC,2021-01,RCF,-9.170548387096774
Nicaragua,NIC,2021-01,TP,-7.617451612903226
Nicaragua,NIC,2021-01,KTR,-15.622129032258064
Nicaragua,NIC,2021-01,SAP,7.824903225806452
Nicaragua,NIC,2021-02,RCF,-5.040857142857143
Nicaragua,NIC,2021-02,TP,-5.301035714285715
Nicaragua,NIC,2021-02,KTR,-8.178535714285713
Nicaragua,NIC,2021-02,SAP,14.153071428571428
Nicaragua,NIC,2021-03,RCF,0.18422580645161293
Nicaragua,NIC,2021-03,TP,1.9907741935483871
Nicaragua,NIC,2021-03,KTR,-3.8387419354838705
Nicaragua,NIC,2021-03,SAP,21.682096774193546
Nicaragua,NIC,2021-04,RCF,0.6285333333333333
Nicaragua,NIC,2021-04,TP,4.214266666666666
Nicaragua,NIC,2021-04,KTR,-8.3905
Nicaragua,NIC,2021-04,SAP,24.080933333333334
Nicaragua,NIC,2021-05,RCF,8.658935483870968
Nicaragua,NIC,2021-05,TP,13.446967741935484
Nicaragua,NIC,2021-05,KTR,1.2995483870967743
Nicaragua,NIC,2021-05,SAP,33.17051612903226
Nicaragua,NIC,2021-06,RCF,13.781033333333333
Nicaragua,NIC,2021-06,TP,15.019066666666667
Nicaragua,NIC,2021-06,KTR,3.1047000000000002
Nicaragua,NIC,2021-06,SAP,36.381033333333335
Nicaragua,NIC,2021-07,RCF,13.290290322580645
Nicaragua,NIC,2021-07,TP,11.981548387096774
Nicaragua,NIC,2021-07,KTR,-4.281064516129032
Nicaragua,NIC,2021-07,SAP,37.82029032258065
Nicaragua,NIC,2021-08,RCF,16.571419354838707
Nicaragua,NIC,2021-08,TP,15.488483870967743
Nicaragua,NIC,2021-08,KTR,2.5990967741935487
Nicaragua,NIC,2021-08,SAP,44.35477419354839
Nicaragua,NIC,2021-09,RCF,7.276166666666667
Nicaragua,NIC,2021-09,TP,7.533366666666667
Nicaragua,NIC,2021-09,KTR,-6.9524333333333335
Nicaragua,NIC,2021-09,SAP,40.2953
Nicaragua,NIC,2021-10,RCF,17.857129032258065
Nicaragua,NIC,2021-10,TP,14.451677419354839
Nicaragua,NIC,2021-10,KTR,4.410129032258064
Nicaragua,NIC,2021-10,SAP,46.89864516129032
Nicaragua,NIC,2021-11,RCF,27.242833333333333
Nicaragua,NIC,2021-11,TP,19.857266666666664
Nicaragua,NIC,2021-11,KTR,6.466666666666667
Nicaragua,NIC,2021-11,SAP,54.98093333333333
Nicaragua,NIC,2021-12,RCF,43.05996774193548
Nicaragua,NIC,2021-12,TP,32.13361290322581
Nicaragua,NIC,2021-12,KTR,2.7649354838709677
Nicaragua,NIC,2021-12,SAP,71.8848064516129
Nicaragua,NIC,2022-01,RCF,30.543709677419354
Nicaragua,NIC,2022-01,TP,23.354870967741935
Nicaragua,NIC,2022-01,KTR,7.571419354838709
Nicaragua,NIC,2022-01,SAP,58.718870967741935
Nicaragua,NIC,2022-02,RCF,32.699
Nicaragua,NIC,2022-02,TP,25.260178571428572
Nicaragua,NIC,2022-02,KTR,21.33160714285714
Nicaragua,NIC,2022-02,SAP,58.52553571428571
Nicaragua,NIC,2022-03,RCF,34.4793870967742
Nicaragua,NIC,2022-03,TP,34.797322580645165
Nicaragua,NIC,2022-03,KTR,32.53922580645161
Nicaragua,NIC,2022-03,SAP,54.91716129032258
Nicaragua,NIC,2022-04,RCF,32.67613333333333
Nicaragua,NIC,2022-04,TP,31.885666666666665
Nicaragua,NIC,2022-04,KTR,21.790466666666664
Nicaragua,NIC,2022-04,SAP,53.390499999999996
Nicaragua,NIC,2022-05,RCF,34.76032258064516
Nicaragua,NIC,2022-05,TP,34.20274193548387
Nicaragua,NIC,2022-05,KTR,33.73270967741935
Nicaragua,NIC,2022-05,SAP,56.534612903225806
Nicaragua,NIC,2022-06,RCF,32.314233333333334
Nicaragua,NIC,2022-06,TP,33.04773333333333
Nicaragua,NIC,2022-06,KTR,34.2618
Nicaragua,NIC,2022-06,SAP,56.6047
Nicaragua,NIC,2022-07,RCF,35.82845
Nicaragua,NIC,2022-07,TP,31.4286
Nicaragua,NIC,2022-07,KTR,27.1928
Nicaragua,NIC,2022-07,SAP,58.907050000000005
Niger,NER,2020-02,RCF,1.6508461538461536
Niger,NER,2020-02,TP,2.960461538461539
Niger,NER,2020-02,KTR,3.8408461538461536
Niger,NER,2020-02,SAP,3.1076923076923078
Niger,NER,2020-03,RCF,-2.682
Niger,NER,2020-03,TP,-3.811032258064516
Niger,NER,2020-03,KTR,1.0368387096774192
Niger,NER,2020-03,SAP,-1.488483870967742
Niger,NER,2020-04,RCF,-21.776166666666665
Niger,NER,2020-04,TP,-32.133433333333336
Niger,NER,2020-04,KTR,-17.7953
Niger,NER,2020-04,SAP,-12.338133333333333
Niger,NER,2020-05,RCF,-14.76032258064516
Niger,NER,2020-05,TP,-28.677419354838708
Niger,NER,2020-05,KTR,-10.566870967741934
Niger,NER,2020-05,SAP,-2.89858064516129
Niger,NER,2020-06,RCF,2.1572
Niger,NER,2020-06,TP,-9.142833333333334
Niger,NER,2020-06,KTR,-1.4095
Niger,NER,2020-06,SAP,6.8524
Niger,NER,2020-07,RCF,2.8848387096774197
Niger,NER,2020-07,TP,-3.9079032258064514
Niger,NER,2020-07,KTR,-6.774129032258064
Niger,NER,2020-07,SAP,4.8019354838709685
Niger,NER,2020-08,RCF,2.41875
Niger,NER,2020-08,TP,-8.7235
Niger,NER,2020-08,KTR,-20.58074193548387
Niger,NER,2020-08,SAP,1.8069
Niger,NER,2020-09,RCF,30.482388888888888
Niger,NER,2020-09,TP,17.524
Niger,NER,2020-09,KTR,-17.33806666666667
Niger,NER,2020-09,SAP,-5.773611111111111
Niger,NER,2020-10,RCF,16.51606451612903
Niger,NER,2020-10,TP,9.055322580645162
Niger,NER,2020-10,KTR,-22.285645161290322
Niger,NER,2020-10,SAP,-2.3456451612903226
Niger,NER,2020-11,RCF,17.780933333333333
Niger,NER,2020-11,TP,20.1143
Niger,NER,2020-11,KTR,-15.938099999999999
Niger,NER,2020-11,SAP,-0.9047666666666667
Niger,NER,2020-12,RCF,17.529903225806454
Niger,NER,2020-12,TP,26.258064516129032
Niger,NER,2020-12,KTR,-20.046032258064518
Niger,NER,2020-12,SAP,7.087516129032258
Niger,NER,2021-01,RCF,17.889387096774193
Niger,NER,2021-01,TP,19.520741935483873
Niger,NER,2021-01,KTR,-14.423967741935485
Niger,NER,2021-01,SAP,7.341
Niger,NER,2021-02,RCF,21.596892857142855
Niger,NER,2021-02,TP,13.280607142857145
Niger,NER,2021-02,KTR,-21.852035714285712
Niger,NER,2021-02,SAP,-13.102107142857145
Niger,NER,2021-03,RCF,4.884774193548387
Niger,NER,2021-03,TP,7.98616129032258
Niger,NER,2021-03,KTR,-32.580677419354835
Niger,NER,2021-03,SAP,-27.364032258064515
Niger,NER,2021-04,RCF,31.46193333333333
Niger,NER,2021-04,TP,39.4809
Niger,NER,2021-04,KTR,-15.995233333333333
Niger,NER,2021-04,SAP,-3.7189666666666668
Niger,NER,2021-05,RCF,40.0968064516129
Niger,NER,2021-05,TP,42.709645161290325
Niger,NER,2021-05,KTR,-11.42858064516129
Niger,NER,2021-05,SAP,2.576032258064516
Niger,NER,2021-06,RCF,61.60476666666667
Niger,NER,2021-06,TP,52.01423333333333
Niger,NER,2021-06,KTR,-6.585566666666667
Niger,NER,2021-06,SAP,14.647733333333333
Niger,NER,2021-07,RCF,65.73283870967742
Niger,NER,2021-07,TP,56.48848387096774
Niger,NER,2021-07,KTR,-14.788064516129033
Niger,NER,2021-07,SAP,16.976903225806453
Niger,NER,2021-08,RCF,71.52529032258064
Niger,NER,2021-08,TP,58.99083870967742
Niger,NER,2021-08,KTR,-17.16583870967742
Niger,NER,2021-08,SAP,18.21193548387097
Niger,NER,2021-09,RCF,78.80006666666667
Niger,NER,2021-09,TP,62.99046666666666
Niger,NER,2021-09,KTR,-10.7858
Niger,NER,2021-09,SAP,20.204666666666665
Niger,NER,2021-10,RCF,80.94470967741935
Niger,NER,2021-10,TP,59.14283870967741
Niger,NER,2021-10,KTR,-5.695838709677419
Niger,NER,2021-10,SAP,22.105967741935483
Niger,NER,2021-11,RCF,81.20006666666667
Niger,NER,2021-11,TP,62.0762
Niger,NER,2021-11,KTR,1.8095999999999999
Niger,NER,2021-11,SAP,20.695266666666665
Niger,NER,2021-12,RCF,87.37783870967742
Niger,NER,2021-12,TP,66.75112903225806
Niger,NER,2021-12,KTR,8.86183870967742
Niger,NER,2021-12,SAP,25.672870967741932
Niger,NER,2022-01,RCF,83.68661290322581
Niger,NER,2022-01,TP,65.62209677419355
Niger,NER,2022-01,KTR,19.041451612903224
Niger,NER,2022-01,SAP,25.05532258064516
Niger,NER,2022-02,RCF,93.9285357142857
Niger,NER,2022-02,TP,77.39792857142857
Niger,NER,2022-02,KTR,33.096964285714286
Niger,NER,2022-02,SAP,26.806142857142856
Niger,NER,2022-03,RCF,132.15206451612903
Niger,NER,2022-03,TP,152.67741935483872
Niger,NER,2022-03,KTR,61.34554838709678
Niger,NER,2022-03,SAP,55.4608064516129
Niger,NER,2022-04,RCF,118.03803333333333
Niger,NER,2022-04,TP,152.4524
Niger,NER,2022-04,KTR,67.75243333333334
Niger,NER,2022-04,SAP,52.10476666666667
Niger,NER,2022-05,RCF,124.2625806451613
Niger,NER,2022-05,TP,149.76503225806454
Niger,NER,2022-05,KTR,62.635935483870966
Niger,NER,2022-05,SAP,49.67741935483871
Niger,NER,2022-06,RCF,127.53803333333333
Niger,NER,2022-06,TP,165.80473333333333
Niger,NER,2022-06,KTR,64.12859999999999
Niger,NER,2022-06,SAP,50.342933333333335
Niger,NER,2022-07,RCF,127.06424999999999
Niger,NER,2022-07,TP,166.36425
Niger,NER,2022-07,KTR,44.88575
Niger,NER,2022-07,SAP,51.593
Nigeria,NGA,2020-02,RCF,-0.17823076923076925
Nigeria,NGA,2020-02,TP,-0.2785384615384615
Nigeria,NGA,2020-02,KTR,1.980076923076923
Nigeria,NGA,2020-02,SAP,-2.875230769230769
Nigeria,NGA,2020-03,RCF,-5.562225806451613
Nigeria,NGA,2020-03,TP,-3.8110967741935484
Nigeria,NGA,2020-03,KTR,-3.1151935483870967
Nigeria,NGA,2020-03,SAP,-2.405548387096774
Nigeria,NGA,2020-04,RCF,-52.7952
Nigeria,NGA,2020-04,TP,-51.614333333333335
Nigeria,NGA,2020-04,KTR,-43.0048
Nigeria,NGA,2020-04,SAP,-40.033366666666666
Nigeria,NGA,2020-05,RCF,-42.23041935483871
Nigeria,NGA,2020-05,TP,-37.7188064516129
Nigeria,NGA,2020-05,KTR,-30.073709677419355
Nigeria,NGA,2020-05,SAP,-31.94932258064516
Nigeria,NGA,2020-06,RCF,-26.7619
Nigeria,NGA,2020-06,TP,-23.161966666666668
Nigeria,NGA,2020-06,KTR,-16.3857
Nigeria,NGA,2020-06,SAP,-18.104766666666666
Nigeria,NGA,2020-07,RCF,-17.631387096774194
Nigeria,NGA,2020-07,TP,-11.492967741935484
Nigeria,NGA,2020-07,KTR,-12.894096774193548
Nigeria,NGA,2020-07,SAP,-7.824903225806452
Nigeria,NGA,2020-08,RCF,-12.391645161290324
Nigeria,NGA,2020-08,TP,-1.861741935483871
Nigeria,NGA,2020-08,KTR,-11.774129032258065
Nigeria,NGA,2020-08,SAP,-1.958483870967742
Nigeria,NGA,2020-09,RCF,-10.923733333333333
Nigeria,NGA,2020-09,TP,4.0
Nigeria,NGA,2020-09,KTR,-9.280933333333333
Nigeria,NGA,2020-09,SAP,-1.2048666666666668
Nigeria,NGA,2020-10,RCF,-21.93551612903226
Nigeria,NGA,2020-10,TP,-5.267258064516129
Nigeria,NGA,2020-10,KTR,-21.562290322580647
Nigeria,NGA,2020-10,SAP,-8.35941935483871
Nigeria,NGA,2020-11,RCF,-12.937999999999999
Nigeria,NGA,2020-11,TP,7.6429
Nigeria,NGA,2020-11,KTR,-13.8905
Nigeria,NGA,2020-11,SAP,-2.8142
Nigeria,NGA,2020-12,RCF,-7.41941935483871
Nigeria,NGA,2020-12,TP,18.709709677419355
Nigeria,NGA,2020-12,KTR,-14.74648387096774
Nigeria,NGA,2020-12,SAP,6.119774193548387
Nigeria,NGA,2021-01,RCF,-13.608225806451614
Nigeria,NGA,2021-01,TP,2.8570967741935482
Nigeria,NGA,2021-01,KTR,-19.81567741935484
Nigeria,NGA,2021-01,SAP,-2.211935483870968
Nigeria,NGA,2021-02,RCF,-8.040821428571428
Nigeria,NGA,2021-02,TP,7.505
Nigeria,NGA,2021-02,KTR,-13.943857142857143
Nigeria,NGA,2021-02,SAP,3.0051785714285715
Nigeria,NGA,2021-03,RCF,-2.718935483870968
Nigeria,NGA,2021-03,TP,12.69116129032258
Nigeria,NGA,2021-03,KTR,-7.6819999999999995
Nigeria,NGA,2021-03,SAP,9.626741935483873
Nigeria,NGA,2021-04,RCF,0.30483333333333335
Nigeria,NGA,2021-04,TP,14.733300000000002
Nigeria,NGA,2021-04,KTR,-10.395299999999999
Nigeria,NGA,2021-04,SAP,15.114333333333333
Nigeria,NGA,2021-05,RCF,4.728032258064515
Nigeria,NGA,2021-05,TP,20.087451612903227
Nigeria,NGA,2021-05,KTR,-5.677483870967742
Nigeria,NGA,2021-05,SAP,21.105999999999998
Nigeria,NGA,2021-06,RCF,13.1286
Nigeria,NGA,2021-06,TP,26.095133333333333
Nigeria,NGA,2021-06,KTR,1.0428666666666666
Nigeria,NGA,2021-06,SAP,27.5809
Nigeria,NGA,2021-07,RCF,17.225806451612904
Nigeria,NGA,2021-07,TP,29.446967741935484
Nigeria,NGA,2021-07,KTR,0.2073870967741935
Nigeria,NGA,2021-07,SAP,31.06448387096774
Nigeria,NGA,2021-08,RCF,19.31332258064516
Nigeria,NGA,2021-08,TP,30.93548387096774
Nigeria,NGA,2021-08,KTR,3.281096774193548
Nigeria,NGA,2021-08,SAP,31.308741935483873
Nigeria,NGA,2021-09,RCF,19.42866666666667
Nigeria,NGA,2021-09,TP,30.8239
Nigeria,NGA,2021-09,KTR,4.190433333333333
Nigeria,NGA,2021-09,SAP,30.428600000000003
Nigeria,NGA,2021-10,RCF,23.124419354838707
Nigeria,NGA,2021-10,TP,32.645161290322584
Nigeria,NGA,2021-10,KTR,4.834096774193548
Nigeria,NGA,2021-10,SAP,31.064612903225807
Nigeria,NGA,2021-11,RCF,29.471400000000003
Nigeria,NGA,2021-11,TP,35.70473333333334
Nigeria,NGA,2021-11,KTR,8.9571
Nigeria,NGA,2021-11,SAP,34.995266666666666
Nigeria,NGA,2021-12,RCF,36.15206451612903
Nigeria,NGA,2021-12,TP,40.51609677419355
Nigeria,NGA,2021-12,KTR,5.281161290322581
Nigeria,NGA,2021-12,SAP,44.60364516129032
Nigeria,NGA,2022-01,RCF,31.216580645161294
Nigeria,NGA,2022-01,TP,31.875580645161293
Nigeria,NGA,2022-01,KTR,8.184354838709677
Nigeria,NGA,2022-01,SAP,37.654387096774194
Nigeria,NGA,2022-02,RCF,40.59692857142857
Nigeria,NGA,2022-02,TP,38.73471428571429
Nigeria,NGA,2022-02,KTR,29.148
Nigeria,NGA,2022-02,SAP,43.23978571428571
Nigeria,NGA,2022-03,RCF,63.32251612903226
Nigeria,NGA,2022-03,TP,53.764935483870964
Nigeria,NGA,2022-03,KTR,42.80190322580645
Nigeria,NGA,2022-03,SAP,55.99541935483871
Nigeria,NGA,2022-04,RCF,67.22373333333333
Nigeria,NGA,2022-04,TP,53.857099999999996
Nigeria,NGA,2022-04,KTR,38.07143333333333
Nigeria,NGA,2022-04,SAP,60.71423333333333
Nigeria,NGA,2022-05,RCF,68.30419354838709
Nigeria,NGA,2022-05,TP,55.949387096774196
Nigeria,NGA,2022-05,KTR,39.152032258064516
Nigeria,NGA,2022-05,SAP,62.70967741935484
Nigeria,NGA,2022-06,RCF,66.51433333333334
Nigeria,NGA,2022-06,TP,58.5667
Nigeria,NGA,2022-06,KTR,45.271499999999996
Nigeria,NGA,2022-06,SAP,64.25713333333333
Nigeria,NGA,2022-07,RCF,65.13565
Nigeria,NGA,2022-07,TP,57.24294999999999
Nigeria,NGA,2022-07,KTR,36.77865
Nigeria,NGA,2022-07,SAP,65.0285
North Macedonia,MKD,2020-02,RCF,3.920076923076923
North Macedonia,MKD,2020-02,TP,3.7982307692307695
North Macedonia,MKD,2020-02,KTR,7.160846153846155
North Macedonia,MKD,2020-02,SAP,5.786076923076923
North Macedonia,MKD,2020-03,RCF,-29.129032258064516
North Macedonia,MKD,2020-03,TP,-26.79725806451613
North Macedonia,MKD,2020-03,KTR,-17.267290322580646
North Macedonia,MKD,2020-03,SAP,-4.525451612903226
North Macedonia,MKD,2020-04,RCF,-65.3715
North Macedonia,MKD,2020-04,TP,-65.49056666666667
North Macedonia,MKD,2020-04,KTR,-56.228566666666666
North Macedonia,MKD,2020-04,SAP,-34.26663333333333
North Macedonia,MKD,2020-05,RCF,-46.39167741935484
North Macedonia,MKD,2020-05,TP,-48.479225806451616
North Macedonia,MKD,2020-05,KTR,-37.912451612903226
North Macedonia,MKD,2020-05,SAP,-15.80190322580645
North Macedonia,MKD,2020-06,RCF,-23.252433333333332
North Macedonia,MKD,2020-06,TP,-36.75706666666667
North Macedonia,MKD,2020-06,KTR,-21.647566666666666
North Macedonia,MKD,2020-06,SAP,-4.642766666666668
North Macedonia,MKD,2020-07,RCF,-8.497709677419355
North Macedonia,MKD,2020-07,TP,-26.184354838709677
North Macedonia,MKD,2020-07,KTR,-19.009129032258066
North Macedonia,MKD,2020-07,SAP,3.5253225806451614
North Macedonia,MKD,2020-08,RCF,-7.608354838709677
North Macedonia,MKD,2020-08,TP,-26.99541935483871
North Macedonia,MKD,2020-08,KTR,-25.695870967741936
North Macedonia,MKD,2020-08,SAP,1.6820000000000002
North Macedonia,MKD,2020-09,RCF,-7.542933333333334
North Macedonia,MKD,2020-09,TP,-21.471466666666668
North Macedonia,MKD,2020-09,KTR,-19.599966666666667
North Macedonia,MKD,2020-09,SAP,-0.7665666666666666
North Macedonia,MKD,2020-10,RCF,-15.820258064516128
North Macedonia,MKD,2020-10,TP,-21.092129032258065
North Macedonia,MKD,2020-10,KTR,-19.47467741935484
North Macedonia,MKD,2020-10,SAP,-1.553
North Macedonia,MKD,2020-11,RCF,-27.15716666666667
North Macedonia,MKD,2020-11,TP,-34.70953333333333
North Macedonia,MKD,2020-11,KTR,-23.2476
North Macedonia,MKD,2020-11,SAP,-7.218999999999999
North Macedonia,MKD,2020-12,RCF,-23.78806451612903
North Macedonia,MKD,2020-12,TP,-32.24887096774194
North Macedonia,MKD,2020-12,KTR,-23.608290322580643
North Macedonia,MKD,2020-12,SAP,-1.953935483870968
North Macedonia,MKD,2021-01,RCF,-25.48390322580645
North Macedonia,MKD,2021-01,TP,-35.27641935483871
North Macedonia,MKD,2021-01,KTR,-30.216548387096772
North Macedonia,MKD,2021-01,SAP,-5.635935483870968
North Macedonia,MKD,2021-02,RCF,-20.39785714285714
North Macedonia,MKD,2021-02,TP,-32.34703571428572
North Macedonia,MKD,2021-02,KTR,-19.831535714285714
North Macedonia,MKD,2021-02,SAP,-2.1682857142857146
North Macedonia,MKD,2021-03,RCF,-20.79267741935484
North Macedonia,MKD,2021-03,TP,-31.907774193548384
North Macedonia,MKD,2021-03,KTR,-20.718806451612902
North Macedonia,MKD,2021-03,SAP,2.8340967741935486
North Macedonia,MKD,2021-04,RCF,-30.418999999999997
North Macedonia,MKD,2021-04,TP,-33.19996666666667
North Macedonia,MKD,2021-04,KTR,-26.685733333333335
North Macedonia,MKD,2021-04,SAP,7.904733333333334
North Macedonia,MKD,2021-05,RCF,-9.958516129032258
North Macedonia,MKD,2021-05,TP,-23.760354838709677
North Macedonia,MKD,2021-05,KTR,-26.022967741935485
North Macedonia,MKD,2021-05,SAP,16.073774193548388
North Macedonia,MKD,2021-06,RCF,-1.7095999999999998
North Macedonia,MKD,2021-06,TP,-14.766666666666667
North Macedonia,MKD,2021-06,KTR,-18.585800000000003
North Macedonia,MKD,2021-06,SAP,19.3191
North Macedonia,MKD,2021-07,RCF,9.640612903225806
North Macedonia,MKD,2021-07,TP,-6.341032258064517
North Macedonia,MKD,2021-07,KTR,-18.90783870967742
North Macedonia,MKD,2021-07,SAP,27.617451612903224
North Macedonia,MKD,2021-08,RCF,10.451548387096773
North Macedonia,MKD,2021-08,TP,-0.9216451612903225
North Macedonia,MKD,2021-08,KTR,-26.921612903225803
North Macedonia,MKD,2021-08,SAP,34.50696774193548
North Macedonia,MKD,2021-09,RCF,-3.214233333333333
North Macedonia,MKD,2021-09,TP,-6.0858333333333325
North Macedonia,MKD,2021-09,KTR,-16.8
North Macedonia,MKD,2021-09,SAP,27.204666666666665
North Macedonia,MKD,2021-10,RCF,-3.497709677419355
North Macedonia,MKD,2021-10,TP,-4.718870967741935
North Macedonia,MKD,2021-10,KTR,-10.493129032258066
North Macedonia,MKD,2021-10,SAP,24.00925806451613
North Macedonia,MKD,2021-11,RCF,-2.6332333333333335
North Macedonia,MKD,2021-11,TP,4.7619
North Macedonia,MKD,2021-11,KTR,-7.623633333333333
North Macedonia,MKD,2021-11,SAP,23.53323333333333
North Macedonia,MKD,2021-12,RCF,-0.1981290322580645
North Macedonia,MKD,2021-12,TP,1.9170967741935483
North Macedonia,MKD,2021-12,KTR,-5.092096774193548
North Macedonia,MKD,2021-12,SAP,26.391709677419357
North Macedonia,MKD,2022-01,RCF,-5.534580645161291
North Macedonia,MKD,2022-01,TP,-11.520741935483871
North Macedonia,MKD,2022-01,KTR,-24.626677419354838
North Macedonia,MKD,2022-01,SAP,18.83874193548387
North Macedonia,MKD,2022-02,RCF,-2.4285357142857142
North Macedonia,MKD,2022-02,TP,-7.86225
North Macedonia,MKD,2022-02,KTR,-2.219357142857143
North Macedonia,MKD,2022-02,SAP,22.22960714285714
North Macedonia,MKD,2022-03,RCF,-4.350225806451613
North Macedonia,MKD,2022-03,TP,-3.967806451612903
North Macedonia,MKD,2022-03,KTR,3.359483870967742
North Macedonia,MKD,2022-03,SAP,19.631290322580647
North Macedonia,MKD,2022-04,RCF,-0.009600000000000069
North Macedonia,MKD,2022-04,TP,0.5047333333333334
North Macedonia,MKD,2022-04,KTR,-5.752433333333333
North Macedonia,MKD,2022-04,SAP,23.5238
North Macedonia,MKD,2022-05,RCF,5.599064516129032
North Macedonia,MKD,2022-05,TP,7.8432258064516125
North Macedonia,MKD,2022-05,KTR,-4.152064516129032
North Macedonia,MKD,2022-05,SAP,25.631354838709676
North Macedonia,MKD,2022-06,RCF,4.042833333333333
North Macedonia,MKD,2022-06,TP,6.0524000000000004
North Macedonia,MKD,2022-06,KTR,-6.4619
North Macedonia,MKD,2022-06,SAP,25.9572
North Macedonia,MKD,2022-07,RCF,8.22855
North Macedonia,MKD,2022-07,TP,7.46425
North Macedonia,MKD,2022-07,KTR,-10.207049999999999
North Macedonia,MKD,2022-07,SAP,28.55005
Norway,NOR,2020-02,RCF,0.5042307692307693
Norway,NOR,2020-02,TP,-1.0506153846153845
Norway,NOR,2020-02,KTR,-7.384692307692308
Norway,NOR,2020-02,SAP,1.3539230769230768
Norway,NOR,2020-03,RCF,-26.10132258064516
Norway,NOR,2020-03,TP,-28.267290322580646
Norway,NOR,2020-03,KTR,-23.976903225806453
Norway,NOR,2020-03,SAP,-4.714322580645161
Norway,NOR,2020-04,RCF,-36.37146666666667
Norway,NOR,2020-04,TP,-46.585699999999996
Norway,NOR,2020-04,KTR,-45.7286
Norway,NOR,2020-04,SAP,-7.9088
Norway,NOR,2020-05,RCF,-16.52993548387097
Norway,NOR,2020-05,TP,-31.152129032258063
Norway,NOR,2020-05,KTR,-28.516064516129035
Norway,NOR,2020-05,SAP,3.0698709677419354
Norway,NOR,2020-06,RCF,0.8571666666666667
Norway,NOR,2020-06,TP,-16.42856666666667
Norway,NOR,2020-06,KTR,-20.366766666666667
Norway,NOR,2020-06,SAP,13.952433333333333
Norway,NOR,2020-07,RCF,10.193548387096774
Norway,NOR,2020-07,TP,-17.520741935483873
Norway,NOR,2020-07,KTR,-39.354838709677416
Norway,NOR,2020-07,SAP,14.327258064516128
Norway,NOR,2020-08,RCF,0.8848064516129033
Norway,NOR,2020-08,TP,-17.382516129032258
Norway,NOR,2020-08,KTR,-28.714290322580645
Norway,NOR,2020-08,SAP,9.732645161290323
Norway,NOR,2020-09,RCF,-4.695266666666667
Norway,NOR,2020-09,TP,-23.885766666666665
Norway,NOR,2020-09,KTR,-17.509566666666668
Norway,NOR,2020-09,SAP,2.9714666666666667
Norway,NOR,2020-10,RCF,-6.668129032258065
Norway,NOR,2020-10,TP,-29.511548387096774
Norway,NOR,2020-10,KTR,-16.668193548387094
Norway,NOR,2020-10,SAP,2.3779032258064516
Norway,NOR,2020-11,RCF,-14.914333333333333
Norway,NOR,2020-11,TP,-41.28573333333334
Norway,NOR,2020-11,KTR,-18.890533333333334
Norway,NOR,2020-11,SAP,-0.7429333333333333
Norway,NOR,2020-12,RCF,-10.53916129032258
Norway,NOR,2020-12,TP,-46.06448387096774
Norway,NOR,2020-12,KTR,-27.63590322580645
Norway,NOR,2020-12,SAP,8.01848387096774
Norway,NOR,2021-01,RCF,-31.65890322580645
Norway,NOR,2021-01,TP,-50.599096774193555
Norway,NOR,2021-01,KTR,-30.98616129032258
Norway,NOR,2021-01,SAP,-13.184290322580646
Norway,NOR,2021-02,RCF,-25.556035714285713
Norway,NOR,2021-02,TP,-46.938785714285714
Norway,NOR,2021-02,KTR,-22.693928571428568
Norway,NOR,2021-02,SAP,-5.821392857142857
Norway,NOR,2021-03,RCF,-24.064548387096774
Norway,NOR,2021-03,TP,-44.036903225806455
Norway,NOR,2021-03,KTR,-23.336419354838707
Norway,NOR,2021-03,SAP,0.2948387096774193
Norway,NOR,2021-04,RCF,-27.819066666666668
Norway,NOR,2021-04,TP,-42.619
Norway,NOR,2021-04,KTR,-29.176133333333333
Norway,NOR,2021-04,SAP,-3.5619333333333336
Norway,NOR,2021-05,RCF,-14.050709677419356
Norway,NOR,2021-05,TP,-34.884838709677425
Norway,NOR,2021-05,KTR,-23.98609677419355
Norway,NOR,2021-05,SAP,4.575967741935483
Norway,NOR,2021-06,RCF,6.1380333333333335
Norway,NOR,2021-06,TP,-23.514266666666668
Norway,NOR,2021-06,KTR,-17.3619
Norway,NOR,2021-06,SAP,16.499966666666666
Norway,NOR,2021-07,RCF,12.995225806451613
Norway,NOR,2021-07,TP,-19.290387096774193
Norway,NOR,2021-07,KTR,-37.92167741935484
Norway,NOR,2021-07,SAP,20.336483870967744
Norway,NOR,2021-08,RCF,13.009225806451614
Norway,NOR,2021-08,TP,-14.30416129032258
Norway,NOR,2021-08,KTR,-25.585290322580644
Norway,NOR,2021-08,SAP,19.401
Norway,NOR,2021-09,RCF,7.271433333333333
Norway,NOR,2021-09,TP,-13.876166666666668
Norway,NOR,2021-09,KTR,-12.7715
Norway,NOR,2021-09,SAP,12.561866666666667
Norway,NOR,2021-10,RCF,2.700483870967742
Norway,NOR,2021-10,TP,-19.364032258064515
Norway,NOR,2021-10,KTR,-15.271967741935484
Norway,NOR,2021-10,SAP,4.4193870967741935
Norway,NOR,2021-11,RCF,3.9381
Norway,NOR,2021-11,TP,-19.104666666666667
Norway,NOR,2021-11,KTR,-12.823833333333335
Norway,NOR,2021-11,SAP,5.5714
Norway,NOR,2021-12,RCF,-1.1198709677419356
Norway,NOR,2021-12,TP,-34.25348387096774
Norway,NOR,2021-12,KTR,-27.70974193548387
Norway,NOR,2021-12,SAP,15.35483870967742
Norway,NOR,2022-01,RCF,-19.424
Norway,NOR,2022-01,TP,-42.69587096774194
Norway,NOR,2022-01,KTR,-27.69583870967742
Norway,NOR,2022-01,SAP,-6.009225806451613
Norway,NOR,2022-02,RCF,-10.010214285714286
Norway,NOR,2022-02,TP,-33.081607142857145
Norway,NOR,2022-02,KTR,-19.474535714285715
Norway,NOR,2022-02,SAP,-2.3674285714285714
Norway,NOR,2022-03,RCF,-5.221193548387097
Norway,NOR,2022-03,TP,-23.769548387096773
Norway,NOR,2022-03,KTR,-14.170483870967743
Norway,NOR,2022-03,SAP,-0.33180645161290323
Norway,NOR,2022-04,RCF,-6.585800000000001
Norway,NOR,2022-04,TP,-21.747666666666664
Norway,NOR,2022-04,KTR,-21.695266666666665
Norway,NOR,2022-04,SAP,-2.9762
Norway,NOR,2022-05,RCF,5.594483870967742
Norway,NOR,2022-05,TP,-10.152096774193547
Norway,NOR,2022-05,KTR,-13.930774193548386
Norway,NOR,2022-05,SAP,5.953870967741936
Norway,NOR,2022-06,RCF,9.895233333333332
Norway,NOR,2022-06,TP,-0.24286666666666665
Norway,NOR,2022-06,KTR,-16.309666666666665
Norway,NOR,2022-06,SAP,11.114266666666667
Norway,NOR,2022-07,RCF,7.9857
Norway,NOR,2022-07,TP,-6.97855
Norway,NOR,2022-07,KTR,-34.60725
Norway,NOR,2022-07,SAP,10.88565
Oman,OMN,2020-02,RCF,-3.311153846153846
Oman,OMN,2020-02,TP,-0.833076923076923
Oman,OMN,2020-02,KTR,6.063692307692308
Oman,OMN,2020-02,SAP,-3.9440769230769233
Oman,OMN,2020-03,RCF,-18.419290322580647
Oman,OMN,2020-03,TP,-24.479322580645164
Oman,OMN,2020-03,KTR,-5.221258064516129
Oman,OMN,2020-03,SAP,-10.57141935483871
Oman,OMN,2020-04,RCF,-57.63333333333333
Oman,OMN,2020-04,TP,-69.7239
Oman,OMN,2020-04,KTR,-40.699933333333334
Oman,OMN,2020-04,SAP,-40.82383333333333
Oman,OMN,2020-05,RCF,-53.050709677419356
Oman,OMN,2020-05,TP,-65.75109677419356
Oman,OMN,2020-05,KTR,-39.47
Oman,OMN,2020-05,SAP,-38.083000000000006
Oman,OMN,2020-06,RCF,-38.68566666666666
Oman,OMN,2020-06,TP,-55.199933333333334
Oman,OMN,2020-06,KTR,-26.719
Oman,OMN,2020-06,SAP,-29.090500000000002
Oman,OMN,2020-07,RCF,-30.843225806451613
Oman,OMN,2020-07,TP,-48.087548387096774
Oman,OMN,2020-07,KTR,-24.267225806451613
Oman,OMN,2020-07,SAP,-21.921645161290325
Oman,OMN,2020-08,RCF,-36.91248387096774
Oman,OMN,2020-08,TP,-52.63132258064516
Oman,OMN,2020-08,KTR,-30.709612903225807
Oman,OMN,2020-08,SAP,-27.60825806451613
Oman,OMN,2020-09,RCF,-26.828533333333333
Oman,OMN,2020-09,TP,-41.64276666666667
Oman,OMN,2020-09,KTR,-22.1095
Oman,OMN,2020-09,SAP,-19.523833333333336
Oman,OMN,2020-10,RCF,-31.21658064516129
Oman,OMN,2020-10,TP,-39.000032258064515
Oman,OMN,2020-10,KTR,-26.64058064516129
Oman,OMN,2020-10,SAP,-18.976935483870967
Oman,OMN,2020-11,RCF,-26.666733333333333
Oman,OMN,2020-11,TP,-36.8096
Oman,OMN,2020-11,KTR,-25.42846666666667
Oman,OMN,2020-11,SAP,-16.752233333333333
Oman,OMN,2020-12,RCF,-24.884870967741936
Oman,OMN,2020-12,TP,-32.58993548387097
Oman,OMN,2020-12,KTR,-22.54841935483871
Oman,OMN,2020-12,SAP,-15.188967741935484
Oman,OMN,2021-01,RCF,-24.834064516129033
Oman,OMN,2021-01,TP,-28.3871935483871
Oman,OMN,2021-01,KTR,-24.31793548387097
Oman,OMN,2021-01,SAP,-16.147516129032258
Oman,OMN,2021-02,RCF,-24.097071428571432
Oman,OMN,2021-02,TP,-30.423464285714285
Oman,OMN,2021-02,KTR,-26.25
Oman,OMN,2021-02,SAP,-15.377571428571429
Oman,OMN,2021-03,RCF,-23.506870967741936
Oman,OMN,2021-03,TP,-28.843258064516128
Oman,OMN,2021-03,KTR,-28.764967741935486
Oman,OMN,2021-03,SAP,-10.85725806451613
Oman,OMN,2021-04,RCF,-32.9999
Oman,OMN,2021-04,TP,-37.6905
Oman,OMN,2021-04,KTR,-32.0667
Oman,OMN,2021-04,SAP,-12.728633333333333
Oman,OMN,2021-05,RCF,-31.999967741935485
Oman,OMN,2021-05,TP,-41.912451612903226
Oman,OMN,2021-05,KTR,-35.50222580645161
Oman,OMN,2021-05,SAP,-10.48383870967742
Oman,OMN,2021-06,RCF,-19.5666
Oman,OMN,2021-06,TP,-31.023866666666667
Oman,OMN,2021-06,KTR,-28.42846666666667
Oman,OMN,2021-06,SAP,-3.428533333333333
Oman,OMN,2021-07,RCF,-31.47474193548387
Oman,OMN,2021-07,TP,-40.99074193548387
Oman,OMN,2021-07,KTR,-39.294935483870965
Oman,OMN,2021-07,SAP,-13.599096774193548
Oman,OMN,2021-08,RCF,-14.894032258064515
Oman,OMN,2021-08,TP,-28.20738709677419
Oman,OMN,2021-08,KTR,-30.11525806451613
Oman,OMN,2021-08,SAP,0.3732258064516129
Oman,OMN,2021-09,RCF,-7.7143
Oman,OMN,2021-09,TP,-17.3191
Oman,OMN,2021-09,KTR,-25.709566666666667
Oman,OMN,2021-09,SAP,5.7523
Oman,OMN,2021-10,RCF,-7.894
Oman,OMN,2021-10,TP,-19.98616129032258
Oman,OMN,2021-10,KTR,-25.548451612903225
Oman,OMN,2021-10,SAP,5.801806451612903
Oman,OMN,2021-11,RCF,-3.9000666666666666
Oman,OMN,2021-11,TP,-16.1334
Oman,OMN,2021-11,KTR,-17.976200000000002
Oman,OMN,2021-11,SAP,9.204733333333333
Oman,OMN,2021-12,RCF,-3.4240000000000004
Oman,OMN,2021-12,TP,-14.576
Oman,OMN,2021-12,KTR,-15.585258064516129
Oman,OMN,2021-12,SAP,11.331870967741937
Oman,OMN,2022-01,RCF,-4.659
Oman,OMN,2022-01,TP,-16.235
Oman,OMN,2022-01,KTR,-14.502322580645162
Oman,OMN,2022-01,SAP,11.732709677419354
Oman,OMN,2022-02,RCF,-1.9030357142857142
Oman,OMN,2022-02,TP,-29.362214285714288
Oman,OMN,2022-02,KTR,-13.101928571428571
Oman,OMN,2022-02,SAP,14.551107142857143
Oman,OMN,2022-03,RCF,0.825
Oman,OMN,2022-03,TP,-34.5438064516129
Oman,OMN,2022-03,KTR,-0.7142258064516128
Oman,OMN,2022-03,SAP,19.967870967741938
Oman,OMN,2022-04,RCF,-7.052333333333333
Oman,OMN,2022-04,TP,-39.509566666666665
Oman,OMN,2022-04,KTR,0.6572333333333333
Oman,OMN,2022-04,SAP,20.871366666666667
Oman,OMN,2022-05,RCF,0.32267741935483873
Oman,OMN,2022-05,TP,-35.66361290322581
Oman,OMN,2022-05,KTR,-9.087451612903227
Oman,OMN,2022-05,SAP,23.175161290322578
Oman,OMN,2022-06,RCF,3.5905
Oman,OMN,2022-06,TP,-31.942833333333333
Oman,OMN,2022-06,KTR,-1.4428666666666667
Oman,OMN,2022-06,SAP,23.785666666666668
Oman,OMN,2022-07,RCF,3.92145
Oman,OMN,2022-07,TP,-32.642849999999996
Oman,OMN,2022-07,KTR,-13.514349999999999
Oman,OMN,2022-07,SAP,26.5928
Pakistan,PAK,2020-02,RCF,2.515076923076923
Pakistan,PAK,2020-02,TP,4.049384615384615
Pakistan,PAK,2020-02,KTR,3.092461538461538
Pakistan,PAK,2020-02,SAP,2.513076923076923
Pakistan,PAK,2020-03,RCF,-16.903193548387097
Pakistan,PAK,2020-03,TP,-11.479290322580646
Pakistan,PAK,2020-03,KTR,-13.54383870967742
Pakistan,PAK,2020-03,SAP,-8.22583870967742
Pakistan,PAK,2020-04,RCF,-61.704766666666664
Pakistan,PAK,2020-04,TP,-53.518966666666664
Pakistan,PAK,2020-04,KTR,-48.038133333333334
Pakistan,PAK,2020-04,SAP,-45.11436666666667
Pakistan,PAK,2020-05,RCF,-44.24896774193549
Pakistan,PAK,2020-05,TP,-39.75109677419355
Pakistan,PAK,2020-05,KTR,-36.97235483870968
Pakistan,PAK,2020-05,SAP,-29.479225806451613
Pakistan,PAK,2020-06,RCF,-33.86666666666667
Pakistan,PAK,2020-06,TP,-27.7524
Pakistan,PAK,2020-06,KTR,-23.9286
Pakistan,PAK,2020-06,SAP,-19.904666666666667
Pakistan,PAK,2020-07,RCF,-24.746548387096777
Pakistan,PAK,2020-07,TP,-21.963064516129034
Pakistan,PAK,2020-07,KTR,-21.612903225806452
Pakistan,PAK,2020-07,SAP,-11.396354838709676
Pakistan,PAK,2020-08,RCF,-17.995322580645162
Pakistan,PAK,2020-08,TP,-13.907774193548388
Pakistan,PAK,2020-08,KTR,-25.059967741935484
Pakistan,PAK,2020-08,SAP,-7.940032258064516
Pakistan,PAK,2020-09,RCF,-7.957133333333333
Pakistan,PAK,2020-09,TP,-5.0809
Pakistan,PAK,2020-09,KTR,-13.2286
Pakistan,PAK,2020-09,SAP,3.9000666666666666
Pakistan,PAK,2020-10,RCF,-3.193451612903226
Pakistan,PAK,2020-10,TP,6.262709677419355
Pakistan,PAK,2020-10,KTR,-6.516129032258065
Pakistan,PAK,2020-10,SAP,18.69590322580645
Pakistan,PAK,2020-11,RCF,-1.0809666666666666
Pakistan,PAK,2020-11,TP,7.580866666666666
Pakistan,PAK,2020-11,KTR,-5.738066666666667
Pakistan,PAK,2020-11,SAP,18.633300000000002
Pakistan,PAK,2020-12,RCF,-0.22583870967741934
Pakistan,PAK,2020-12,TP,14.695870967741936
Pakistan,PAK,2020-12,KTR,-6.221225806451613
Pakistan,PAK,2020-12,SAP,22.069129032258065
Pakistan,PAK,2021-01,RCF,0.8386451612903225
Pakistan,PAK,2021-01,TP,14.32258064516129
Pakistan,PAK,2021-01,KTR,-3.3318064516129033
Pakistan,PAK,2021-01,SAP,21.94009677419355
Pakistan,PAK,2021-02,RCF,8.755071428571428
Pakistan,PAK,2021-02,TP,17.65307142857143
Pakistan,PAK,2021-02,KTR,-1.2805357142857143
Pakistan,PAK,2021-02,SAP,30.775535714285716
Pakistan,PAK,2021-03,RCF,16.06451612903226
Pakistan,PAK,2021-03,TP,24.31793548387097
Pakistan,PAK,2021-03,KTR,0.47003225806451604
Pakistan,PAK,2021-03,SAP,39.71432258064516
Pakistan,PAK,2021-04,RCF,3.4714666666666667
Pakistan,PAK,2021-04,TP,10.414333333333333
Pakistan,PAK,2021-04,KTR,-2.3477
Pakistan,PAK,2021-04,SAP,33.466699999999996
Pakistan,PAK,2021-05,RCF,2.184322580645161
Pakistan,PAK,2021-05,TP,10.603709677419355
Pakistan,PAK,2021-05,KTR,-15.331806451612904
Pakistan,PAK,2021-05,SAP,33.16590322580645
Pakistan,PAK,2021-06,RCF,23.099833333333333
Pakistan,PAK,2021-06,TP,32.46196666666667
Pakistan,PAK,2021-06,KTR,8.566699999999999
Pakistan,PAK,2021-06,SAP,53.1906
Pakistan,PAK,2021-07,RCF,28.161225806451615
Pakistan,PAK,2021-07,TP,35.45625806451613
Pakistan,PAK,2021-07,KTR,0.2810967741935483
Pakistan,PAK,2021-07,SAP,56.69587096774194
Pakistan,PAK,2021-08,RCF,23.239645161290323
Pakistan,PAK,2021-08,TP,31.10606451612903
Pakistan,PAK,2021-08,KTR,2.3732580645161288
Pakistan,PAK,2021-08,SAP,51.82958064516129
Pakistan,PAK,2021-09,RCF,33.32853333333333
Pakistan,PAK,2021-09,TP,33.9048
Pakistan,PAK,2021-09,KTR,12.666566666666666
Pakistan,PAK,2021-09,SAP,60.961933333333334
Pakistan,PAK,2021-10,RCF,41.65441935483871
Pakistan,PAK,2021-10,TP,43.68667741935484
Pakistan,PAK,2021-10,KTR,16.06451612903226
Pakistan,PAK,2021-10,SAP,69.3548064516129
Pakistan,PAK,2021-11,RCF,48.59053333333333
Pakistan,PAK,2021-11,TP,52.228500000000004
Pakistan,PAK,2021-11,KTR,22.7809
Pakistan,PAK,2021-11,SAP,75.50956666666666
Pakistan,PAK,2021-12,RCF,51.17525806451613
Pakistan,PAK,2021-12,TP,56.62209677419355
Pakistan,PAK,2021-12,KTR,27.98616129032258
Pakistan,PAK,2021-12,SAP,77.45154838709678
Pakistan,PAK,2022-01,RCF,46.953870967741935
Pakistan,PAK,2022-01,TP,54.234967741935485
Pakistan,PAK,2022-01,KTR,32.60377419354839
Pakistan,PAK,2022-01,SAP,73.55303225806452
Pakistan,PAK,2022-02,RCF,56.97446428571429
Pakistan,PAK,2022-02,TP,62.81635714285714
Pakistan,PAK,2022-02,KTR,41.21939285714286
Pakistan,PAK,2022-02,SAP,82.89792857142857
Pakistan,PAK,2022-03,RCF,62.91706451612904
Pakistan,PAK,2022-03,TP,79.42396774193548
Pakistan,PAK,2022-03,KTR,49.327225806451615
Pakistan,PAK,2022-03,SAP,85.0322258064516
Pakistan,PAK,2022-04,RCF,41.82846666666667
Pakistan,PAK,2022-04,TP,50.75233333333333
Pakistan,PAK,2022-04,KTR,50.785666666666664
Pakistan,PAK,2022-04,SAP,71.0428
Pakistan,PAK,2022-05,RCF,56.34574193548387
Pakistan,PAK,2022-05,TP,66.71890322580646
Pakistan,PAK,2022-05,KTR,33.07832258064516
Pakistan,PAK,2022-05,SAP,78.05990322580645
Pakistan,PAK,2022-06,RCF,50.85243333333334
Pakistan,PAK,2022-06,TP,62.2333
Pakistan,PAK,2022-06,KTR,45.7476
Pakistan,PAK,2022-06,SAP,74.6953
Pakistan,PAK,2022-07,RCF,47.5714
Pakistan,PAK,2022-07,TP,62.74300000000001
Pakistan,PAK,2022-07,KTR,17.39275
Pakistan,PAK,2022-07,SAP,72.0143
Panama,PAN,2020-02,RCF,-1.312
Panama,PAN,2020-02,TP,-3.2364615384615383
Panama,PAN,2020-02,KTR,-9.000076923076923
Panama,PAN,2020-02,SAP,3.331153846153846
Panama,PAN,2020-03,RCF,-29.308741935483873
Panama,PAN,2020-03,TP,-25.811096774193548
Panama,PAN,2020-03,KTR,-20.704967741935484
Panama,PAN,2020-03,SAP,-12.691290322580645
Panama,PAN,2020-04,RCF,-82.90003333333334
Panama,PAN,2020-04,TP,-79.21430000000001
Panama,PAN,2020-04,KTR,-73.67616666666666
Panama,PAN,2020-04,SAP,-62.45233333333333
Panama,PAN,2020-05,RCF,-75.89854838709678
Panama,PAN,2020-05,TP,-73.18893548387096
Panama,PAN,2020-05,KTR,-65.28567741935484
Panama,PAN,2020-05,SAP,-55.13825806451613
Panama,PAN,2020-06,RCF,-64.23326666666667
Panama,PAN,2020-06,TP,-63.03333333333333
Panama,PAN,2020-06,KTR,-51.59043333333333
Panama,PAN,2020-06,SAP,-41.78096666666667
Panama,PAN,2020-07,RCF,-65.59448387096775
Panama,PAN,2020-07,TP,-66.53454838709678
Panama,PAN,2020-07,KTR,-52.02751612903226
Panama,PAN,2020-07,SAP,-44.470064516129035
Panama,PAN,2020-08,RCF,-62.95383870967742
Panama,PAN,2020-08,TP,-64.31338709677419
Panama,PAN,2020-08,KTR,-51.76496774193548
Panama,PAN,2020-08,SAP,-43.44706451612903
Panama,PAN,2020-09,RCF,-55.36673333333333
Panama,PAN,2020-09,TP,-55.595333333333336
Panama,PAN,2020-09,KTR,-43.90946666666667
Panama,PAN,2020-09,SAP,-33.723800000000004
Panama,PAN,2020-10,RCF,-47.912451612903226
Panama,PAN,2020-10,TP,-46.271967741935484
Panama,PAN,2020-10,KTR,-36.668258064516124
Panama,PAN,2020-10,SAP,-25.811
Panama,PAN,2020-11,RCF,-42.48096666666667
Panama,PAN,2020-11,TP,-42.838100000000004
Panama,PAN,2020-11,KTR,-34.30003333333333
Panama,PAN,2020-11,SAP,-20.923766666666666
Panama,PAN,2020-12,RCF,-38.96316129032258
Panama,PAN,2020-12,TP,-40.0876129032258
Panama,PAN,2020-12,KTR,-33.723419354838704
Panama,PAN,2020-12,SAP,-17.728225806451615
Panama,PAN,2021-01,RCF,-62.465387096774194
Panama,PAN,2021-01,TP,-60.26729032258065
Panama,PAN,2021-01,KTR,-51.57593548387097
Panama,PAN,2021-01,SAP,-41.940064516129034
Panama,PAN,2021-02,RCF,-48.99482142857143
Panama,PAN,2021-02,TP,-50.28067857142857
Panama,PAN,2021-02,KTR,-41.045928571428576
Panama,PAN,2021-02,SAP,-28.20925
Panama,PAN,2021-03,RCF,-34.67290322580646
Panama,PAN,2021-03,TP,-37.308741935483866
Panama,PAN,2021-03,KTR,-25.995290322580647
Panama,PAN,2021-03,SAP,-13.479193548387098
Panama,PAN,2021-04,RCF,-30.228600000000004
Panama,PAN,2021-04,TP,-35.147600000000004
Panama,PAN,2021-04,KTR,-23.3762
Panama,PAN,2021-04,SAP,-8.795333333333334
Panama,PAN,2021-05,RCF,-26.594451612903224
Panama,PAN,2021-05,TP,-30.400935483870967
Panama,PAN,2021-05,KTR,-17.74658064516129
Panama,PAN,2021-05,SAP,-5.055290322580645
Panama,PAN,2021-06,RCF,-24.57606666666667
Panama,PAN,2021-06,TP,-30.1191
Panama,PAN,2021-06,KTR,-15.685666666666666
Panama,PAN,2021-06,SAP,-3.7904666666666667
Panama,PAN,2021-07,RCF,-24.032258064516128
Panama,PAN,2021-07,TP,-29.230387096774194
Panama,PAN,2021-07,KTR,-14.340903225806452
Panama,PAN,2021-07,SAP,-2.5530322580645164
Panama,PAN,2021-08,RCF,-15.810967741935483
Panama,PAN,2021-08,TP,-23.926258064516126
Panama,PAN,2021-08,KTR,-10.622064516129033
Panama,PAN,2021-08,SAP,3.967741935483871
Panama,PAN,2021-09,RCF,-14.0048
Panama,PAN,2021-09,TP,-21.9333
Panama,PAN,2021-09,KTR,-8.333333333333334
Panama,PAN,2021-09,SAP,5.514333333333334
Panama,PAN,2021-10,RCF,-9.949354838709677
Panama,PAN,2021-10,TP,-17.575967741935486
Panama,PAN,2021-10,KTR,-4.119741935483871
Panama,PAN,2021-10,SAP,7.271999999999999
Panama,PAN,2021-11,RCF,-8.195266666666667
Panama,PAN,2021-11,TP,-18.109533333333335
Panama,PAN,2021-11,KTR,-11.114166666666668
Panama,PAN,2021-11,SAP,10.038066666666667
Panama,PAN,2021-12,RCF,5.765032258064516
Panama,PAN,2021-12,TP,-9.50241935483871
Panama,PAN,2021-12,KTR,-4.281129032258065
Panama,PAN,2021-12,SAP,23.940032258064516
Panama,PAN,2022-01,RCF,-11.608290322580645
Panama,PAN,2022-01,TP,-22.400935483870967
Panama,PAN,2022-01,KTR,-11.009225806451614
Panama,PAN,2022-01,SAP,11.562225806451613
Panama,PAN,2022-02,RCF,-3.5663214285714284
Panama,PAN,2022-02,TP,-13.607107142857144
Panama,PAN,2022-02,KTR,2.1225
Panama,PAN,2022-02,SAP,15.188714285714285
Panama,PAN,2022-03,RCF,-4.649709677419355
Panama,PAN,2022-03,TP,-7.493096774193549
Panama,PAN,2022-03,KTR,6.400903225806451
Panama,PAN,2022-03,SAP,16.400967741935485
Panama,PAN,2022-04,RCF,-7.2619
Panama,PAN,2022-04,TP,-3.6047000000000002
Panama,PAN,2022-04,KTR,11.814333333333334
Panama,PAN,2022-04,SAP,16.614366666666665
Panama,PAN,2022-05,RCF,-5.170516129032258
Panama,PAN,2022-05,TP,0.5668064516129033
Panama,PAN,2022-05,KTR,14.207451612903226
Panama,PAN,2022-05,SAP,17.19816129032258
Panama,PAN,2022-06,RCF,-3.1998666666666664
Panama,PAN,2022-06,TP,5.162033333333333
Panama,PAN,2022-06,KTR,15.300066666666668
Panama,PAN,2022-06,SAP,19.123833333333334
Panama,PAN,2022-07,RCF,-5.4428
Panama,PAN,2022-07,TP,0.6214500000000001
Panama,PAN,2022-07,KTR,13.9929
Panama,PAN,2022-07,SAP,19.1
Papua New Guinea,PNG,2020-02,RCF,5.9032307692307695
Papua New Guinea,PNG,2020-02,TP,-2.6964615384615387
Papua New Guinea,PNG,2020-02,KTR,9.366153846153846
Papua New Guinea,PNG,2020-02,SAP,4.629538461538461
Papua New Guinea,PNG,2020-03,RCF,-1.359451612903226
Papua New Guinea,PNG,2020-03,TP,-10.43774193548387
Papua New Guinea,PNG,2020-03,KTR,10.682032258064517
Papua New Guinea,PNG,2020-03,SAP,5.820258064516129
Papua New Guinea,PNG,2020-04,RCF,-19.514266666666668
Papua New Guinea,PNG,2020-04,TP,-37.39523333333333
Papua New Guinea,PNG,2020-04,KTR,-4.8903
Papua New Guinea,PNG,2020-04,SAP,-4.7476666666666665
Papua New Guinea,PNG,2020-05,RCF,-2.2395806451612907
Papua New Guinea,PNG,2020-05,TP,-24.184451612903224
Papua New Guinea,PNG,2020-05,KTR,19.202709677419353
Papua New Guinea,PNG,2020-05,SAP,17.631387096774194
Papua New Guinea,PNG,2020-06,RCF,4.733366666666667
Papua New Guinea,PNG,2020-06,TP,-16.8048
Papua New Guinea,PNG,2020-06,KTR,20.528633333333335
Papua New Guinea,PNG,2020-06,SAP,23.876133333333332
Papua New Guinea,PNG,2020-07,RCF,10.396322580645162
Papua New Guinea,PNG,2020-07,TP,-11.02767741935484
Papua New Guinea,PNG,2020-07,KTR,14.903258064516129
Papua New Guinea,PNG,2020-07,SAP,29.096806451612903
Papua New Guinea,PNG,2020-08,RCF,4.9457
Papua New Guinea,PNG,2020-08,TP,-19.5458
Papua New Guinea,PNG,2020-08,KTR,12.896206896551725
Papua New Guinea,PNG,2020-08,SAP,22.35735
Papua New Guinea,PNG,2020-09,RCF,15.572388888888888
Papua New Guinea,PNG,2020-09,TP,1.9159444444444444
Papua New Guinea,PNG,2020-09,KTR,15.685862068965516
Papua New Guinea,PNG,2020-09,SAP,30.71816666666667
Papua New Guinea,PNG,2020-10,RCF,16.40558064516129
Papua New Guinea,PNG,2020-10,TP,1.843193548387097
Papua New Guinea,PNG,2020-10,KTR,12.156645161290323
Papua New Guinea,PNG,2020-10,SAP,25.28109677419355
Papua New Guinea,PNG,2020-11,RCF,21.8333
Papua New Guinea,PNG,2020-11,TP,3.5285333333333333
Papua New Guinea,PNG,2020-11,KTR,11.252366666666667
Papua New Guinea,PNG,2020-11,SAP,26.176166666666667
Papua New Guinea,PNG,2020-12,RCF,30.603774193548386
Papua New Guinea,PNG,2020-12,TP,18.096806451612903
Papua New Guinea,PNG,2020-12,KTR,1.6865806451612904
Papua New Guinea,PNG,2020-12,SAP,37.92164516129032
Papua New Guinea,PNG,2021-01,RCF,10.336387096774194
Papua New Guinea,PNG,2021-01,TP,10.824870967741937
Papua New Guinea,PNG,2021-01,KTR,-11.101354838709677
Papua New Guinea,PNG,2021-01,SAP,27.08754838709677
Papua New Guinea,PNG,2021-02,RCF,15.311285714285715
Papua New Guinea,PNG,2021-02,TP,19.846964285714286
Papua New Guinea,PNG,2021-02,KTR,-0.12767857142857145
Papua New Guinea,PNG,2021-02,SAP,43.484750000000005
Papua New Guinea,PNG,2021-03,RCF,4.267290322580645
Papua New Guinea,PNG,2021-03,TP,0.5346774193548388
Papua New Guinea,PNG,2021-03,KTR,-7.599161290322581
Papua New Guinea,PNG,2021-03,SAP,37.90325806451613
Papua New Guinea,PNG,2021-04,RCF,12.547533333333332
Papua New Guinea,PNG,2021-04,TP,1.5380333333333334
Papua New Guinea,PNG,2021-04,KTR,-1.1189666666666667
Papua New Guinea,PNG,2021-04,SAP,46.02376666666667
Papua New Guinea,PNG,2021-05,RCF,26.89858064516129
Papua New Guinea,PNG,2021-05,TP,12.064645161290324
Papua New Guinea,PNG,2021-05,KTR,17.972354838709677
Papua New Guinea,PNG,2021-05,SAP,65.45616129032258
Papua New Guinea,PNG,2021-06,RCF,33.03326666666667
Papua New Guinea,PNG,2021-06,TP,12.438066666666666
Papua New Guinea,PNG,2021-06,KTR,20.628600000000002
Papua New Guinea,PNG,2021-06,SAP,78.59519999999999
Papua New Guinea,PNG,2021-07,RCF,38.483870967741936
Papua New Guinea,PNG,2021-07,TP,20.930935483870968
Papua New Guinea,PNG,2021-07,KTR,21.889387096774193
Papua New Guinea,PNG,2021-07,SAP,86.97706451612903
Papua New Guinea,PNG,2021-08,RCF,43.446999999999996
Papua New Guinea,PNG,2021-08,TP,24.050709677419356
Papua New Guinea,PNG,2021-08,KTR,31.294903225806454
Papua New Guinea,PNG,2021-08,SAP,89.91709677419354
Papua New Guinea,PNG,2021-09,RCF,42.7524
Papua New Guinea,PNG,2021-09,TP,31.966633333333334
Papua New Guinea,PNG,2021-09,KTR,29.2715
Papua New Guinea,PNG,2021-09,SAP,91.72866666666667
Papua New Guinea,PNG,2021-10,RCF,34.050709677419356
Papua New Guinea,PNG,2021-10,TP,22.654387096774194
Papua New Guinea,PNG,2021-10,KTR,27.27658064516129
Papua New Guinea,PNG,2021-10,SAP,92.44241935483872
Papua New Guinea,PNG,2021-11,RCF,40.157066666666665
Papua New Guinea,PNG,2021-11,TP,35.80003333333333
Papua New Guinea,PNG,2021-11,KTR,26.366633333333333
Papua New Guinea,PNG,2021-11,SAP,93.89053333333332
Papua New Guinea,PNG,2021-12,RCF,49.400935483870974
Papua New Guinea,PNG,2021-12,TP,50.387129032258066
Papua New Guinea,PNG,2021-12,KTR,21.82490322580645
Papua New Guinea,PNG,2021-12,SAP,101.38254838709678
Papua New Guinea,PNG,2022-01,RCF,40.6081935483871
Papua New Guinea,PNG,2022-01,TP,54.668193548387094
Papua New Guinea,PNG,2022-01,KTR,21.79274193548387
Papua New Guinea,PNG,2022-01,SAP,91.62670967741936
Papua New Guinea,PNG,2022-02,RCF,53.63775
Papua New Guinea,PNG,2022-02,TP,65.50510714285714
Papua New Guinea,PNG,2022-02,KTR,41.55107142857143
Papua New Guinea,PNG,2022-02,SAP,104.59185714285715
Papua New Guinea,PNG,2022-03,RCF,58.03693548387097
Papua New Guinea,PNG,2022-03,TP,76.85258064516128
Papua New Guinea,PNG,2022-03,KTR,72.05525806451614
Papua New Guinea,PNG,2022-03,SAP,122.47932258064516
Papua New Guinea,PNG,2022-04,RCF,64.77136666666667
Papua New Guinea,PNG,2022-04,TP,92.73326666666667
Papua New Guinea,PNG,2022-04,KTR,72.70473333333332
Papua New Guinea,PNG,2022-04,SAP,126.63336666666667
Papua New Guinea,PNG,2022-05,RCF,72.59903225806453
Papua New Guinea,PNG,2022-05,TP,93.32254838709677
Papua New Guinea,PNG,2022-05,KTR,86.82490322580645
Papua New Guinea,PNG,2022-05,SAP,132.87103225806453
Papua New Guinea,PNG,2022-06,RCF,73.20006666666667
Papua New Guinea,PNG,2022-06,TP,98.7047
Papua New Guinea,PNG,2022-06,KTR,83.68090000000001
Papua New Guinea,PNG,2022-06,SAP,132.019
Papua New Guinea,PNG,2022-07,RCF,71.79275
Papua New Guinea,PNG,2022-07,TP,107.45005
Papua New Guinea,PNG,2022-07,KTR,75.4071
Papua New Guinea,PNG,2022-07,SAP,131.7428
Paraguay,PRY,2020-02,RCF,-2.702
Paraguay,PRY,2020-02,TP,-5.549230769230769
Paraguay,PRY,2020-02,KTR,9.469923076923077
Paraguay,PRY,2020-02,SAP,-0.23130769230769227
Paraguay,PRY,2020-03,RCF,-28.35483870967742
Paraguay,PRY,2020-03,TP,-32.479290322580646
Paraguay,PRY,2020-03,KTR,-10.963193548387096
Paraguay,PRY,2020-03,SAP,-16.354903225806453
Paraguay,PRY,2020-04,RCF,-62.65240000000001
Paraguay,PRY,2020-04,TP,-71.20946666666667
Paraguay,PRY,2020-04,KTR,-46.12853333333333
Paraguay,PRY,2020-04,SAP,-43.404666666666664
Paraguay,PRY,2020-05,RCF,-45.470064516129035
Paraguay,PRY,2020-05,TP,-55.649741935483874
Paraguay,PRY,2020-05,KTR,-24.027677419354838
Paraguay,PRY,2020-05,SAP,-29.207354838709676
Paraguay,PRY,2020-06,RCF,-33.20953333333333
Paraguay,PRY,2020-06,TP,-43.74763333333333
Paraguay,PRY,2020-06,KTR,-9.4
Paraguay,PRY,2020-06,SAP,-19.114266666666666
Paraguay,PRY,2020-07,RCF,-29.553
Paraguay,PRY,2020-07,TP,-41.972258064516126
Paraguay,PRY,2020-07,KTR,-9.271870967741936
Paraguay,PRY,2020-07,SAP,-17.212
Paraguay,PRY,2020-08,RCF,-27.9678064516129
Paraguay,PRY,2020-08,TP,-41.85251612903225
Paraguay,PRY,2020-08,KTR,-10.313451612903226
Paraguay,PRY,2020-08,SAP,-13.90783870967742
Paraguay,PRY,2020-09,RCF,-30.8714
Paraguay,PRY,2020-09,TP,-44.3619
Paraguay,PRY,2020-09,KTR,-14.1524
Paraguay,PRY,2020-09,SAP,-15.699933333333332
Paraguay,PRY,2020-10,RCF,-28.442419354838712
Paraguay,PRY,2020-10,TP,-39.755709677419354
Paraguay,PRY,2020-10,KTR,-12.193645161290322
Paraguay,PRY,2020-10,SAP,-9.751193548387096
Paraguay,PRY,2020-11,RCF,-24.909533333333332
Paraguay,PRY,2020-11,TP,-36.276066666666665
Paraguay,PRY,2020-11,KTR,-8.9238
Paraguay,PRY,2020-11,SAP,-9.152366666666667
Paraguay,PRY,2020-12,RCF,-21.073838709677418
Paraguay,PRY,2020-12,TP,-30.976935483870967
Paraguay,PRY,2020-12,KTR,-12.474677419354839
Paraguay,PRY,2020-12,SAP,-2.585225806451613
Paraguay,PRY,2021-01,RCF,-26.746451612903225
Paraguay,PRY,2021-01,TP,-35.92170967741936
Paraguay,PRY,2021-01,KTR,-19.073709677419355
Paraguay,PRY,2021-01,SAP,-10.45625806451613
Paraguay,PRY,2021-02,RCF,-22.056107142857144
Paraguay,PRY,2021-02,TP,-34.23475
Paraguay,PRY,2021-02,KTR,-13.285714285714286
Paraguay,PRY,2021-02,SAP,-4.91325
Paraguay,PRY,2021-03,RCF,-25.119774193548388
Paraguay,PRY,2021-03,TP,-35.58977419354839
Paraguay,PRY,2021-03,KTR,-14.092225806451612
Paraguay,PRY,2021-03,SAP,-2.866290322580645
Paraguay,PRY,2021-04,RCF,-31.3475
Paraguay,PRY,2021-04,TP,-43.814366666666665
Paraguay,PRY,2021-04,KTR,-19.033433333333335
Paraguay,PRY,2021-04,SAP,-6.5953
Paraguay,PRY,2021-05,RCF,-21.990806451612904
Paraguay,PRY,2021-05,TP,-33.13367741935484
Paraguay,PRY,2021-05,KTR,-11.248870967741935
Paraguay,PRY,2021-05,SAP,3.935483870967742
Paraguay,PRY,2021-06,RCF,-16.1191
Paraguay,PRY,2021-06,TP,-30.7333
Paraguay,PRY,2021-06,KTR,-5.2951999999999995
Paraguay,PRY,2021-06,SAP,9.009466666666667
Paraguay,PRY,2021-07,RCF,-9.253516129032258
Paraguay,PRY,2021-07,TP,-26.354870967741935
Paraguay,PRY,2021-07,KTR,-2.6959032258064513
Paraguay,PRY,2021-07,SAP,13.976967741935484
Paraguay,PRY,2021-08,RCF,-2.894032258064516
Paraguay,PRY,2021-08,TP,-23.852612903225808
Paraguay,PRY,2021-08,KTR,3.3041935483870963
Paraguay,PRY,2021-08,SAP,18.543935483870968
Paraguay,PRY,2021-09,RCF,-0.3238333333333333
Paraguay,PRY,2021-09,TP,-21.49526666666667
Paraguay,PRY,2021-09,KTR,6.0761666666666665
Paraguay,PRY,2021-09,SAP,18.523766666666667
Paraguay,PRY,2021-10,RCF,2.276451612903226
Paraguay,PRY,2021-10,TP,-20.06909677419355
Paraguay,PRY,2021-10,KTR,7.2258387096774195
Paraguay,PRY,2021-10,SAP,20.36409677419355
Paraguay,PRY,2021-11,RCF,5.0857
Paraguay,PRY,2021-11,TP,-18.76196666666667
Paraguay,PRY,2021-11,KTR,10.833433333333334
Paraguay,PRY,2021-11,SAP,21.057166666666667
Paraguay,PRY,2021-12,RCF,13.13825806451613
Paraguay,PRY,2021-12,TP,-9.58525806451613
Paraguay,PRY,2021-12,KTR,4.460806451612903
Paraguay,PRY,2021-12,SAP,29.645193548387095
Paraguay,PRY,2022-01,RCF,-0.4009032258064516
Paraguay,PRY,2022-01,TP,-15.838709677419354
Paraguay,PRY,2022-01,KTR,-4.281096774193548
Paraguay,PRY,2022-01,SAP,20.15206451612903
Paraguay,PRY,2022-02,RCF,6.280678571428572
Paraguay,PRY,2022-02,TP,-13.98467857142857
Paraguay,PRY,2022-02,KTR,10.734714285714286
Paraguay,PRY,2022-02,SAP,23.07657142857143
Paraguay,PRY,2022-03,RCF,1.2719032258064518
Paraguay,PRY,2022-03,TP,-14.276483870967743
Paraguay,PRY,2022-03,KTR,20.797290322580647
Paraguay,PRY,2022-03,SAP,19.585290322580644
Paraguay,PRY,2022-04,RCF,-0.47620000000000007
Paraguay,PRY,2022-04,TP,-10.404866666666667
Paraguay,PRY,2022-04,KTR,19.076166666666666
Paraguay,PRY,2022-04,SAP,19.280933333333333
Paraguay,PRY,2022-05,RCF,1.7280645161290322
Paraguay,PRY,2022-05,TP,-9.889387096774195
Paraguay,PRY,2022-05,KTR,28.01838709677419
Paraguay,PRY,2022-05,SAP,24.22122580645161
Paraguay,PRY,2022-06,RCF,0.45236666666666664
Paraguay,PRY,2022-06,TP,-10.266666666666667
Paraguay,PRY,2022-06,KTR,33.13806666666667
Paraguay,PRY,2022-06,SAP,24.781033333333333
Paraguay,PRY,2022-07,RCF,4.6285
Paraguay,PRY,2022-07,TP,-6.13565
Paraguay,PRY,2022-07,KTR,27.335649999999998
Paraguay,PRY,2022-07,SAP,26.678649999999998
Peru,PER,2020-02,RCF,0.45323076923076927
Peru,PER,2020-02,TP,1.5644615384615386
Peru,PER,2020-02,KTR,0.3354615384615384
Peru,PER,2020-02,SAP,-0.36738461538461537
Peru,PER,2020-03,RCF,-34.41474193548387
Peru,PER,2020-03,TP,-34.43780645161291
Peru,PER,2020-03,KTR,-28.56683870967742
Peru,PER,2020-03,SAP,-20.562193548387096
Peru,PER,2020-04,RCF,-83.50466666666667
Peru,PER,2020-04,TP,-84.47623333333333
Peru,PER,2020-04,KTR,-73.65236666666667
Peru,PER,2020-04,SAP,-64.08556666666667
Peru,PER,2020-05,RCF,-82.27199999999999
Peru,PER,2020-05,TP,-76.08293548387097
Peru,PER,2020-05,KTR,-65.92629032258064
Peru,PER,2020-05,SAP,-58.12896774193548
Peru,PER,2020-06,RCF,-74.68086666666666
Peru,PER,2020-06,TP,-64.90956666666666
Peru,PER,2020-06,KTR,-54.0286
Peru,PER,2020-06,SAP,-45.0619
Peru,PER,2020-07,RCF,-58.12896774193548
Peru,PER,2020-07,TP,-56.17048387096774
Peru,PER,2020-07,KTR,-44.66358064516129
Peru,PER,2020-07,SAP,-32.26267741935484
Peru,PER,2020-08,RCF,-52.81574193548387
Peru,PER,2020-08,TP,-55.83422580645161
Peru,PER,2020-08,KTR,-43.03225806451613
Peru,PER,2020-08,SAP,-32.72812903225807
Peru,PER,2020-09,RCF,-50.9334
Peru,PER,2020-09,TP,-53.8666
Peru,PER,2020-09,KTR,-39.661899999999996
Peru,PER,2020-09,SAP,-32.0952
Peru,PER,2020-10,RCF,-45.81561290322581
Peru,PER,2020-10,TP,-45.806451612903224
Peru,PER,2020-10,KTR,-31.944709677419354
Peru,PER,2020-10,SAP,-24.331870967741935
Peru,PER,2020-11,RCF,-39.74276666666666
Peru,PER,2020-11,TP,-42.25713333333333
Peru,PER,2020-11,KTR,-26.7667
Peru,PER,2020-11,SAP,-20.547533333333334
Peru,PER,2020-12,RCF,-31.387161290322577
Peru,PER,2020-12,TP,-35.774258064516125
Peru,PER,2020-12,KTR,-24.013806451612904
Peru,PER,2020-12,SAP,-11.285612903225806
Peru,PER,2021-01,RCF,-38.84793548387097
Peru,PER,2021-01,TP,-41.576129032258066
Peru,PER,2021-01,KTR,-29.972387096774195
Peru,PER,2021-01,SAP,-19.72806451612903
Peru,PER,2021-02,RCF,-54.12753571428571
Peru,PER,2021-02,TP,-55.67846428571429
Peru,PER,2021-02,KTR,-38.18367857142857
Peru,PER,2021-02,SAP,-27.913214285714286
Peru,PER,2021-03,RCF,-42.52535483870968
Peru,PER,2021-03,TP,-46.677451612903226
Peru,PER,2021-03,KTR,-31.714290322580645
Peru,PER,2021-03,SAP,-19.553032258064516
Peru,PER,2021-04,RCF,-42.2048
Peru,PER,2021-04,TP,-44.47143333333334
Peru,PER,2021-04,KTR,-31.395300000000002
Peru,PER,2021-04,SAP,-17.34283333333333
Peru,PER,2021-05,RCF,-34.01383870967742
Peru,PER,2021-05,TP,-36.21196774193548
Peru,PER,2021-05,KTR,-24.682032258064517
Peru,PER,2021-05,SAP,-10.207387096774195
Peru,PER,2021-06,RCF,-27.366600000000002
Peru,PER,2021-06,TP,-29.923733333333335
Peru,PER,2021-06,KTR,-19.54286666666667
Peru,PER,2021-06,SAP,-4.238166666666666
Peru,PER,2021-07,RCF,-15.728096774193547
Peru,PER,2021-07,TP,-22.041548387096775
Peru,PER,2021-07,KTR,-17.0
Peru,PER,2021-07,SAP,4.041516129032258
Peru,PER,2021-08,RCF,-8.147419354838709
Peru,PER,2021-08,TP,-15.834064516129033
Peru,PER,2021-08,KTR,-13.820354838709678
Peru,PER,2021-08,SAP,9.175064516129034
Peru,PER,2021-09,RCF,-7.352366666666667
Peru,PER,2021-09,TP,-16.828533333333333
Peru,PER,2021-09,KTR,-10.261966666666666
Peru,PER,2021-09,SAP,9.6096
Peru,PER,2021-10,RCF,-3.3962580645161293
Peru,PER,2021-10,TP,-14.175129032258063
Peru,PER,2021-10,KTR,-8.405516129032259
Peru,PER,2021-10,SAP,12.686612903225805
Peru,PER,2021-11,RCF,0.8809666666666666
Peru,PER,2021-11,TP,-11.628533333333333
Peru,PER,2021-11,KTR,-6.0143
Peru,PER,2021-11,SAP,15.6381
Peru,PER,2021-12,RCF,8.866387096774194
Peru,PER,2021-12,TP,-6.990774193548387
Peru,PER,2021-12,KTR,-1.820258064516129
Peru,PER,2021-12,SAP,25.668193548387098
Peru,PER,2022-01,RCF,-3.986225806451613
Peru,PER,2022-01,TP,-16.078290322580646
Peru,PER,2022-01,KTR,-8.046161290322582
Peru,PER,2022-01,SAP,16.67277419354839
Peru,PER,2022-02,RCF,5.601928571428571
Peru,PER,2022-02,TP,-8.989821428571428
Peru,PER,2022-02,KTR,3.0867857142857145
Peru,PER,2022-02,SAP,19.923499999999997
Peru,PER,2022-03,RCF,3.617483870967742
Peru,PER,2022-03,TP,-11.161225806451613
Peru,PER,2022-03,KTR,10.285677419354839
Peru,PER,2022-03,SAP,19.460870967741936
Peru,PER,2022-04,RCF,-0.3714666666666666
Peru,PER,2022-04,TP,-16.22856666666667
Peru,PER,2022-04,KTR,9.371466666666667
Peru,PER,2022-04,SAP,15.2524
Peru,PER,2022-05,RCF,7.631322580645161
Peru,PER,2022-05,TP,-8.202741935483871
Peru,PER,2022-05,KTR,18.659064516129032
Peru,PER,2022-05,SAP,22.46083870967742
Peru,PER,2022-06,RCF,7.804666666666666
Peru,PER,2022-06,TP,-6.0476
Peru,PER,2022-06,KTR,21.914333333333335
Peru,PER,2022-06,SAP,24.309533333333334
Peru,PER,2022-07,RCF,9.757200000000001
Peru,PER,2022-07,TP,-6.72145
Peru,PER,2022-07,KTR,21.6929
Peru,PER,2022-07,SAP,24.492849999999997
Philippines,PHL,2020-02,RCF,-0.046000000000000006
Philippines,PHL,2020-02,TP,-4.097153846153846
Philippines,PHL,2020-02,KTR,2.738
Philippines,PHL,2020-02,SAP,0.17730769230769228
Philippines,PHL,2020-03,RCF,-32.58064516129032
Philippines,PHL,2020-03,TP,-37.62216129032258
Philippines,PHL,2020-03,KTR,-24.981548387096773
Philippines,PHL,2020-03,SAP,-16.72351612903226
Philippines,PHL,2020-04,RCF,-79.81436666666667
Philippines,PHL,2020-04,TP,-84.2523
Philippines,PHL,2020-04,KTR,-68.95713333333333
Philippines,PHL,2020-04,SAP,-59.14756666666666
Philippines,PHL,2020-05,RCF,-76.85719354838709
Philippines,PHL,2020-05,TP,-74.84787096774194
Philippines,PHL,2020-05,KTR,-58.20280645161291
Philippines,PHL,2020-05,SAP,-44.580612903225806
Philippines,PHL,2020-06,RCF,-57.82853333333333
Philippines,PHL,2020-06,TP,-59.142833333333336
Philippines,PHL,2020-06,KTR,-40.38096666666667
Philippines,PHL,2020-06,SAP,-24.833333333333332
Philippines,PHL,2020-07,RCF,-49.88945161290323
Philippines,PHL,2020-07,TP,-58.05532258064516
Philippines,PHL,2020-07,KTR,-37.10135483870968
Philippines,PHL,2020-07,SAP,-23.119806451612906
Philippines,PHL,2020-08,RCF,-52.345612903225806
Philippines,PHL,2020-08,TP,-61.990903225806456
Philippines,PHL,2020-08,KTR,-40.02767741935484
Philippines,PHL,2020-08,SAP,-25.576129032258066
Philippines,PHL,2020-09,RCF,-47.280833333333334
Philippines,PHL,2020-09,TP,-56.84766666666667
Philippines,PHL,2020-09,KTR,-35.75236666666667
Philippines,PHL,2020-09,SAP,-21.981033333333336
Philippines,PHL,2020-10,RCF,-46.806451612903224
Philippines,PHL,2020-10,TP,-54.14290322580646
Philippines,PHL,2020-10,KTR,-33.14283870967741
Philippines,PHL,2020-10,SAP,-18.479322580645164
Philippines,PHL,2020-11,RCF,-42.052400000000006
Philippines,PHL,2020-11,TP,-52.90946666666667
Philippines,PHL,2020-11,KTR,-32.09526666666667
Philippines,PHL,2020-11,SAP,-15.142833333333334
Philippines,PHL,2020-12,RCF,-30.488483870967745
Philippines,PHL,2020-12,TP,-42.995451612903224
Philippines,PHL,2020-12,KTR,-28.387129032258063
Philippines,PHL,2020-12,SAP,0.8617419354838709
Philippines,PHL,2021-01,RCF,-38.01832258064516
Philippines,PHL,2021-01,TP,-49.216645161290316
Philippines,PHL,2021-01,KTR,-31.184354838709677
Philippines,PHL,2021-01,SAP,-9.640548387096775
Philippines,PHL,2021-02,RCF,-35.5715
Philippines,PHL,2021-02,TP,-48.704071428571424
Philippines,PHL,2021-02,KTR,-28.989892857142856
Philippines,PHL,2021-02,SAP,-6.765357142857143
Philippines,PHL,2021-03,RCF,-35.0321935483871
Philippines,PHL,2021-03,TP,-47.45625806451613
Philippines,PHL,2021-03,KTR,-26.594451612903224
Philippines,PHL,2021-03,SAP,-2.166
Philippines,PHL,2021-04,RCF,-45.48093333333333
Philippines,PHL,2021-04,TP,-57.318933333333334
Philippines,PHL,2021-04,KTR,-35.63336666666667
Philippines,PHL,2021-04,SAP,-8.666633333333333
Philippines,PHL,2021-05,RCF,-30.861709677419352
Philippines,PHL,2021-05,TP,-44.65435483870968
Philippines,PHL,2021-05,KTR,-25.866419354838712
Philippines,PHL,2021-05,SAP,8.829516129032259
Philippines,PHL,2021-06,RCF,-25.30003333333333
Philippines,PHL,2021-06,TP,-41.10483333333333
Philippines,PHL,2021-06,KTR,-23.295133333333336
Philippines,PHL,2021-06,SAP,15.709566666666666
Philippines,PHL,2021-07,RCF,-24.11051612903226
Philippines,PHL,2021-07,TP,-41.05064516129032
Philippines,PHL,2021-07,KTR,-23.267258064516128
Philippines,PHL,2021-07,SAP,17.290387096774193
Philippines,PHL,2021-08,RCF,-31.47006451612903
Philippines,PHL,2021-08,TP,-47.893967741935484
Philippines,PHL,2021-08,KTR,-27.534612903225806
Philippines,PHL,2021-08,SAP,13.179645161290322
Philippines,PHL,2021-09,RCF,-28.418966666666666
Philippines,PHL,2021-09,TP,-46.32373333333333
Philippines,PHL,2021-09,KTR,-26.880966666666666
Philippines,PHL,2021-09,SAP,15.442866666666667
Philippines,PHL,2021-10,RCF,-18.82490322580645
Philippines,PHL,2021-10,TP,-39.14274193548387
Philippines,PHL,2021-10,KTR,-21.175129032258063
Philippines,PHL,2021-10,SAP,24.59458064516129
Philippines,PHL,2021-11,RCF,-5.9285
Philippines,PHL,2021-11,TP,-29.480933333333333
Philippines,PHL,2021-11,KTR,-16.9476
Philippines,PHL,2021-11,SAP,36.68103333333333
Philippines,PHL,2021-12,RCF,8.516129032258064
Philippines,PHL,2021-12,TP,-16.046064516129032
Philippines,PHL,2021-12,KTR,-15.299612903225807
Philippines,PHL,2021-12,SAP,53.14290322580646
Philippines,PHL,2022-01,RCF,-11.880161290322581
Philippines,PHL,2022-01,TP,-33.22125806451613
Philippines,PHL,2022-01,KTR,-19.36867741935484
Philippines,PHL,2022-01,SAP,35.78796774193548
Philippines,PHL,2022-02,RCF,-0.9439285714285715
Philippines,PHL,2022-02,TP,-25.030607142857143
Philippines,PHL,2022-02,KTR,-7.11225
Philippines,PHL,2022-02,SAP,40.25510714285714
Philippines,PHL,2022-03,RCF,2.6958709677419357
Philippines,PHL,2022-03,TP,-12.221193548387097
Philippines,PHL,2022-03,KTR,0.9814516129032258
Philippines,PHL,2022-03,SAP,43.912451612903226
Philippines,PHL,2022-04,RCF,4.381033333333334
Philippines,PHL,2022-04,TP,-4.528566666666666
Philippines,PHL,2022-04,KTR,-0.8333333333333334
Philippines,PHL,2022-04,SAP,47.3429
Philippines,PHL,2022-05,RCF,12.327258064516128
Philippines,PHL,2022-05,TP,6.405548387096775
Philippines,PHL,2022-05,KTR,3.907870967741936
Philippines,PHL,2022-05,SAP,55.58987096774194
Philippines,PHL,2022-06,RCF,14.042833333333334
Philippines,PHL,2022-06,TP,9.4001
Philippines,PHL,2022-06,KTR,10.7238
Philippines,PHL,2022-06,SAP,56.4429
Philippines,PHL,2022-07,RCF,14.528550000000001
Philippines,PHL,2022-07,TP,10.52145
Philippines,PHL,2022-07,KTR,8.62145
Philippines,PHL,2022-07,SAP,57.3356
Poland,POL,2020-02,RCF,3.6175384615384614
Poland,POL,2020-02,TP,1.7336923076923076
Poland,POL,2020-02,KTR,1.9932307692307691
Poland,POL,2020-02,SAP,-3.0176153846153846
Poland,POL,2020-03,RCF,-27.11058064516129
Poland,POL,2020-03,TP,-27.410290322580646
Poland,POL,2020-03,KTR,-14.967645161290323
Poland,POL,2020-03,SAP,-11.253451612903225
Poland,POL,2020-04,RCF,-58.357099999999996
Poland,POL,2020-04,TP,-61.347633333333334
Poland,POL,2020-04,KTR,-41.31903333333333
Poland,POL,2020-04,SAP,-30.095266666666664
Poland,POL,2020-05,RCF,-32.99535483870968
Poland,POL,2020-05,TP,-44.20283870967742
Poland,POL,2020-05,KTR,-25.751032258064516
Poland,POL,2020-05,SAP,-12.658935483870968
Poland,POL,2020-06,RCF,-9.914233333333334
Poland,POL,2020-06,TP,-27.966600000000003
Poland,POL,2020-06,KTR,-15.3476
Poland,POL,2020-06,SAP,-3.323
Poland,POL,2020-07,RCF,4.0691612903225804
Poland,POL,2020-07,TP,-15.129064516129032
Poland,POL,2020-07,KTR,-15.087548387096774
Poland,POL,2020-07,SAP,5.306451612903226
Poland,POL,2020-08,RCF,5.3180000000000005
Poland,POL,2020-08,TP,-13.10141935483871
Poland,POL,2020-08,KTR,-21.875548387096774
Poland,POL,2020-08,SAP,7.059903225806452
Poland,POL,2020-09,RCF,1.4000333333333332
Poland,POL,2020-09,TP,-9.157133333333332
Poland,POL,2020-09,KTR,-11.695266666666667
Poland,POL,2020-09,SAP,6.3476
Poland,POL,2020-10,RCF,-16.921645161290325
Poland,POL,2020-10,TP,-20.446967741935484
Poland,POL,2020-10,KTR,-12.506935483870967
Poland,POL,2020-10,SAP,-3.737322580645161
Poland,POL,2020-11,RCF,-36.3144
Poland,POL,2020-11,TP,-40.48096666666667
Poland,POL,2020-11,KTR,-26.5
Poland,POL,2020-11,SAP,-12.023766666666667
Poland,POL,2020-12,RCF,-23.714322580645163
Poland,POL,2020-12,TP,-36.682
Poland,POL,2020-12,KTR,-24.659064516129032
Poland,POL,2020-12,SAP,5.244225806451613
Poland,POL,2021-01,RCF,-40.43322580645162
Poland,POL,2021-01,TP,-44.10135483870968
Poland,POL,2021-01,KTR,-27.511451612903226
Poland,POL,2021-01,SAP,-16.451645161290323
Poland,POL,2021-02,RCF,-30.290785714285715
Poland,POL,2021-02,TP,-34.795964285714284
Poland,POL,2021-02,KTR,-17.341785714285713
Poland,POL,2021-02,SAP,-5.642785714285714
Poland,POL,2021-03,RCF,-27.898548387096774
Poland,POL,2021-03,TP,-33.59451612903226
Poland,POL,2021-03,KTR,-16.128999999999998
Poland,POL,2021-03,SAP,0.30877419354838714
Poland,POL,2021-04,RCF,-35.3619
Poland,POL,2021-04,TP,-34.92863333333333
Poland,POL,2021-04,KTR,-21.519000000000002
Poland,POL,2021-04,SAP,3.1047
Poland,POL,2021-05,RCF,-10.668225806451613
Poland,POL,2021-05,TP,-17.350354838709677
Poland,POL,2021-05,KTR,-12.714290322580647
Poland,POL,2021-05,SAP,12.668161290322582
Poland,POL,2021-06,RCF,10.414266666666666
Poland,POL,2021-06,TP,-3.1904666666666666
Poland,POL,2021-06,KTR,-4.9238333333333335
Poland,POL,2021-06,SAP,24.73806666666667
Poland,POL,2021-07,RCF,15.746580645161291
Poland,POL,2021-07,TP,0.45158064516129026
Poland,POL,2021-07,KTR,-11.147483870967742
Poland,POL,2021-07,SAP,27.834129032258062
Poland,POL,2021-08,RCF,18.926290322580645
Poland,POL,2021-08,TP,3.857290322580645
Poland,POL,2021-08,KTR,-13.327193548387097
Poland,POL,2021-08,SAP,33.63129032258065
Poland,POL,2021-09,RCF,8.476133333333333
Poland,POL,2021-09,TP,2.9523333333333333
Poland,POL,2021-09,KTR,-4.4286
Poland,POL,2021-09,SAP,37.21913333333334
Poland,POL,2021-10,RCF,3.092129032258064
Poland,POL,2021-10,TP,-0.018354838709677447
Poland,POL,2021-10,KTR,-1.032290322580645
Poland,POL,2021-10,SAP,34.65896774193548
Poland,POL,2021-11,RCF,-5.8571333333333335
Poland,POL,2021-11,TP,-8.6381
Poland,POL,2021-11,KTR,-7.690433333333333
Poland,POL,2021-11,SAP,28.7761
Poland,POL,2021-12,RCF,-1.9815161290322583
Poland,POL,2021-12,TP,-13.99541935483871
Poland,POL,2021-12,KTR,-7.912419354838709
Poland,POL,2021-12,SAP,32.958516129032255
Poland,POL,2022-01,RCF,-14.751193548387096
Poland,POL,2022-01,TP,-22.755709677419354
Poland,POL,2022-01,KTR,-12.83416129032258
Poland,POL,2022-01,SAP,20.85716129032258
Poland,POL,2022-02,RCF,-8.999964285714286
Poland,POL,2022-02,TP,-19.719428571428573
Poland,POL,2022-02,KTR,-6.73975
Poland,POL,2022-02,SAP,17.53575
Poland,POL,2022-03,RCF,-4.1982580645161285
Poland,POL,2022-03,TP,-2.1243870967741936
Poland,POL,2022-03,KTR,6.437903225806451
Poland,POL,2022-03,SAP,23.543709677419354
Poland,POL,2022-04,RCF,-1.2856999999999998
Poland,POL,2022-04,TP,-1.7618666666666667
Poland,POL,2022-04,KTR,2.4762
Poland,POL,2022-04,SAP,31.3715
Poland,POL,2022-05,RCF,9.304129032258064
Poland,POL,2022-05,TP,9.516193548387097
Poland,POL,2022-05,KTR,6.617451612903226
Poland,POL,2022-05,SAP,32.0321935483871
Poland,POL,2022-06,RCF,12.328466666666666
Poland,POL,2022-06,TP,15.466666666666667
Poland,POL,2022-06,KTR,6.1905
Poland,POL,2022-06,SAP,38.41433333333334
Poland,POL,2022-07,RCF,13.55
Poland,POL,2022-07,TP,14.22845
Poland,POL,2022-07,KTR,-1.17145
Poland,POL,2022-07,SAP,38.70005
Portugal,PRT,2020-02,RCF,3.5226153846153845
Portugal,PRT,2020-02,TP,5.068153846153846
Portugal,PRT,2020-02,KTR,-4.623692307692307
Portugal,PRT,2020-02,SAP,3.883538461538462
Portugal,PRT,2020-03,RCF,-34.07829032258064
Portugal,PRT,2020-03,TP,-31.709548387096774
Portugal,PRT,2020-03,KTR,-25.603677419354838
Portugal,PRT,2020-03,SAP,-11.741935483870968
Portugal,PRT,2020-04,RCF,-72.38103333333333
Portugal,PRT,2020-04,TP,-75.30943333333333
Portugal,PRT,2020-04,KTR,-60.5477
Portugal,PRT,2020-04,SAP,-40.4048
Portugal,PRT,2020-05,RCF,-54.62670967741935
Portugal,PRT,2020-05,TP,-60.42393548387097
Portugal,PRT,2020-05,KTR,-42.76964516129032
Portugal,PRT,2020-05,SAP,-24.396322580645162
Portugal,PRT,2020-06,RCF,-31.119000000000003
Portugal,PRT,2020-06,TP,-46.20956666666667
Portugal,PRT,2020-06,KTR,-27.438100000000002
Portugal,PRT,2020-06,SAP,-12.033333333333333
Portugal,PRT,2020-07,RCF,-19.682032258064517
Portugal,PRT,2020-07,TP,-37.58525806451613
Portugal,PRT,2020-07,KTR,-22.530032258064516
Portugal,PRT,2020-07,SAP,-5.202709677419355
Portugal,PRT,2020-08,RCF,-6.921645161290322
Portugal,PRT,2020-08,TP,-31.271870967741936
Portugal,PRT,2020-08,KTR,-29.56677419354839
Portugal,PRT,2020-08,SAP,3.626677419354839
Portugal,PRT,2020-09,RCF,-12.614333333333333
Portugal,PRT,2020-09,TP,-29.023799999999998
Portugal,PRT,2020-09,KTR,-21.9191
Portugal,PRT,2020-09,SAP,-0.07616666666666667
Portugal,PRT,2020-10,RCF,-19.48390322580645
Portugal,PRT,2020-10,TP,-29.050645161290323
Portugal,PRT,2020-10,KTR,-15.741935483870968
Portugal,PRT,2020-10,SAP,-0.30422580645161296
Portugal,PRT,2020-11,RCF,-28.923800000000004
Portugal,PRT,2020-11,TP,-40.618966666666665
Portugal,PRT,2020-11,KTR,-18.16193333333333
Portugal,PRT,2020-11,SAP,-5.8762
Portugal,PRT,2020-12,RCF,-25.967774193548387
Portugal,PRT,2020-12,TP,-43.36867741935484
Portugal,PRT,2020-12,KTR,-29.156741935483872
Portugal,PRT,2020-12,SAP,-3.972322580645161
Portugal,PRT,2021-01,RCF,-45.99077419354838
Portugal,PRT,2021-01,TP,-52.30870967741935
Portugal,PRT,2021-01,KTR,-33.801741935483875
Portugal,PRT,2021-01,SAP,-15.189
Portugal,PRT,2021-02,RCF,-63.14282142857143
Portugal,PRT,2021-02,TP,-63.938785714285714
Portugal,PRT,2021-02,KTR,-43.9285
Portugal,PRT,2021-02,SAP,-18.734714285714286
Portugal,PRT,2021-03,RCF,-52.244290322580646
Portugal,PRT,2021-03,TP,-54.755806451612905
Portugal,PRT,2021-03,KTR,-34.08293548387096
Portugal,PRT,2021-03,SAP,-3.497677419354839
Portugal,PRT,2021-04,RCF,-34.87146666666667
Portugal,PRT,2021-04,TP,-42.59043333333333
Portugal,PRT,2021-04,KTR,-24.452366666666666
Portugal,PRT,2021-04,SAP,6.304733333333333
Portugal,PRT,2021-05,RCF,-11.594451612903226
Portugal,PRT,2021-05,TP,-27.30416129032258
Portugal,PRT,2021-05,KTR,-12.45625806451613
Portugal,PRT,2021-05,SAP,17.35483870967742
Portugal,PRT,2021-06,RCF,-5.081
Portugal,PRT,2021-06,TP,-24.071466666666666
Portugal,PRT,2021-06,KTR,-15.300033333333333
Portugal,PRT,2021-06,SAP,23.061866666666667
Portugal,PRT,2021-07,RCF,-0.6129677419354839
Portugal,PRT,2021-07,TP,-20.469967741935484
Portugal,PRT,2021-07,KTR,-17.16132258064516
Portugal,PRT,2021-07,SAP,30.589903225806452
Portugal,PRT,2021-08,RCF,14.322483870967742
Portugal,PRT,2021-08,TP,-11.188935483870967
Portugal,PRT,2021-08,KTR,-25.06448387096774
Portugal,PRT,2021-08,SAP,43.83874193548387
Portugal,PRT,2021-09,RCF,7.204766666666667
Portugal,PRT,2021-09,TP,-8.452366666666666
Portugal,PRT,2021-09,KTR,-15.090466666666666
Portugal,PRT,2021-09,SAP,35.3619
Portugal,PRT,2021-10,RCF,3.7096774193548385
Portugal,PRT,2021-10,TP,-6.175096774193548
Portugal,PRT,2021-10,KTR,-11.447096774193549
Portugal,PRT,2021-10,SAP,30.244225806451613
Portugal,PRT,2021-11,RCF,2.0047333333333333
Portugal,PRT,2021-11,TP,-7.595266666666666
Portugal,PRT,2021-11,KTR,-10.085633333333334
Portugal,PRT,2021-11,SAP,31.557133333333333
Portugal,PRT,2021-12,RCF,3.1474516129032257
Portugal,PRT,2021-12,TP,-14.548483870967742
Portugal,PRT,2021-12,KTR,-18.562193548387096
Portugal,PRT,2021-12,SAP,40.78809677419355
Portugal,PRT,2022-01,RCF,-9.083
Portugal,PRT,2022-01,TP,-24.672709677419356
Portugal,PRT,2022-01,KTR,-19.488451612903226
Portugal,PRT,2022-01,SAP,32.15209677419355
Portugal,PRT,2022-02,RCF,0.08164285714285717
Portugal,PRT,2022-02,TP,-12.7245
Portugal,PRT,2022-02,KTR,-6.096928571428571
Portugal,PRT,2022-02,SAP,33.88260714285714
Portugal,PRT,2022-03,RCF,-2.0276451612903226
Portugal,PRT,2022-03,TP,-5.6451935483870965
Portugal,PRT,2022-03,KTR,-3.3363548387096778
Portugal,PRT,2022-03,SAP,29.30416129032258
Portugal,PRT,2022-04,RCF,4.5000333333333336
Portugal,PRT,2022-04,TP,2.8333333333333335
Portugal,PRT,2022-04,KTR,-7.499933333333333
Portugal,PRT,2022-04,SAP,31.21916666666667
Portugal,PRT,2022-05,RCF,8.364032258064517
Portugal,PRT,2022-05,TP,10.806451612903226
Portugal,PRT,2022-05,KTR,0.5206451612903226
Portugal,PRT,2022-05,SAP,36.235064516129036
Portugal,PRT,2022-06,RCF,10.357166666666666
Portugal,PRT,2022-06,TP,12.257233333333334
Portugal,PRT,2022-06,KTR,-6.6809666666666665
Portugal,PRT,2022-06,SAP,38.34759999999999
Portugal,PRT,2022-07,RCF,16.97135
Portugal,PRT,2022-07,TP,18.0857
Portugal,PRT,2022-07,KTR,-4.0644
Portugal,PRT,2022-07,SAP,43.94285
Puerto Rico,PRI,2020-02,RCF,-2.1401538461538463
Puerto Rico,PRI,2020-02,TP,-1.4914615384615384
Puerto Rico,PRI,2020-02,KTR,1.1353076923076921
Puerto Rico,PRI,2020-02,SAP,-2.1715384615384616
Puerto Rico,PRI,2020-03,RCF,-29.893967741935484
Puerto Rico,PRI,2020-03,TP,-29.272000000000002
Puerto Rico,PRI,2020-03,KTR,-20.359354838709677
Puerto Rico,PRI,2020-03,SAP,-8.354903225806451
Puerto Rico,PRI,2020-04,RCF,-69.10480000000001
Puerto Rico,PRI,2020-04,TP,-77.70003333333334
Puerto Rico,PRI,2020-04,KTR,-57.7714
Puerto Rico,PRI,2020-04,SAP,-45.062000000000005
Puerto Rico,PRI,2020-05,RCF,-48.53922580645161
Puerto Rico,PRI,2020-05,TP,-67.18429032258065
Puerto Rico,PRI,2020-05,KTR,-41.16587096774194
Puerto Rico,PRI,2020-05,SAP,-30.48383870967742
Puerto Rico,PRI,2020-06,RCF,-27.2905
Puerto Rico,PRI,2020-06,TP,-53.32386666666666
Puerto Rico,PRI,2020-06,KTR,-27.171433333333333
Puerto Rico,PRI,2020-06,SAP,-20.171366666666664
Puerto Rico,PRI,2020-07,RCF,-19.451612903225808
Puerto Rico,PRI,2020-07,TP,-40.81561290322581
Puerto Rico,PRI,2020-07,KTR,-26.62677419354839
Puerto Rico,PRI,2020-07,SAP,-14.912419354838711
Puerto Rico,PRI,2020-08,RCF,-25.976935483870967
Puerto Rico,PRI,2020-08,TP,-51.39170967741936
Puerto Rico,PRI,2020-08,KTR,-28.529838709677417
Puerto Rico,PRI,2020-08,SAP,-19.70964516129032
Puerto Rico,PRI,2020-09,RCF,-24.6095
Puerto Rico,PRI,2020-09,TP,-49.395266666666664
Puerto Rico,PRI,2020-09,KTR,-25.509466666666665
Puerto Rico,PRI,2020-09,SAP,-19.119066666666665
Puerto Rico,PRI,2020-10,RCF,-23.986193548387096
Puerto Rico,PRI,2020-10,TP,-45.33638709677419
Puerto Rico,PRI,2020-10,KTR,-23.08293548387097
Puerto Rico,PRI,2020-10,SAP,-17.456258064516128
Puerto Rico,PRI,2020-11,RCF,-23.95716666666667
Puerto Rico,PRI,2020-11,TP,-39.528533333333336
Puerto Rico,PRI,2020-11,KTR,-26.4476
Puerto Rico,PRI,2020-11,SAP,-15.999966666666666
Puerto Rico,PRI,2020-12,RCF,-24.82025806451613
Puerto Rico,PRI,2020-12,TP,-37.39167741935484
Puerto Rico,PRI,2020-12,KTR,-25.792645161290324
Puerto Rico,PRI,2020-12,SAP,-14.239612903225806
Puerto Rico,PRI,2021-01,RCF,-24.88483870967742
Puerto Rico,PRI,2021-01,TP,-35.00916129032258
Puerto Rico,PRI,2021-01,KTR,-27.294967741935483
Puerto Rico,PRI,2021-01,SAP,-18.10148387096774
Puerto Rico,PRI,2021-02,RCF,-18.617285714285714
Puerto Rico,PRI,2021-02,TP,-37.41835714285714
Puerto Rico,PRI,2021-02,KTR,-20.219392857142857
Puerto Rico,PRI,2021-02,SAP,-12.107107142857144
Puerto Rico,PRI,2021-03,RCF,-16.193483870967743
Puerto Rico,PRI,2021-03,TP,-29.225806451612904
Puerto Rico,PRI,2021-03,KTR,-19.01841935483871
Puerto Rico,PRI,2021-03,SAP,-9.709677419354838
Puerto Rico,PRI,2021-04,RCF,-15.704866666666668
Puerto Rico,PRI,2021-04,TP,-26.14286666666667
Puerto Rico,PRI,2021-04,KTR,-21.1381
Puerto Rico,PRI,2021-04,SAP,-7.647666666666667
Puerto Rico,PRI,2021-05,RCF,-9.32258064516129
Puerto Rico,PRI,2021-05,TP,-19.318032258064516
Puerto Rico,PRI,2021-05,KTR,-16.52541935483871
Puerto Rico,PRI,2021-05,SAP,-5.023032258064516
Puerto Rico,PRI,2021-06,RCF,-7.638066666666666
Puerto Rico,PRI,2021-06,TP,-12.2238
Puerto Rico,PRI,2021-06,KTR,-17.590500000000002
Puerto Rico,PRI,2021-06,SAP,-5.738133333333334
Puerto Rico,PRI,2021-07,RCF,-6.6819999999999995
Puerto Rico,PRI,2021-07,TP,-5.751161290322581
Puerto Rico,PRI,2021-07,KTR,-19.156612903225806
Puerto Rico,PRI,2021-07,SAP,-5.032354838709677
Puerto Rico,PRI,2021-08,RCF,-8.244225806451613
Puerto Rico,PRI,2021-08,TP,-14.506935483870969
Puerto Rico,PRI,2021-08,KTR,-14.299516129032257
Puerto Rico,PRI,2021-08,SAP,-4.258064516129032
Puerto Rico,PRI,2021-09,RCF,-10.1524
Puerto Rico,PRI,2021-09,TP,-25.395166666666668
Puerto Rico,PRI,2021-09,KTR,-10.357166666666668
Puerto Rico,PRI,2021-09,SAP,-5.990399999999999
Puerto Rico,PRI,2021-10,RCF,-8.345709677419354
Puerto Rico,PRI,2021-10,TP,-25.46535483870968
Puerto Rico,PRI,2021-10,KTR,-7.304096774193548
Puerto Rico,PRI,2021-10,SAP,-5.373354838709678
Puerto Rico,PRI,2021-11,RCF,-5.828433333333334
Puerto Rico,PRI,2021-11,TP,-20.480900000000002
Puerto Rico,PRI,2021-11,KTR,-10.5001
Puerto Rico,PRI,2021-11,SAP,-2.2286333333333332
Puerto Rico,PRI,2021-12,RCF,-3.8756129032258064
Puerto Rico,PRI,2021-12,TP,-16.235032258064518
Puerto Rico,PRI,2021-12,KTR,-11.244290322580644
Puerto Rico,PRI,2021-12,SAP,1.972258064516129
Puerto Rico,PRI,2022-01,RCF,-15.175161290322581
Puerto Rico,PRI,2022-01,TP,-27.30870967741935
Puerto Rico,PRI,2022-01,KTR,-22.152064516129034
Puerto Rico,PRI,2022-01,SAP,-4.986193548387097
Puerto Rico,PRI,2022-02,RCF,-9.714321428571427
Puerto Rico,PRI,2022-02,TP,-25.37242857142857
Puerto Rico,PRI,2022-02,KTR,-4.561285714285714
Puerto Rico,PRI,2022-02,SAP,-2.4948214285714285
Puerto Rico,PRI,2022-03,RCF,-6.276451612903226
Puerto Rico,PRI,2022-03,TP,-20.27651612903226
Puerto Rico,PRI,2022-03,KTR,-0.13367741935483873
Puerto Rico,PRI,2022-03,SAP,-4.377903225806452
Puerto Rico,PRI,2022-04,RCF,-7.214333333333333
Puerto Rico,PRI,2022-04,TP,-20.476200000000002
Puerto Rico,PRI,2022-04,KTR,-5.818966666666666
Puerto Rico,PRI,2022-04,SAP,-4.123766666666667
Puerto Rico,PRI,2022-05,RCF,-5.875483870967742
Puerto Rico,PRI,2022-05,TP,-16.834096774193547
Puerto Rico,PRI,2022-05,KTR,-2.7327096774193547
Puerto Rico,PRI,2022-05,SAP,-1.1059354838709676
Puerto Rico,PRI,2022-06,RCF,-7.180899999999999
Puerto Rico,PRI,2022-06,TP,-16.299933333333332
Puerto Rico,PRI,2022-06,KTR,-8.814300000000001
Puerto Rico,PRI,2022-06,SAP,-3.119066666666667
Puerto Rico,PRI,2022-07,RCF,-8.600100000000001
Puerto Rico,PRI,2022-07,TP,-17.7072
Puerto Rico,PRI,2022-07,KTR,-12.05005
Puerto Rico,PRI,2022-07,SAP,-5.428649999999999
Qatar,QAT,2020-02,RCF,-1.3853076923076924
Qatar,QAT,2020-02,TP,-0.06946153846153845
Qatar,QAT,2020-02,KTR,3.998076923076923
Qatar,QAT,2020-02,SAP,-1.1102307692307691
Qatar,QAT,2020-03,RCF,-22.866387096774197
Qatar,QAT,2020-03,TP,-24.382451612903225
Qatar,QAT,2020-03,KTR,-8.119838709677419
Qatar,QAT,2020-03,SAP,-6.755709677419355
Qatar,QAT,2020-04,RCF,-56.223733333333335
Qatar,QAT,2020-04,TP,-56.9953
Qatar,QAT,2020-04,KTR,-36.1571
Qatar,QAT,2020-04,SAP,-28.2715
Qatar,QAT,2020-05,RCF,-53.38248387096774
Qatar,QAT,2020-05,TP,-51.62674193548387
Qatar,QAT,2020-05,KTR,-39.51609677419355
Qatar,QAT,2020-05,SAP,-22.308677419354837
Qatar,QAT,2020-06,RCF,-28.042866666666665
Qatar,QAT,2020-06,TP,-35.2476
Qatar,QAT,2020-06,KTR,-17.771466666666665
Qatar,QAT,2020-06,SAP,7.061766666666667
Qatar,QAT,2020-07,RCF,-14.843225806451612
Qatar,QAT,2020-07,TP,-27.147483870967744
Qatar,QAT,2020-07,KTR,-7.926354838709677
Qatar,QAT,2020-07,SAP,14.976967741935484
Qatar,QAT,2020-08,RCF,-11.382483870967741
Qatar,QAT,2020-08,TP,-29.27190322580645
Qatar,QAT,2020-08,KTR,-9.179741935483872
Qatar,QAT,2020-08,SAP,13.539129032258066
Qatar,QAT,2020-09,RCF,-8.890533333333334
Qatar,QAT,2020-09,TP,-18.761833333333335
Qatar,QAT,2020-09,KTR,-2.0713666666666666
Qatar,QAT,2020-09,SAP,15.485700000000001
Qatar,QAT,2020-10,RCF,-8.138322580645161
Qatar,QAT,2020-10,TP,-9.972290322580646
Qatar,QAT,2020-10,KTR,-1.5023548387096775
Qatar,QAT,2020-10,SAP,19.06448387096774
Qatar,QAT,2020-11,RCF,-5.923666666666667
Qatar,QAT,2020-11,TP,-8.942766666666667
Qatar,QAT,2020-11,KTR,-1.3283333333333334
Qatar,QAT,2020-11,SAP,19.685766666666666
Qatar,QAT,2020-12,RCF,-2.6313548387096777
Qatar,QAT,2020-12,TP,1.2165483870967742
Qatar,QAT,2020-12,KTR,-5.18883870967742
Qatar,QAT,2020-12,SAP,19.953999999999997
Qatar,QAT,2021-01,RCF,-7.087612903225807
Qatar,QAT,2021-01,TP,-2.797290322580645
Qatar,QAT,2021-01,KTR,-5.557612903225807
Qatar,QAT,2021-01,SAP,13.48383870967742
Qatar,QAT,2021-02,RCF,-7.6429285714285715
Qatar,QAT,2021-02,TP,-10.367285714285714
Qatar,QAT,2021-02,KTR,-8.438821428571428
Qatar,QAT,2021-02,SAP,13.79082142857143
Qatar,QAT,2021-03,RCF,-6.944741935483871
Qatar,QAT,2021-03,TP,-9.797290322580645
Qatar,QAT,2021-03,KTR,-8.271870967741936
Qatar,QAT,2021-03,SAP,15.880193548387096
Qatar,QAT,2021-04,RCF,-15.752333333333333
Qatar,QAT,2021-04,TP,-16.085766666666665
Qatar,QAT,2021-04,KTR,-13.123866666666666
Qatar,QAT,2021-04,SAP,16.1047
Qatar,QAT,2021-05,RCF,-14.811064516129031
Qatar,QAT,2021-05,TP,-14.788032258064517
Qatar,QAT,2021-05,KTR,-18.115290322580645
Qatar,QAT,2021-05,SAP,19.603709677419356
Qatar,QAT,2021-06,RCF,-5.909533333333333
Qatar,QAT,2021-06,TP,-6.0287
Qatar,QAT,2021-06,KTR,-4.2333
Qatar,QAT,2021-06,SAP,21.966666666666665
Qatar,QAT,2021-07,RCF,-7.276483870967742
Qatar,QAT,2021-07,TP,-6.548387096774194
Qatar,QAT,2021-07,KTR,-12.787903225806453
Qatar,QAT,2021-07,SAP,18.732677419354836
Qatar,QAT,2021-08,RCF,-8.096806451612903
Qatar,QAT,2021-08,TP,-3.847935483870968
Qatar,QAT,2021-08,KTR,-7.041645161290322
Qatar,QAT,2021-08,SAP,14.99541935483871
Qatar,QAT,2021-09,RCF,-1.9380333333333333
Qatar,QAT,2021-09,TP,-0.7286
Qatar,QAT,2021-09,KTR,-3.6857333333333333
Qatar,QAT,2021-09,SAP,21.685799999999997
Qatar,QAT,2021-10,RCF,2.9493870967741933
Qatar,QAT,2021-10,TP,3.5161290322580645
Qatar,QAT,2021-10,KTR,0.17967741935483872
Qatar,QAT,2021-10,SAP,26.382516129032258
Qatar,QAT,2021-11,RCF,7.928666666666667
Qatar,QAT,2021-11,TP,9.447633333333332
Qatar,QAT,2021-11,KTR,3.4048666666666665
Qatar,QAT,2021-11,SAP,29.2524
Qatar,QAT,2021-12,RCF,14.17041935483871
Qatar,QAT,2021-12,TP,13.138225806451613
Qatar,QAT,2021-12,KTR,1.0461290322580645
Qatar,QAT,2021-12,SAP,31.539161290322582
Qatar,QAT,2022-01,RCF,1.7234838709677418
Qatar,QAT,2022-01,TP,-4.705032258064516
Qatar,QAT,2022-01,KTR,0.7373225806451613
Qatar,QAT,2022-01,SAP,27.880290322580645
Qatar,QAT,2022-02,RCF,11.938857142857144
Qatar,QAT,2022-02,TP,6.79075
Qatar,QAT,2022-02,KTR,11.65817857142857
Qatar,QAT,2022-02,SAP,36.17867857142857
Qatar,QAT,2022-03,RCF,11.732774193548387
Qatar,QAT,2022-03,TP,18.4561935483871
Qatar,QAT,2022-03,KTR,17.16141935483871
Qatar,QAT,2022-03,SAP,36.10606451612903
Qatar,QAT,2022-04,RCF,2.6762
Qatar,QAT,2022-04,TP,15.7952
Qatar,QAT,2022-04,KTR,16.07133333333333
Qatar,QAT,2022-04,SAP,38.004733333333334
Qatar,QAT,2022-05,RCF,8.483870967741936
Qatar,QAT,2022-05,TP,18.77867741935484
Qatar,QAT,2022-05,KTR,6.106032258064516
Qatar,QAT,2022-05,SAP,34.93545161290323
Qatar,QAT,2022-06,RCF,8.519033333333333
Qatar,QAT,2022-06,TP,19.39046666666667
Qatar,QAT,2022-06,KTR,15.347633333333334
Qatar,QAT,2022-06,SAP,33.5619
Qatar,QAT,2022-07,RCF,4.7786
Qatar,QAT,2022-07,TP,14.1143
Qatar,QAT,2022-07,KTR,-0.01429999999999998
Qatar,QAT,2022-07,SAP,28.84995
Reunion,REU,2020-02,RCF,-1.791076923076923
Reunion,REU,2020-02,TP,4.696692307692308
Reunion,REU,2020-02,KTR,-0.6499166666666666
Reunion,REU,2020-02,SAP,-3.549615384615384
Reunion,REU,2020-03,RCF,-42.612870967741934
Reunion,REU,2020-03,TP,-34.0553870967742
Reunion,REU,2020-03,KTR,-26.025387096774196
Reunion,REU,2020-03,SAP,-34.285709677419355
Reunion,REU,2020-04,RCF,-90.8221
Reunion,REU,2020-04,TP,-86.87156666666667
Reunion,REU,2020-04,KTR,-57.4714
Reunion,REU,2020-04,SAP,-79.52643333333334
Reunion,REU,2020-05,RCF,-77.16045161290323
Reunion,REU,2020-05,TP,-77.27648387096774
Reunion,REU,2020-05,KTR,-39.847096774193545
Reunion,REU,2020-05,SAP,-67.12899999999999
Reunion,REU,2020-06,RCF,-63.642833333333336
Reunion,REU,2020-06,TP,-71.60953333333333
Reunion,REU,2020-06,KTR,-21.772299999999998
Reunion,REU,2020-06,SAP,-63.11116666666667
Reunion,REU,2020-07,RCF,-35.672645161290326
Reunion,REU,2020-07,TP,-42.6451935483871
Reunion,REU,2020-07,KTR,-25.457
Reunion,REU,2020-07,SAP,-39.38167741935484
Reunion,REU,2020-08,RCF,-2.0803125000000002
Reunion,REU,2020-08,TP,-12.241125
Reunion,REU,2020-08,KTR,-31.5655
Reunion,REU,2020-08,SAP,-8.84375
Reunion,REU,2020-09,RCF,-21.9857
Reunion,REU,2020-09,TP,-35.7
Reunion,REU,2020-09,KTR,-17.394
Reunion,REU,2020-09,SAP,-32.8983
Reunion,REU,2020-10,RCF,-3.8709354838709675
Reunion,REU,2020-10,TP,-18.811064516129033
Reunion,REU,2020-10,KTR,-21.737290322580645
Reunion,REU,2020-10,SAP,-20.19893548387097
Reunion,REU,2020-11,RCF,-17.414266666666666
Reunion,REU,2020-11,TP,-37.504733333333334
Reunion,REU,2020-11,KTR,-24.5524
Reunion,REU,2020-11,SAP,-27.944366666666667
Reunion,REU,2020-12,RCF,-2.7603870967741937
Reunion,REU,2020-12,TP,-24.023
Reunion,REU,2020-12,KTR,-20.838774193548385
Reunion,REU,2020-12,SAP,-11.177483870967743
Reunion,REU,2021-01,RCF,30.147451612903225
Reunion,REU,2021-01,TP,8.92167741935484
Reunion,REU,2021-01,KTR,-22.727354838709676
Reunion,REU,2021-01,SAP,19.446354838709677
Reunion,REU,2021-02,RCF,-9.219464285714285
Reunion,REU,2021-02,TP,-38.53564285714286
Reunion,REU,2021-02,KTR,-7.779000000000001
Reunion,REU,2021-02,SAP,-16.91667857142857
Reunion,REU,2021-03,RCF,-32.61290322580645
Reunion,REU,2021-03,TP,-58.12432258064516
Reunion,REU,2021-03,KTR,-0.3515483870967743
Reunion,REU,2021-03,SAP,-32.58064516129032
Reunion,REU,2021-04,RCF,82.77476666666666
Reunion,REU,2021-04,TP,17.076133333333335
Reunion,REU,2021-04,KTR,85.59826315789473
Reunion,REU,2021-04,SAP,117.00833333333334
Reunion,REU,2021-05,RCF,107.7061052631579
Reunion,REU,2021-05,TP,35.46083870967742
Reunion,REU,2021-05,KTR,131.667
Reunion,REU,2021-05,SAP,141.729375
Reunion,REU,2021-06,TP,72.2714
Reunion,REU,2021-07,TP,120.3862962962963
Reunion,REU,2021-08,TP,141.84615384615384
Reunion,REU,2021-09,TP,141.0975909090909
Reunion,REU,2021-10,TP,164.2481052631579
Reunion,REU,2021-11,TP,195.25276923076925
Reunion,REU,2021-12,TP,184.0
Reunion,REU,2022-01,TP,167.74138095238095
Reunion,REU,2022-02,TP,118.17004761904761
Reunion,REU,2022-03,TP,141.54647826086958
Reunion,REU,2022-04,TP,147.61036363636364
Reunion,REU,2022-05,TP,151.30522727272728
Reunion,REU,2022-06,TP,147.32472727272727
Reunion,REU,2022-07,TP,161.8877857142857
Romania,ROU,2020-02,RCF,4.103461538461539
Romania,ROU,2020-02,TP,5.806230769230769
Romania,ROU,2020-02,KTR,4.997307692307692
Romania,ROU,2020-02,SAP,4.172615384615384
Romania,ROU,2020-03,RCF,-25.368645161290324
Romania,ROU,2020-03,TP,-23.34106451612903
Romania,ROU,2020-03,KTR,-14.714290322580647
Romania,ROU,2020-03,SAP,-8.548322580645161
Romania,ROU,2020-04,RCF,-66.95716666666667
Romania,ROU,2020-04,TP,-65.04286666666667
Romania,ROU,2020-04,KTR,-49.38563333333333
Romania,ROU,2020-04,SAP,-38.86193333333333
Romania,ROU,2020-05,RCF,-46.55748387096774
Romania,ROU,2020-05,TP,-45.88016129032258
Romania,ROU,2020-05,KTR,-32.59906451612903
Romania,ROU,2020-05,SAP,-20.193548387096776
Romania,ROU,2020-06,RCF,-18.65236666666667
Romania,ROU,2020-06,TP,-23.276166666666665
Romania,ROU,2020-06,KTR,-18.58083333333333
Romania,ROU,2020-06,SAP,-3.4332333333333334
Romania,ROU,2020-07,RCF,-8.691258064516129
Romania,ROU,2020-07,TP,-17.691193548387098
Romania,ROU,2020-07,KTR,-18.313354838709678
Romania,ROU,2020-07,SAP,0.6313225806451612
Romania,ROU,2020-08,RCF,-7.212
Romania,ROU,2020-08,TP,-19.94467741935484
Romania,ROU,2020-08,KTR,-23.852451612903227
Romania,ROU,2020-08,SAP,2.2948387096774194
Romania,ROU,2020-09,RCF,-7.176166666666666
Romania,ROU,2020-09,TP,-15.7476
Romania,ROU,2020-09,KTR,-18.590433333333333
Romania,ROU,2020-09,SAP,3.7571333333333334
Romania,ROU,2020-10,RCF,-18.387129032258063
Romania,ROU,2020-10,TP,-17.456225806451613
Romania,ROU,2020-10,KTR,-17.373322580645162
Romania,ROU,2020-10,SAP,1.9585483870967744
Romania,ROU,2020-11,RCF,-30.376166666666666
Romania,ROU,2020-11,TP,-31.509666666666664
Romania,ROU,2020-11,KTR,-25.466666666666665
Romania,ROU,2020-11,SAP,-5.085733333333334
Romania,ROU,2020-12,RCF,-30.921645161290325
Romania,ROU,2020-12,TP,-35.442419354838705
Romania,ROU,2020-12,KTR,-33.340999999999994
Romania,ROU,2020-12,SAP,-4.635935483870968
Romania,ROU,2021-01,RCF,-35.45148387096774
Romania,ROU,2021-01,TP,-40.83412903225806
Romania,ROU,2021-01,KTR,-31.834064516129033
Romania,ROU,2021-01,SAP,-11.377935483870967
Romania,ROU,2021-02,RCF,-27.591785714285717
Romania,ROU,2021-02,TP,-31.760214285714287
Romania,ROU,2021-02,KTR,-21.494964285714286
Romania,ROU,2021-02,SAP,-2.9795714285714285
Romania,ROU,2021-03,RCF,-25.520806451612902
Romania,ROU,2021-03,TP,-27.612935483870967
Romania,ROU,2021-03,KTR,-17.74203225806452
Romania,ROU,2021-03,SAP,3.364096774193549
Romania,ROU,2021-04,RCF,-22.076133333333335
Romania,ROU,2021-04,TP,-23.790533333333332
Romania,ROU,2021-04,KTR,-20.871433333333336
Romania,ROU,2021-04,SAP,6.4094999999999995
Romania,ROU,2021-05,RCF,-12.128967741935483
Romania,ROU,2021-05,TP,-16.24883870967742
Romania,ROU,2021-05,KTR,-17.84783870967742
Romania,ROU,2021-05,SAP,11.64074193548387
Romania,ROU,2021-06,RCF,-1.5619333333333332
Romania,ROU,2021-06,TP,-10.242799999999999
Romania,ROU,2021-06,KTR,-11.7857
Romania,ROU,2021-06,SAP,19.485766666666667
Romania,ROU,2021-07,RCF,4.977
Romania,ROU,2021-07,TP,-5.916967741935483
Romania,ROU,2021-07,KTR,-18.230387096774194
Romania,ROU,2021-07,SAP,22.48858064516129
Romania,ROU,2021-08,RCF,12.73725806451613
Romania,ROU,2021-08,TP,-4.027677419354839
Romania,ROU,2021-08,KTR,-22.26274193548387
Romania,ROU,2021-08,SAP,27.907806451612903
Romania,ROU,2021-09,RCF,6.6571
Romania,ROU,2021-09,TP,-4.6952
Romania,ROU,2021-09,KTR,-15.852366666666667
Romania,ROU,2021-09,SAP,24.447633333333332
Romania,ROU,2021-10,RCF,-13.055290322580644
Romania,ROU,2021-10,TP,-18.41016129032258
Romania,ROU,2021-10,KTR,-17.64058064516129
Romania,ROU,2021-10,SAP,13.161290322580646
Romania,ROU,2021-11,RCF,-18.733433333333334
Romania,ROU,2021-11,TP,-20.2524
Romania,ROU,2021-11,KTR,-16.65243333333333
Romania,ROU,2021-11,SAP,11.014333333333333
Romania,ROU,2021-12,RCF,-12.732709677419354
Romania,ROU,2021-12,TP,-22.29032258064516
Romania,ROU,2021-12,KTR,-22.036838709677422
Romania,ROU,2021-12,SAP,12.986193548387098
Romania,ROU,2022-01,RCF,-20.428612903225808
Romania,ROU,2022-01,TP,-29.216548387096772
Romania,ROU,2022-01,KTR,-22.00922580645161
Romania,ROU,2022-01,SAP,6.050677419354838
Romania,ROU,2022-02,RCF,-15.9695
Romania,ROU,2022-02,TP,-22.586785714285714
Romania,ROU,2022-02,KTR,-10.5
Romania,ROU,2022-02,SAP,11.199
Romania,ROU,2022-03,RCF,-15.83874193548387
Romania,ROU,2022-03,TP,-21.202774193548386
Romania,ROU,2022-03,KTR,-7.221258064516129
Romania,ROU,2022-03,SAP,8.41016129032258
Romania,ROU,2022-04,RCF,-13.009366666666667
Romania,ROU,2022-04,TP,-20.023766666666667
Romania,ROU,2022-04,KTR,-16.914266666666666
Romania,ROU,2022-04,SAP,8.5143
Romania,ROU,2022-05,RCF,-3.9216774193548387
Romania,ROU,2022-05,TP,-10.62674193548387
Romania,ROU,2022-05,KTR,-5.797064516129033
Romania,ROU,2022-05,SAP,14.24883870967742
Romania,ROU,2022-06,RCF,-2.7381333333333333
Romania,ROU,2022-06,TP,-11.1381
Romania,ROU,2022-06,KTR,-12.800033333333333
Romania,ROU,2022-06,SAP,14.528666666666668
Romania,ROU,2022-07,RCF,-2.0785
Romania,ROU,2022-07,TP,-10.4715
Romania,ROU,2022-07,KTR,-15.4214
Romania,ROU,2022-07,SAP,15.6857
Rwanda,RWA,2020-02,RCF,0.44761538461538464
Rwanda,RWA,2020-02,TP,5.650692307692308
Rwanda,RWA,2020-02,KTR,3.4131538461538464
Rwanda,RWA,2020-02,SAP,-1.6856923076923078
Rwanda,RWA,2020-03,RCF,-16.041548387096775
Rwanda,RWA,2020-03,TP,-13.99074193548387
Rwanda,RWA,2020-03,KTR,-14.262677419354839
Rwanda,RWA,2020-03,SAP,-13.659032258064517
Rwanda,RWA,2020-04,RCF,-61.933366666666664
Rwanda,RWA,2020-04,TP,-73.89996666666666
Rwanda,RWA,2020-04,KTR,-51.81903333333333
Rwanda,RWA,2020-04,SAP,-59.2
Rwanda,RWA,2020-05,RCF,-39.64525806451613
Rwanda,RWA,2020-05,TP,-44.75112903225807
Rwanda,RWA,2020-05,KTR,-28.566870967741934
Rwanda,RWA,2020-05,SAP,-30.815709677419356
Rwanda,RWA,2020-06,RCF,-25.914266666666666
Rwanda,RWA,2020-06,TP,-24.4811
Rwanda,RWA,2020-06,KTR,-17.223866666666666
Rwanda,RWA,2020-06,SAP,-17.4047
Rwanda,RWA,2020-07,RCF,-14.437677419354838
Rwanda,RWA,2020-07,TP,-18.70967741935484
Rwanda,RWA,2020-07,KTR,-20.188967741935482
Rwanda,RWA,2020-07,SAP,-15.248806451612902
Rwanda,RWA,2020-08,RCF,-15.2561
Rwanda,RWA,2020-08,TP,-14.059903225806453
Rwanda,RWA,2020-08,KTR,-21.548387096774192
Rwanda,RWA,2020-08,SAP,-13.367181818181818
Rwanda,RWA,2020-09,RCF,2.005777777777778
Rwanda,RWA,2020-09,TP,-25.9572
Rwanda,RWA,2020-09,KTR,-19.46673333333333
Rwanda,RWA,2020-09,SAP,-17.73242105263158
Rwanda,RWA,2020-10,RCF,1.8524193548387096
Rwanda,RWA,2020-10,TP,-16.184290322580647
Rwanda,RWA,2020-10,KTR,-18.83858064516129
Rwanda,RWA,2020-10,SAP,-12.575967741935484
Rwanda,RWA,2020-11,RCF,5.909533333333333
Rwanda,RWA,2020-11,TP,-12.5762
Rwanda,RWA,2020-11,KTR,-14.738133333333334
Rwanda,RWA,2020-11,SAP,-13.109466666666666
Rwanda,RWA,2020-12,RCF,7.341064516129032
Rwanda,RWA,2020-12,TP,-8.276548387096774
Rwanda,RWA,2020-12,KTR,-14.56225806451613
Rwanda,RWA,2020-12,SAP,-10.96774193548387
Rwanda,RWA,2021-01,RCF,-22.714322580645163
Rwanda,RWA,2021-01,TP,-40.58532258064516
Rwanda,RWA,2021-01,KTR,-32.65435483870968
Rwanda,RWA,2021-01,SAP,-35.42406451612903
Rwanda,RWA,2021-02,RCF,-35.95917857142857
Rwanda,RWA,2021-02,TP,-53.89282142857143
Rwanda,RWA,2021-02,KTR,-38.13767857142857
Rwanda,RWA,2021-02,SAP,-40.56632142857143
Rwanda,RWA,2021-03,RCF,-10.852516129032258
Rwanda,RWA,2021-03,TP,-32.61751612903226
Rwanda,RWA,2021-03,KTR,-20.211967741935485
Rwanda,RWA,2021-03,SAP,-21.10135483870968
Rwanda,RWA,2021-04,RCF,-3.1570666666666667
Rwanda,RWA,2021-04,TP,-12.280966666666668
Rwanda,RWA,2021-04,KTR,-18.328533333333333
Rwanda,RWA,2021-04,SAP,-11.166633333333333
Rwanda,RWA,2021-05,RCF,12.880129032258065
Rwanda,RWA,2021-05,TP,-3.9677741935483875
Rwanda,RWA,2021-05,KTR,-6.9354516129032255
Rwanda,RWA,2021-05,SAP,2.589903225806452
Rwanda,RWA,2021-06,RCF,25.076133333333335
Rwanda,RWA,2021-06,TP,-3.1190333333333333
Rwanda,RWA,2021-06,KTR,-0.2333
Rwanda,RWA,2021-06,SAP,9.290466666666667
Rwanda,RWA,2021-07,RCF,-19.124419354838707
Rwanda,RWA,2021-07,TP,-42.20270967741936
Rwanda,RWA,2021-07,KTR,-32.516129032258064
Rwanda,RWA,2021-07,SAP,-21.608322580645158
Rwanda,RWA,2021-08,RCF,9.258032258064517
Rwanda,RWA,2021-08,TP,-14.239645161290321
Rwanda,RWA,2021-08,KTR,-16.788
Rwanda,RWA,2021-08,SAP,-4.9677096774193545
Rwanda,RWA,2021-09,RCF,36.04756666666666
Rwanda,RWA,2021-09,TP,1.0237666666666667
Rwanda,RWA,2021-09,KTR,-1.8715
Rwanda,RWA,2021-09,SAP,7.0000333333333336
Rwanda,RWA,2021-10,RCF,40.806451612903224
Rwanda,RWA,2021-10,TP,8.525387096774192
Rwanda,RWA,2021-10,KTR,4.972354838709678
Rwanda,RWA,2021-10,SAP,9.709677419354838
Rwanda,RWA,2021-11,RCF,45.123866666666665
Rwanda,RWA,2021-11,TP,8.409633333333334
Rwanda,RWA,2021-11,KTR,8.766633333333335
Rwanda,RWA,2021-11,SAP,9.580933333333332
Rwanda,RWA,2021-12,RCF,44.83874193548387
Rwanda,RWA,2021-12,TP,9.175193548387096
Rwanda,RWA,2021-12,KTR,5.055290322580645
Rwanda,RWA,2021-12,SAP,13.207354838709678
Rwanda,RWA,2022-01,RCF,32.99993548387097
Rwanda,RWA,2022-01,TP,6.175161290322581
Rwanda,RWA,2022-01,KTR,3.493
Rwanda,RWA,2022-01,SAP,8.576032258064517
Rwanda,RWA,2022-02,RCF,43.48471428571429
Rwanda,RWA,2022-02,TP,10.321357142857142
Rwanda,RWA,2022-02,KTR,16.632749999999998
Rwanda,RWA,2022-02,SAP,13.16832142857143
Rwanda,RWA,2022-03,RCF,71.28099999999999
Rwanda,RWA,2022-03,TP,28.746548387096777
Rwanda,RWA,2022-03,KTR,36.26729032258065
Rwanda,RWA,2022-03,SAP,28.672806451612903
Rwanda,RWA,2022-04,RCF,76.24756666666667
Rwanda,RWA,2022-04,TP,32.657133333333334
Rwanda,RWA,2022-04,KTR,28.0429
Rwanda,RWA,2022-04,SAP,32.26663333333333
Rwanda,RWA,2022-05,RCF,82.09222580645161
Rwanda,RWA,2022-05,TP,34.53922580645161
Rwanda,RWA,2022-05,KTR,33.49767741935484
Rwanda,RWA,2022-05,SAP,39.212
Rwanda,RWA,2022-06,RCF,84.52386666666666
Rwanda,RWA,2022-06,TP,33.509566666666665
Rwanda,RWA,2022-06,KTR,36.214333333333336
Rwanda,RWA,2022-06,SAP,39.78573333333334
Rwanda,RWA,2022-07,RCF,89.90005
Rwanda,RWA,2022-07,TP,37.085750000000004
Rwanda,RWA,2022-07,KTR,31.021449999999998
Rwanda,RWA,2022-07,SAP,40.1571
Saudi Arabia,SAU,2020-02,RCF,-6.051846153846155
Saudi Arabia,SAU,2020-02,TP,-6.168846153846153
Saudi Arabia,SAU,2020-02,KTR,2.0953076923076925
Saudi Arabia,SAU,2020-02,SAP,-2.623923076923077
Saudi Arabia,SAU,2020-03,RCF,-23.267193548387098
Saudi Arabia,SAU,2020-03,TP,-36.43767741935484
Saudi Arabia,SAU,2020-03,KTR,-14.709645161290323
Saudi Arabia,SAU,2020-03,SAP,-5.663483870967743
Saudi Arabia,SAU,2020-04,RCF,-67.65713333333333
Saudi Arabia,SAU,2020-04,TP,-80.39529999999999
Saudi Arabia,SAU,2020-04,KTR,-53.1904
Saudi Arabia,SAU,2020-04,SAP,-34.85713333333333
Saudi Arabia,SAU,2020-05,RCF,-60.3226129032258
Saudi Arabia,SAU,2020-05,TP,-78.26735483870968
Saudi Arabia,SAU,2020-05,KTR,-47.861709677419356
Saudi Arabia,SAU,2020-05,SAP,-32.718870967741935
Saudi Arabia,SAU,2020-06,RCF,-36.942933333333336
Saudi Arabia,SAU,2020-06,TP,-61.38096666666667
Saudi Arabia,SAU,2020-06,KTR,-27.561866666666667
Saudi Arabia,SAU,2020-06,SAP,-17.96193333333333
Saudi Arabia,SAU,2020-07,RCF,-21.41916129032258
Saudi Arabia,SAU,2020-07,TP,-51.39170967741936
Saudi Arabia,SAU,2020-07,KTR,-22.087580645161292
Saudi Arabia,SAU,2020-07,SAP,-9.806387096774193
Saudi Arabia,SAU,2020-08,RCF,-21.594451612903224
Saudi Arabia,SAU,2020-08,TP,-50.774193548387096
Saudi Arabia,SAU,2020-08,KTR,-27.018483870967742
Saudi Arabia,SAU,2020-08,SAP,-11.096741935483871
Saudi Arabia,SAU,2020-09,RCF,-19.69043333333333
Saudi Arabia,SAU,2020-09,TP,-48.19043333333333
Saudi Arabia,SAU,2020-09,KTR,-22.281033333333333
Saudi Arabia,SAU,2020-09,SAP,-9.390333333333333
Saudi Arabia,SAU,2020-10,RCF,-20.414645161290323
Saudi Arabia,SAU,2020-10,TP,-42.12896774193548
Saudi Arabia,SAU,2020-10,KTR,-20.548290322580645
Saudi Arabia,SAU,2020-10,SAP,-7.055322580645162
Saudi Arabia,SAU,2020-11,RCF,-18.419066666666666
Saudi Arabia,SAU,2020-11,TP,-40.3857
Saudi Arabia,SAU,2020-11,KTR,-20.004833333333334
Saudi Arabia,SAU,2020-11,SAP,-7.866566666666667
Saudi Arabia,SAU,2020-12,RCF,-17.299548387096777
Saudi Arabia,SAU,2020-12,TP,-40.70967741935484
Saudi Arabia,SAU,2020-12,KTR,-18.465483870967745
Saudi Arabia,SAU,2020-12,SAP,-6.055322580645162
Saudi Arabia,SAU,2021-01,RCF,-16.56674193548387
Saudi Arabia,SAU,2021-01,TP,-37.20741935483871
Saudi Arabia,SAU,2021-01,KTR,-21.497709677419355
Saudi Arabia,SAU,2021-01,SAP,-5.972354838709678
Saudi Arabia,SAU,2021-02,RCF,-13.178535714285715
Saudi Arabia,SAU,2021-02,TP,-37.15817857142857
Saudi Arabia,SAU,2021-02,KTR,-14.964321428571427
Saudi Arabia,SAU,2021-02,SAP,8.80107142857143
Saudi Arabia,SAU,2021-03,RCF,-4.5207096774193545
Saudi Arabia,SAU,2021-03,TP,-34.986225806451614
Saudi Arabia,SAU,2021-03,KTR,-9.529935483870968
Saudi Arabia,SAU,2021-03,SAP,18.981645161290324
Saudi Arabia,SAU,2021-04,RCF,-6.209466666666667
Saudi Arabia,SAU,2021-04,TP,-34.44766666666667
Saudi Arabia,SAU,2021-04,KTR,-8.166633333333333
Saudi Arabia,SAU,2021-04,SAP,22.766666666666666
Saudi Arabia,SAU,2021-05,RCF,-0.18899999999999997
Saudi Arabia,SAU,2021-05,TP,-29.953903225806453
Saudi Arabia,SAU,2021-05,KTR,-15.834096774193547
Saudi Arabia,SAU,2021-05,SAP,25.847870967741937
Saudi Arabia,SAU,2021-06,RCF,5.014266666666667
Saudi Arabia,SAU,2021-06,TP,-26.076133333333335
Saudi Arabia,SAU,2021-06,KTR,-4.209433333333333
Saudi Arabia,SAU,2021-06,SAP,29.123766666666665
Saudi Arabia,SAU,2021-07,RCF,5.3871290322580645
Saudi Arabia,SAU,2021-07,TP,-23.746548387096777
Saudi Arabia,SAU,2021-07,KTR,-11.410129032258064
Saudi Arabia,SAU,2021-07,SAP,29.852451612903224
Saudi Arabia,SAU,2021-08,RCF,7.437838709677419
Saudi Arabia,SAU,2021-08,TP,-29.133548387096774
Saudi Arabia,SAU,2021-08,KTR,-3.124451612903226
Saudi Arabia,SAU,2021-08,SAP,31.84332258064516
Saudi Arabia,SAU,2021-09,RCF,11.666633333333333
Saudi Arabia,SAU,2021-09,TP,-25.761833333333335
Saudi Arabia,SAU,2021-09,KTR,-2.1809333333333334
Saudi Arabia,SAU,2021-09,SAP,34.876200000000004
Saudi Arabia,SAU,2021-10,RCF,11.649709677419356
Saudi Arabia,SAU,2021-10,TP,-16.811096774193548
Saudi Arabia,SAU,2021-10,KTR,1.2949032258064517
Saudi Arabia,SAU,2021-10,SAP,34.732677419354836
Saudi Arabia,SAU,2021-11,RCF,15.076166666666666
Saudi Arabia,SAU,2021-11,TP,-9.4904
Saudi Arabia,SAU,2021-11,KTR,2.4238333333333335
Saudi Arabia,SAU,2021-11,SAP,36.576233333333334
Saudi Arabia,SAU,2021-12,RCF,18.571419354838707
Saudi Arabia,SAU,2021-12,TP,-3.4147096774193546
Saudi Arabia,SAU,2021-12,KTR,6.4839032258064515
Saudi Arabia,SAU,2021-12,SAP,40.30416129032258
Saudi Arabia,SAU,2022-01,RCF,19.884774193548388
Saudi Arabia,SAU,2022-01,TP,-4.976935483870967
Saudi Arabia,SAU,2022-01,KTR,9.239612903225806
Saudi Arabia,SAU,2022-01,SAP,44.94009677419355
Saudi Arabia,SAU,2022-02,RCF,20.744857142857143
Saudi Arabia,SAU,2022-02,TP,-4.2141785714285716
Saudi Arabia,SAU,2022-02,KTR,12.632642857142857
Saudi Arabia,SAU,2022-02,SAP,44.82664285714286
Saudi Arabia,SAU,2022-03,RCF,21.63125806451613
Saudi Arabia,SAU,2022-03,TP,6.018483870967742
Saudi Arabia,SAU,2022-03,KTR,20.92158064516129
Saudi Arabia,SAU,2022-03,SAP,47.04606451612903
Saudi Arabia,SAU,2022-04,RCF,10.057266666666667
Saudi Arabia,SAU,2022-04,TP,4.0476
Saudi Arabia,SAU,2022-04,KTR,19.376266666666666
Saudi Arabia,SAU,2022-04,SAP,47.06673333333333
Saudi Arabia,SAU,2022-05,RCF,14.437806451612904
Saudi Arabia,SAU,2022-05,TP,7.926290322580646
Saudi Arabia,SAU,2022-05,KTR,6.811
Saudi Arabia,SAU,2022-05,SAP,40.62209677419355
Saudi Arabia,SAU,2022-06,RCF,15.828566666666665
Saudi Arabia,SAU,2022-06,TP,7.776166666666667
Saudi Arabia,SAU,2022-06,KTR,19.4
Saudi Arabia,SAU,2022-06,SAP,42.16193333333333
Saudi Arabia,SAU,2022-07,RCF,13.521449999999998
Saudi Arabia,SAU,2022-07,TP,22.1858
Saudi Arabia,SAU,2022-07,KTR,-3.66435
Saudi Arabia,SAU,2022-07,SAP,37.76425
Senegal,SEN,2020-02,RCF,-3.4769230769230766
Senegal,SEN,2020-02,TP,-3.263153846153846
Senegal,SEN,2020-02,KTR,1.8591538461538462
Senegal,SEN,2020-02,SAP,-2.201769230769231
Senegal,SEN,2020-03,RCF,-14.350225806451611
Senegal,SEN,2020-03,TP,-14.926258064516128
Senegal,SEN,2020-03,KTR,-6.935419354838709
Senegal,SEN,2020-03,SAP,-7.400935483870968
Senegal,SEN,2020-04,RCF,-42.6904
Senegal,SEN,2020-04,TP,-50.161833333333334
Senegal,SEN,2020-04,KTR,-29.233366666666665
Senegal,SEN,2020-04,SAP,-29.414333333333335
Senegal,SEN,2020-05,RCF,-41.13354838709677
Senegal,SEN,2020-05,TP,-50.54374193548387
Senegal,SEN,2020-05,KTR,-27.15667741935484
Senegal,SEN,2020-05,SAP,-26.700419354838708
Senegal,SEN,2020-06,RCF,-25.209433333333333
Senegal,SEN,2020-06,TP,-36.47143333333334
Senegal,SEN,2020-06,KTR,-16.190566666666665
Senegal,SEN,2020-06,SAP,-16.652333333333335
Senegal,SEN,2020-07,RCF,-13.944774193548387
Senegal,SEN,2020-07,TP,-22.686612903225804
Senegal,SEN,2020-07,KTR,-14.801870967741936
Senegal,SEN,2020-07,SAP,-7.474612903225807
Senegal,SEN,2020-08,RCF,-19.72809677419355
Senegal,SEN,2020-08,TP,-28.90783870967742
Senegal,SEN,2020-08,KTR,-25.73725806451613
Senegal,SEN,2020-08,SAP,-13.912419354838711
Senegal,SEN,2020-09,RCF,-17.6381
Senegal,SEN,2020-09,TP,-23.862000000000002
Senegal,SEN,2020-09,KTR,-21.376199999999997
Senegal,SEN,2020-09,SAP,-8.5048
Senegal,SEN,2020-10,RCF,-21.15667741935484
Senegal,SEN,2020-10,TP,-24.732709677419358
Senegal,SEN,2020-10,KTR,-25.470096774193546
Senegal,SEN,2020-10,SAP,3.5068709677419356
Senegal,SEN,2020-11,RCF,-18.6571
Senegal,SEN,2020-11,TP,-20.747533333333333
Senegal,SEN,2020-11,KTR,-17.352333333333334
Senegal,SEN,2020-11,SAP,7.676233333333333
Senegal,SEN,2020-12,RCF,-15.603677419354838
Senegal,SEN,2020-12,TP,-11.931
Senegal,SEN,2020-12,KTR,-11.414709677419355
Senegal,SEN,2020-12,SAP,17.608387096774194
Senegal,SEN,2021-01,RCF,-21.580612903225806
Senegal,SEN,2021-01,TP,-17.612903225806452
Senegal,SEN,2021-01,KTR,-15.433225806451613
Senegal,SEN,2021-01,SAP,9.336387096774194
Senegal,SEN,2021-02,RCF,-22.428607142857143
Senegal,SEN,2021-02,TP,-21.010285714285715
Senegal,SEN,2021-02,KTR,-17.571357142857142
Senegal,SEN,2021-02,SAP,10.188678571428571
Senegal,SEN,2021-03,RCF,-20.60835483870968
Senegal,SEN,2021-03,TP,-19.000129032258066
Senegal,SEN,2021-03,KTR,-17.640548387096775
Senegal,SEN,2021-03,SAP,12.778903225806452
Senegal,SEN,2021-04,RCF,-11.019033333333335
Senegal,SEN,2021-04,TP,-4.142833333333333
Senegal,SEN,2021-04,KTR,-7.0332
Senegal,SEN,2021-04,SAP,28.6237
Senegal,SEN,2021-05,RCF,-3.0921612903225806
Senegal,SEN,2021-05,TP,4.843451612903226
Senegal,SEN,2021-05,KTR,-9.714225806451614
Senegal,SEN,2021-05,SAP,41.04616129032258
Senegal,SEN,2021-06,RCF,9.6762
Senegal,SEN,2021-06,TP,14.061933333333334
Senegal,SEN,2021-06,KTR,1.3427666666666667
Senegal,SEN,2021-06,SAP,51.352533333333334
Senegal,SEN,2021-07,RCF,7.092096774193548
Senegal,SEN,2021-07,TP,13.866451612903226
Senegal,SEN,2021-07,KTR,-15.29483870967742
Senegal,SEN,2021-07,SAP,52.866354838709675
Senegal,SEN,2021-08,RCF,2.2166129032258066
Senegal,SEN,2021-08,TP,5.110645161290323
Senegal,SEN,2021-08,KTR,-23.036774193548386
Senegal,SEN,2021-08,SAP,42.9123870967742
Senegal,SEN,2021-09,RCF,5.957166666666667
Senegal,SEN,2021-09,TP,10.614333333333333
Senegal,SEN,2021-09,KTR,-20.404766666666667
Senegal,SEN,2021-09,SAP,45.90956666666667
Senegal,SEN,2021-10,RCF,8.202774193548388
Senegal,SEN,2021-10,TP,14.202806451612904
Senegal,SEN,2021-10,KTR,-18.990709677419353
Senegal,SEN,2021-10,SAP,49.751161290322585
Senegal,SEN,2021-11,RCF,13.852433333333332
Senegal,SEN,2021-11,TP,16.92376666666667
Senegal,SEN,2021-11,KTR,-8.390400000000001
Senegal,SEN,2021-11,SAP,54.709500000000006
Senegal,SEN,2021-12,RCF,17.092129032258065
Senegal,SEN,2021-12,TP,19.414677419354838
Senegal,SEN,2021-12,KTR,0.44696774193548394
Senegal,SEN,2021-12,SAP,58.76041935483871
Senegal,SEN,2022-01,RCF,11.225870967741935
Senegal,SEN,2022-01,TP,16.184354838709677
Senegal,SEN,2022-01,KTR,1.4101612903225804
Senegal,SEN,2022-01,SAP,51.811064516129036
Senegal,SEN,2022-02,RCF,13.73475
Senegal,SEN,2022-02,TP,19.229535714285714
Senegal,SEN,2022-02,KTR,10.551
Senegal,SEN,2022-02,SAP,47.89282142857143
Senegal,SEN,2022-03,RCF,16.85709677419355
Senegal,SEN,2022-03,TP,26.562129032258067
Senegal,SEN,2022-03,KTR,25.059870967741936
Senegal,SEN,2022-03,SAP,48.17970967741935
Senegal,SEN,2022-04,RCF,7.4762
Senegal,SEN,2022-04,TP,21.738
Senegal,SEN,2022-04,KTR,25.090433333333333
Senegal,SEN,2022-04,SAP,43.24763333333333
Senegal,SEN,2022-05,RCF,13.447064516129032
Senegal,SEN,2022-05,TP,24.96767741935484
Senegal,SEN,2022-05,KTR,21.78793548387097
Senegal,SEN,2022-05,SAP,43.474548387096775
Senegal,SEN,2022-06,RCF,16.4333
Senegal,SEN,2022-06,TP,29.9953
Senegal,SEN,2022-06,KTR,26.5571
Senegal,SEN,2022-06,SAP,45.547599999999996
Senegal,SEN,2022-07,RCF,15.771350000000002
Senegal,SEN,2022-07,TP,30.2001
Senegal,SEN,2022-07,KTR,2.6284
Senegal,SEN,2022-07,SAP,47.94285
Serbia,SRB,2020-02,RCF,7.087307692307693
Serbia,SRB,2020-02,TP,5.050538461538461
Serbia,SRB,2020-02,KTR,-6.846692307692308
Serbia,SRB,2020-02,SAP,2.840692307692308
Serbia,SRB,2020-03,RCF,-22.04151612903226
Serbia,SRB,2020-03,TP,-21.50690322580645
Serbia,SRB,2020-03,KTR,-17.06909677419355
Serbia,SRB,2020-03,SAP,-3.986225806451613
Serbia,SRB,2020-04,RCF,-67.52856666666666
Serbia,SRB,2020-04,TP,-69.3714
Serbia,SRB,2020-04,KTR,-63.08093333333333
Serbia,SRB,2020-04,SAP,-41.19053333333333
Serbia,SRB,2020-05,RCF,-37.09522222222222
Serbia,SRB,2020-05,TP,-47.881
Serbia,SRB,2020-05,KTR,-41.079388888888886
Serbia,SRB,2020-05,SAP,-20.674777777777777
Serbia,SRB,2020-07,RCF,-11.16744827586207
Serbia,SRB,2020-07,TP,-21.527137931034485
Serbia,SRB,2020-07,KTR,-22.827551724137933
Serbia,SRB,2020-07,SAP,0.2660344827586207
Serbia,SRB,2020-08,RCF,-3.359387096774194
Serbia,SRB,2020-08,TP,-16.940129032258064
Serbia,SRB,2020-08,KTR,-24.43316129032258
Serbia,SRB,2020-08,SAP,2.129096774193548
Serbia,SRB,2020-09,RCF,-0.8141999999999999
Serbia,SRB,2020-09,TP,-6.9429
Serbia,SRB,2020-09,KTR,-17.7047
Serbia,SRB,2020-09,SAP,6.404866666666666
Serbia,SRB,2020-10,RCF,-6.027645161290322
Serbia,SRB,2020-10,TP,-2.055258064516129
Serbia,SRB,2020-10,KTR,-12.631290322580645
Serbia,SRB,2020-10,SAP,9.331774193548387
Serbia,SRB,2020-11,RCF,-20.171366666666664
Serbia,SRB,2020-11,TP,-17.757133333333332
Serbia,SRB,2020-11,KTR,-19.400066666666664
Serbia,SRB,2020-11,SAP,3.8619666666666665
Serbia,SRB,2020-12,RCF,-32.11061290322581
Serbia,SRB,2020-12,TP,-29.414677419354838
Serbia,SRB,2020-12,KTR,-29.543806451612905
Serbia,SRB,2020-12,SAP,2.4286451612903224
Serbia,SRB,2021-01,RCF,-27.479258064516127
Serbia,SRB,2021-01,TP,-29.488548387096774
Serbia,SRB,2021-01,KTR,-30.032225806451613
Serbia,SRB,2021-01,SAP,-3.811032258064516
Serbia,SRB,2021-02,RCF,-19.494857142857143
Serbia,SRB,2021-02,TP,-19.050964285714286
Serbia,SRB,2021-02,KTR,-20.37757142857143
Serbia,SRB,2021-02,SAP,2.540785714285714
Serbia,SRB,2021-03,RCF,-29.17509677419355
Serbia,SRB,2021-03,TP,-18.01374193548387
Serbia,SRB,2021-03,KTR,-22.78806451612903
Serbia,SRB,2021-03,SAP,10.184354838709677
Serbia,SRB,2021-04,RCF,-17.009566666666665
Serbia,SRB,2021-04,TP,-6.623866666666667
Serbia,SRB,2021-04,KTR,-18.209600000000002
Serbia,SRB,2021-04,SAP,18.7048
Serbia,SRB,2021-05,RCF,-0.47932258064516126
Serbia,SRB,2021-05,TP,3.230354838709677
Serbia,SRB,2021-05,KTR,-17.903258064516127
Serbia,SRB,2021-05,SAP,24.465451612903227
Serbia,SRB,2021-06,RCF,8.257133333333334
Serbia,SRB,2021-06,TP,9.285733333333333
Serbia,SRB,2021-06,KTR,-10.4667
Serbia,SRB,2021-06,SAP,29.2524
Serbia,SRB,2021-07,RCF,9.75116129032258
Serbia,SRB,2021-07,TP,8.81109677419355
Serbia,SRB,2021-07,KTR,-18.460870967741936
Serbia,SRB,2021-07,SAP,27.42854838709677
Serbia,SRB,2021-08,RCF,13.179741935483872
Serbia,SRB,2021-08,TP,10.511451612903226
Serbia,SRB,2021-08,KTR,-21.60374193548387
Serbia,SRB,2021-08,SAP,29.718967741935483
Serbia,SRB,2021-09,RCF,14.119033333333334
Serbia,SRB,2021-09,TP,15.152333333333333
Serbia,SRB,2021-09,KTR,-12.733333333333333
Serbia,SRB,2021-09,SAP,35.6762
Serbia,SRB,2021-10,RCF,10.041516129032257
Serbia,SRB,2021-10,TP,14.387129032258064
Serbia,SRB,2021-10,KTR,-6.106064516129033
Serbia,SRB,2021-10,SAP,36.23493548387096
Serbia,SRB,2021-11,RCF,8.3429
Serbia,SRB,2021-11,TP,14.2476
Serbia,SRB,2021-11,KTR,-7.0761666666666665
Serbia,SRB,2021-11,SAP,38.3286
Serbia,SRB,2021-12,RCF,9.645129032258065
Serbia,SRB,2021-12,TP,16.29951612903226
Serbia,SRB,2021-12,KTR,1.576
Serbia,SRB,2021-12,SAP,40.852548387096775
Serbia,SRB,2022-01,RCF,0.12896774193548394
Serbia,SRB,2022-01,TP,0.12445161290322576
Serbia,SRB,2022-01,KTR,-18.391612903225806
Serbia,SRB,2022-01,SAP,32.428548387096775
Serbia,SRB,2022-02,RCF,11.954142857142857
Serbia,SRB,2022-02,TP,11.821321428571428
Serbia,SRB,2022-02,KTR,-2.41325
Serbia,SRB,2022-02,SAP,40.18367857142857
Serbia,SRB,2022-03,RCF,11.179709677419355
Serbia,SRB,2022-03,TP,15.880225806451612
Serbia,SRB,2022-03,KTR,10.825
Serbia,SRB,2022-03,SAP,40.000032258064515
Serbia,SRB,2022-04,RCF,14.981
Serbia,SRB,2022-04,TP,20.028599999999997
Serbia,SRB,2022-04,KTR,3.9427666666666665
Serbia,SRB,2022-04,SAP,42.5856
Serbia,SRB,2022-05,RCF,22.11983870967742
Serbia,SRB,2022-05,TP,26.691258064516127
Serbia,SRB,2022-05,KTR,4.847903225806451
Serbia,SRB,2022-05,SAP,45.91703225806451
Serbia,SRB,2022-06,RCF,23.628533333333333
Serbia,SRB,2022-06,TP,28.009533333333334
Serbia,SRB,2022-06,KTR,7.7428
Serbia,SRB,2022-06,SAP,47.899966666666664
Serbia,SRB,2022-07,RCF,21.94285
Serbia,SRB,2022-07,TP,26.492849999999997
Serbia,SRB,2022-07,KTR,-3.93575
Serbia,SRB,2022-07,SAP,43.67855
Singapore,SGP,2020-02,RCF,-13.006923076923076
Singapore,SGP,2020-02,TP,-15.117615384615384
Singapore,SGP,2020-02,KTR,-3.9560769230769233
Singapore,SGP,2020-02,SAP,-10.579692307692309
Singapore,SGP,2020-03,RCF,-12.382516129032258
Singapore,SGP,2020-03,TP,-17.387064516129033
Singapore,SGP,2020-03,KTR,-5.806451612903226
Singapore,SGP,2020-03,SAP,-5.3226774193548385
Singapore,SGP,2020-04,RCF,-50.628566666666664
Singapore,SGP,2020-04,TP,-56.9715
Singapore,SGP,2020-04,KTR,-48.78103333333333
Singapore,SGP,2020-04,SAP,-14.290466666666667
Singapore,SGP,2020-05,RCF,-64.28574193548387
Singapore,SGP,2020-05,TP,-65.80648387096774
Singapore,SGP,2020-05,KTR,-61.677451612903226
Singapore,SGP,2020-05,SAP,-19.700451612903223
Singapore,SGP,2020-06,RCF,-51.0619
Singapore,SGP,2020-06,TP,-50.304700000000004
Singapore,SGP,2020-06,KTR,-40.6857
Singapore,SGP,2020-06,SAP,-12.342866666666668
Singapore,SGP,2020-07,RCF,-27.875580645161293
Singapore,SGP,2020-07,TP,-36.82941935483871
Singapore,SGP,2020-07,KTR,-31.050645161290323
Singapore,SGP,2020-07,SAP,-3.1013548387096774
Singapore,SGP,2020-08,RCF,-22.580612903225806
Singapore,SGP,2020-08,TP,-33.34096774193548
Singapore,SGP,2020-08,KTR,-25.72816129032258
Singapore,SGP,2020-08,SAP,-1.8110645161290322
Singapore,SGP,2020-09,RCF,-19.214299999999998
Singapore,SGP,2020-09,TP,-31.314266666666665
Singapore,SGP,2020-09,KTR,-19.9285
Singapore,SGP,2020-09,SAP,-1.9286666666666668
Singapore,SGP,2020-10,RCF,-17.99074193548387
Singapore,SGP,2020-10,TP,-27.90783870967742
Singapore,SGP,2020-10,KTR,-15.041354838709676
Singapore,SGP,2020-10,SAP,2.1197741935483867
Singapore,SGP,2020-11,RCF,-16.223733333333332
Singapore,SGP,2020-11,TP,-27.342766666666666
Singapore,SGP,2020-11,KTR,-15.676166666666667
Singapore,SGP,2020-11,SAP,2.109566666666667
Singapore,SGP,2020-12,RCF,-12.262645161290322
Singapore,SGP,2020-12,TP,-25.267322580645164
Singapore,SGP,2020-12,KTR,-18.483870967741936
Singapore,SGP,2020-12,SAP,4.894064516129032
Singapore,SGP,2021-01,RCF,-16.553032258064516
Singapore,SGP,2021-01,TP,-25.0321935483871
Singapore,SGP,2021-01,KTR,-13.912451612903226
Singapore,SGP,2021-01,SAP,2.359516129032258
Singapore,SGP,2021-02,RCF,-16.137785714285716
Singapore,SGP,2021-02,TP,-23.95407142857143
Singapore,SGP,2021-02,KTR,-16.112178571428572
Singapore,SGP,2021-02,SAP,4.066285714285714
Singapore,SGP,2021-03,RCF,-12.56683870967742
Singapore,SGP,2021-03,TP,-20.11983870967742
Singapore,SGP,2021-03,KTR,-9.631161290322579
Singapore,SGP,2021-03,SAP,3.2534193548387096
Singapore,SGP,2021-04,RCF,-12.4572
Singapore,SGP,2021-04,TP,-18.581
Singapore,SGP,2021-04,KTR,-8.657100000000002
Singapore,SGP,2021-04,SAP,6.314333333333334
Singapore,SGP,2021-05,RCF,-26.07832258064516
Singapore,SGP,2021-05,TP,-29.668225806451613
Singapore,SGP,2021-05,KTR,-20.82490322580645
Singapore,SGP,2021-05,SAP,3.4285161290322583
Singapore,SGP,2021-06,RCF,-35.409533333333336
Singapore,SGP,2021-06,TP,-37.08103333333334
Singapore,SGP,2021-06,KTR,-23.738166666666665
Singapore,SGP,2021-06,SAP,-0.5619
Singapore,SGP,2021-07,RCF,-22.903290322580645
Singapore,SGP,2021-07,TP,-28.654419354838712
Singapore,SGP,2021-07,KTR,-15.806451612903226
Singapore,SGP,2021-07,SAP,5.239645161290323
Singapore,SGP,2021-08,RCF,-25.659032258064514
Singapore,SGP,2021-08,TP,-29.50690322580645
Singapore,SGP,2021-08,KTR,-15.013806451612902
Singapore,SGP,2021-08,SAP,3.7327741935483867
Singapore,SGP,2021-09,RCF,-17.871466666666667
Singapore,SGP,2021-09,TP,-26.45713333333333
Singapore,SGP,2021-09,KTR,-13.561900000000001
Singapore,SGP,2021-09,SAP,3.057166666666667
Singapore,SGP,2021-10,RCF,-23.55751612903226
Singapore,SGP,2021-10,TP,-32.40548387096774
Singapore,SGP,2021-10,KTR,-17.506903225806454
Singapore,SGP,2021-10,SAP,0.9354838709677419
Singapore,SGP,2021-11,RCF,-17.480999999999998
Singapore,SGP,2021-11,TP,-29.171499999999998
Singapore,SGP,2021-11,KTR,-17.976166666666664
Singapore,SGP,2021-11,SAP,2.7189666666666668
Singapore,SGP,2021-12,RCF,-6.940064516129032
Singapore,SGP,2021-12,TP,-22.626677419354838
Singapore,SGP,2021-12,KTR,-17.64516129032258
Singapore,SGP,2021-12,SAP,7.437806451612904
Singapore,SGP,2022-01,RCF,-8.548354838709677
Singapore,SGP,2022-01,TP,-20.31341935483871
Singapore,SGP,2022-01,KTR,-11.580677419354839
Singapore,SGP,2022-01,SAP,11.304064516129031
Singapore,SGP,2022-02,RCF,-15.38267857142857
Singapore,SGP,2022-02,TP,-25.867392857142857
Singapore,SGP,2022-02,KTR,-16.413249999999998
Singapore,SGP,2022-02,SAP,2.7550357142857145
Singapore,SGP,2022-03,RCF,-16.373354838709677
Singapore,SGP,2022-03,TP,-26.258000000000003
Singapore,SGP,2022-03,KTR,-9.304193548387097
Singapore,SGP,2022-03,SAP,-2.000032258064516
Singapore,SGP,2022-04,RCF,-14.819099999999999
Singapore,SGP,2022-04,TP,-20.7048
Singapore,SGP,2022-04,KTR,-5.904766666666666
Singapore,SGP,2022-04,SAP,-2.5381333333333336
Singapore,SGP,2022-05,RCF,-9.82941935483871
Singapore,SGP,2022-05,TP,-16.981516129032258
Singapore,SGP,2022-05,KTR,-9.695870967741936
Singapore,SGP,2022-05,SAP,-0.1843225806451613
Singapore,SGP,2022-06,RCF,-8.447566666666667
Singapore,SGP,2022-06,TP,-15.3476
Singapore,SGP,2022-06,KTR,-8.9476
Singapore,SGP,2022-06,SAP,-3.614333333333333
Singapore,SGP,2022-07,RCF,-9.107099999999999
Singapore,SGP,2022-07,TP,-13.964400000000001
Singapore,SGP,2022-07,KTR,-8.8786
Singapore,SGP,2022-07,SAP,-2.3429
Slovakia,SVK,2020-02,RCF,5.306384615384616
Slovakia,SVK,2020-02,TP,5.277153846153847
Slovakia,SVK,2020-02,KTR,-3.4158461538461538
Slovakia,SVK,2020-02,SAP,2.679
Slovakia,SVK,2020-03,RCF,-36.59448387096774
Slovakia,SVK,2020-03,TP,-32.21203225806452
Slovakia,SVK,2020-03,KTR,-24.119774193548388
Slovakia,SVK,2020-03,SAP,-9.884741935483872
Slovakia,SVK,2020-04,RCF,-68.08566666666667
Slovakia,SVK,2020-04,TP,-56.2
Slovakia,SVK,2020-04,KTR,-44.59526666666667
Slovakia,SVK,2020-04,SAP,-29.5
Slovakia,SVK,2020-05,RCF,-45.202774193548386
Slovakia,SVK,2020-05,TP,-41.115161290322575
Slovakia,SVK,2020-05,KTR,-28.622064516129033
Slovakia,SVK,2020-05,SAP,-17.38248387096774
Slovakia,SVK,2020-06,RCF,-15.609466666666666
Slovakia,SVK,2020-06,TP,-21.576166666666666
Slovakia,SVK,2020-06,KTR,-13.119033333333334
Slovakia,SVK,2020-06,SAP,-5.8334
Slovakia,SVK,2020-07,RCF,-0.10606451612903225
Slovakia,SVK,2020-07,TP,-11.751032258064516
Slovakia,SVK,2020-07,KTR,-17.488483870967745
Slovakia,SVK,2020-07,SAP,0.17516129032258063
Slovakia,SVK,2020-08,RCF,5.479225806451613
Slovakia,SVK,2020-08,TP,-9.442451612903225
Slovakia,SVK,2020-08,KTR,-21.838709677419356
Slovakia,SVK,2020-08,SAP,2.0599354838709676
Slovakia,SVK,2020-09,RCF,-0.9047333333333333
Slovakia,SVK,2020-09,TP,-7.433400000000001
Slovakia,SVK,2020-09,KTR,-16.6619
Slovakia,SVK,2020-09,SAP,-0.12863333333333335
Slovakia,SVK,2020-10,RCF,-27.147483870967744
Slovakia,SVK,2020-10,TP,-27.032290322580643
Slovakia,SVK,2020-10,KTR,-16.89406451612903
Slovakia,SVK,2020-10,SAP,-4.755806451612903
Slovakia,SVK,2020-11,RCF,-36.947633333333336
Slovakia,SVK,2020-11,TP,-37.161899999999996
Slovakia,SVK,2020-11,KTR,-25.571366666666666
Slovakia,SVK,2020-11,SAP,-11.504766666666665
Slovakia,SVK,2020-12,RCF,-37.27187096774193
Slovakia,SVK,2020-12,TP,-36.71896774193549
Slovakia,SVK,2020-12,KTR,-31.11983870967742
Slovakia,SVK,2020-12,SAP,-6.691322580645162
Slovakia,SVK,2021-01,RCF,-64.24419354838709
Slovakia,SVK,2021-01,TP,-56.377870967741934
Slovakia,SVK,2021-01,KTR,-41.327161290322586
Slovakia,SVK,2021-01,SAP,-22.65893548387097
Slovakia,SVK,2021-02,RCF,-55.796
Slovakia,SVK,2021-02,TP,-49.479571428571425
Slovakia,SVK,2021-02,KTR,-30.137642857142858
Slovakia,SVK,2021-02,SAP,-10.744892857142858
Slovakia,SVK,2021-03,RCF,-49.95864516129033
Slovakia,SVK,2021-03,TP,-45.29951612903226
Slovakia,SVK,2021-03,KTR,-26.078387096774193
Slovakia,SVK,2021-03,SAP,-1.5254516129032258
Slovakia,SVK,2021-04,RCF,-38.59043333333333
Slovakia,SVK,2021-04,TP,-35.92863333333333
Slovakia,SVK,2021-04,KTR,-24.257133333333336
Slovakia,SVK,2021-04,SAP,1.4380666666666666
Slovakia,SVK,2021-05,RCF,-8.290258064516129
Slovakia,SVK,2021-05,TP,-14.80183870967742
Slovakia,SVK,2021-05,KTR,-11.921645161290323
Slovakia,SVK,2021-05,SAP,16.778806451612905
Slovakia,SVK,2021-06,RCF,7.776233333333334
Slovakia,SVK,2021-06,TP,-2.7524666666666664
Slovakia,SVK,2021-06,KTR,-4.4619333333333335
Slovakia,SVK,2021-06,SAP,24.490433333333332
Slovakia,SVK,2021-07,RCF,11.322516129032257
Slovakia,SVK,2021-07,TP,-5.631354838709678
Slovakia,SVK,2021-07,KTR,-18.09216129032258
Slovakia,SVK,2021-07,SAP,21.861741935483874
Slovakia,SVK,2021-08,RCF,16.041451612903224
Slovakia,SVK,2021-08,TP,-2.2303870967741934
Slovakia,SVK,2021-08,KTR,-18.17964516129032
Slovakia,SVK,2021-08,SAP,24.622129032258062
Slovakia,SVK,2021-09,RCF,9.757100000000001
Slovakia,SVK,2021-09,TP,1.8619666666666668
Slovakia,SVK,2021-09,KTR,-11.604733333333334
Slovakia,SVK,2021-09,SAP,22.252299999999998
Slovakia,SVK,2021-10,RCF,0.7604193548387096
Slovakia,SVK,2021-10,TP,-6.082967741935484
Slovakia,SVK,2021-10,KTR,-7.981709677419355
Slovakia,SVK,2021-10,SAP,22.304225806451615
Slovakia,SVK,2021-11,RCF,-15.652299999999999
Slovakia,SVK,2021-11,TP,-18.028666666666666
Slovakia,SVK,2021-11,KTR,-16.3476
Slovakia,SVK,2021-11,SAP,17.600066666666667
Slovakia,SVK,2021-12,RCF,-30.912483870967744
Slovakia,SVK,2021-12,TP,-29.737290322580645
Slovakia,SVK,2021-12,KTR,-25.71883870967742
Slovakia,SVK,2021-12,SAP,16.055290322580646
Slovakia,SVK,2022-01,RCF,-24.281032258064517
Slovakia,SVK,2022-01,TP,-25.84335483870968
Slovakia,SVK,2022-01,KTR,-21.654419354838712
Slovakia,SVK,2022-01,SAP,10.225774193548387
Slovakia,SVK,2022-02,RCF,-13.632678571428572
Slovakia,SVK,2022-02,TP,-19.249964285714288
Slovakia,SVK,2022-02,KTR,-11.449
Slovakia,SVK,2022-02,SAP,18.648
Slovakia,SVK,2022-03,RCF,-5.695870967741936
Slovakia,SVK,2022-03,TP,-4.718838709677419
Slovakia,SVK,2022-03,KTR,-6.5760645161290325
Slovakia,SVK,2022-03,SAP,23.575967741935486
Slovakia,SVK,2022-04,RCF,-3.409466666666667
Slovakia,SVK,2022-04,TP,-0.1332666666666667
Slovakia,SVK,2022-04,KTR,-9.2476
Slovakia,SVK,2022-04,SAP,21.442933333333333
Slovakia,SVK,2022-05,RCF,11.258064516129032
Slovakia,SVK,2022-05,TP,10.86174193548387
Slovakia,SVK,2022-05,KTR,1.3040967741935483
Slovakia,SVK,2022-05,SAP,31.133645161290325
Slovakia,SVK,2022-06,RCF,14.957133333333333
Slovakia,SVK,2022-06,TP,15.328766666666667
Slovakia,SVK,2022-06,KTR,2.123866666666667
Slovakia,SVK,2022-06,SAP,38.56673333333333
Slovakia,SVK,2022-07,RCF,10.0286
Slovakia,SVK,2022-07,TP,9.75715
Slovakia,SVK,2022-07,KTR,-10.75
Slovakia,SVK,2022-07,SAP,33.52145
Slovenia,SVN,2020-02,RCF,4.147923076923077
Slovenia,SVN,2020-02,TP,5.781846153846154
Slovenia,SVN,2020-02,KTR,-4.817846153846154
Slovenia,SVN,2020-02,SAP,3.0056923076923074
Slovenia,SVN,2020-03,RCF,-37.811
Slovenia,SVN,2020-03,TP,-27.170548387096776
Slovenia,SVN,2020-03,KTR,-23.557580645161288
Slovenia,SVN,2020-03,SAP,-19.502258064516127
Slovenia,SVN,2020-04,RCF,-71.64766666666667
Slovenia,SVN,2020-04,TP,-54.38096666666667
Slovenia,SVN,2020-04,KTR,-50.571533333333335
Slovenia,SVN,2020-04,SAP,-46.73343333333333
Slovenia,SVN,2020-05,RCF,-31.059935483870966
Slovenia,SVN,2020-05,TP,-32.46545161290322
Slovenia,SVN,2020-05,KTR,-29.56674193548387
Slovenia,SVN,2020-05,SAP,-25.234935483870967
Slovenia,SVN,2020-06,RCF,-5.5952
Slovenia,SVN,2020-06,TP,-13.681000000000001
Slovenia,SVN,2020-06,KTR,-14.9809
Slovenia,SVN,2020-06,SAP,-15.399966666666668
Slovenia,SVN,2020-07,RCF,-4.493064516129032
Slovenia,SVN,2020-07,TP,-10.875580645161289
Slovenia,SVN,2020-07,KTR,-21.48851612903226
Slovenia,SVN,2020-07,SAP,-16.562258064516126
Slovenia,SVN,2020-08,RCF,-2.2857096774193546
Slovenia,SVN,2020-08,TP,-5.705129032258065
Slovenia,SVN,2020-08,KTR,-27.880193548387094
Slovenia,SVN,2020-08,SAP,-12.903322580645161
Slovenia,SVN,2020-09,RCF,-0.6333666666666667
Slovenia,SVN,2020-09,TP,4.781033333333334
Slovenia,SVN,2020-09,KTR,-14.390533333333334
Slovenia,SVN,2020-09,SAP,-9.042900000000001
Slovenia,SVN,2020-10,RCF,-26.073677419354837
Slovenia,SVN,2020-10,TP,-12.940064516129032
Slovenia,SVN,2020-10,KTR,-17.566774193548387
Slovenia,SVN,2020-10,SAP,-14.419290322580645
Slovenia,SVN,2020-11,RCF,-61.29046666666667
Slovenia,SVN,2020-11,TP,-45.566633333333336
Slovenia,SVN,2020-11,KTR,-35.40473333333333
Slovenia,SVN,2020-11,SAP,-33.0905
Slovenia,SVN,2020-12,RCF,-59.64522580645161
Slovenia,SVN,2020-12,TP,-50.622064516129036
Slovenia,SVN,2020-12,KTR,-37.110580645161285
Slovenia,SVN,2020-12,SAP,-30.230451612903227
Slovenia,SVN,2021-01,RCF,-63.99074193548387
Slovenia,SVN,2021-01,TP,-49.428645161290326
Slovenia,SVN,2021-01,KTR,-35.64522580645161
Slovenia,SVN,2021-01,SAP,-34.903225806451616
Slovenia,SVN,2021-02,RCF,-51.21939285714286
Slovenia,SVN,2021-02,TP,-39.44889285714286
Slovenia,SVN,2021-02,KTR,-26.663285714285713
Slovenia,SVN,2021-02,SAP,-23.67342857142857
Slovenia,SVN,2021-03,RCF,-39.59451612903226
Slovenia,SVN,2021-03,TP,-25.64977419354839
Slovenia,SVN,2021-03,KTR,-17.83867741935484
Slovenia,SVN,2021-03,SAP,-14.502387096774195
Slovenia,SVN,2021-04,RCF,-40.119
Slovenia,SVN,2021-04,TP,-26.638133333333332
Slovenia,SVN,2021-04,KTR,-23.119066666666665
Slovenia,SVN,2021-04,SAP,-16.2667
Slovenia,SVN,2021-05,RCF,-16.49306451612903
Slovenia,SVN,2021-05,TP,-10.036838709677419
Slovenia,SVN,2021-05,KTR,-13.442451612903225
Slovenia,SVN,2021-05,SAP,-5.613
Slovenia,SVN,2021-06,RCF,0.9809666666666668
Slovenia,SVN,2021-06,TP,3.4952666666666667
Slovenia,SVN,2021-06,KTR,-9.947666666666667
Slovenia,SVN,2021-06,SAP,2.0428
Slovenia,SVN,2021-07,RCF,1.6359354838709677
Slovenia,SVN,2021-07,TP,1.041516129032258
Slovenia,SVN,2021-07,KTR,-19.82490322580645
Slovenia,SVN,2021-07,SAP,-0.7833548387096774
Slovenia,SVN,2021-08,RCF,7.364096774193548
Slovenia,SVN,2021-08,TP,8.48841935483871
Slovenia,SVN,2021-08,KTR,-22.304193548387094
Slovenia,SVN,2021-08,SAP,1.8479677419354839
Slovenia,SVN,2021-09,RCF,7.218966666666666
Slovenia,SVN,2021-09,TP,11.7666
Slovenia,SVN,2021-09,KTR,-8.647633333333335
Slovenia,SVN,2021-09,SAP,5.0475666666666665
Slovenia,SVN,2021-10,RCF,-1.778709677419355
Slovenia,SVN,2021-10,TP,-4.589806451612903
Slovenia,SVN,2021-10,KTR,-8.820419354838709
Slovenia,SVN,2021-10,SAP,0.38251612903225807
Slovenia,SVN,2021-11,RCF,-10.200033333333332
Slovenia,SVN,2021-11,TP,-13.647633333333333
Slovenia,SVN,2021-11,KTR,-11.590533333333333
Slovenia,SVN,2021-11,SAP,-0.13813333333333339
Slovenia,SVN,2021-12,RCF,-5.493129032258064
Slovenia,SVN,2021-12,TP,-14.433096774193547
Slovenia,SVN,2021-12,KTR,-11.511483870967743
Slovenia,SVN,2021-12,SAP,6.276548387096774
Slovenia,SVN,2022-01,RCF,-14.958548387096773
Slovenia,SVN,2022-01,TP,-20.32722580645161
Slovenia,SVN,2022-01,KTR,-17.069129032258065
Slovenia,SVN,2022-01,SAP,-2.488548387096774
Slovenia,SVN,2022-02,RCF,-6.678607142857143
Slovenia,SVN,2022-02,TP,-12.872535714285714
Slovenia,SVN,2022-02,KTR,-11.535749999999998
Slovenia,SVN,2022-02,SAP,1.8264999999999998
Slovenia,SVN,2022-03,RCF,-0.990741935483871
Slovenia,SVN,2022-03,TP,-0.5161612903225806
Slovenia,SVN,2022-03,KTR,-1.898741935483871
Slovenia,SVN,2022-03,SAP,3.7557741935483873
Slovenia,SVN,2022-04,RCF,0.6667333333333334
Slovenia,SVN,2022-04,TP,2.2761666666666667
Slovenia,SVN,2022-04,KTR,-5.2286
Slovenia,SVN,2022-04,SAP,2.771466666666667
Slovenia,SVN,2022-05,RCF,7.668129032258065
Slovenia,SVN,2022-05,TP,10.63141935483871
Slovenia,SVN,2022-05,KTR,-3.714225806451613
Slovenia,SVN,2022-05,SAP,5.981580645161291
Slovenia,SVN,2022-06,RCF,14.509500000000001
Slovenia,SVN,2022-06,TP,19.776200000000003
Slovenia,SVN,2022-06,KTR,-0.5761666666666667
Slovenia,SVN,2022-06,SAP,11.742799999999999
Slovenia,SVN,2022-07,RCF,7.642950000000001
Slovenia,SVN,2022-07,TP,13.114349999999998
Slovenia,SVN,2022-07,KTR,-10.7429
Slovenia,SVN,2022-07,SAP,8.6286
South Africa,ZAF,2020-02,RCF,-4.783307692307693
South Africa,ZAF,2020-02,TP,-0.9254615384615383
South Africa,ZAF,2020-02,KTR,2.7039230769230773
South Africa,ZAF,2020-02,SAP,-5.656538461538461
South Africa,ZAF,2020-03,RCF,-8.336451612903225
South Africa,ZAF,2020-03,TP,-11.640548387096773
South Africa,ZAF,2020-03,KTR,-6.566709677419355
South Africa,ZAF,2020-03,SAP,0.05987096774193542
South Africa,ZAF,2020-04,RCF,-72.8001
South Africa,ZAF,2020-04,TP,-78.40956666666666
South Africa,ZAF,2020-04,KTR,-65.86193333333333
South Africa,ZAF,2020-04,SAP,-45.6333
South Africa,ZAF,2020-05,RCF,-52.77874193548387
South Africa,ZAF,2020-05,TP,-63.58064516129032
South Africa,ZAF,2020-05,KTR,-44.38248387096774
South Africa,ZAF,2020-05,SAP,-25.72358064516129
South Africa,ZAF,2020-06,RCF,-34.7333
South Africa,ZAF,2020-06,TP,-52.45706666666667
South Africa,ZAF,2020-06,KTR,-28.6381
South Africa,ZAF,2020-06,SAP,-13.376233333333333
South Africa,ZAF,2020-07,RCF,-29.124419354838707
South Africa,ZAF,2020-07,TP,-49.907806451612906
South Africa,ZAF,2020-07,KTR,-27.46541935483871
South Africa,ZAF,2020-07,SAP,-10.68658064516129
South Africa,ZAF,2020-08,RCF,-23.36409677419355
South Africa,ZAF,2020-08,TP,-45.557645161290324
South Africa,ZAF,2020-08,KTR,-26.336419354838707
South Africa,ZAF,2020-08,SAP,-7.368548387096775
South Africa,ZAF,2020-09,RCF,-18.866533333333333
South Africa,ZAF,2020-09,TP,-38.47616666666667
South Africa,ZAF,2020-09,KTR,-22.609533333333335
South Africa,ZAF,2020-09,SAP,-5.557066666666667
South Africa,ZAF,2020-10,RCF,-17.027612903225805
South Africa,ZAF,2020-10,TP,-31.525387096774196
South Africa,ZAF,2020-10,KTR,-18.433225806451613
South Africa,ZAF,2020-10,SAP,-1.4285483870967743
South Africa,ZAF,2020-11,RCF,-14.5952
South Africa,ZAF,2020-11,TP,-29.004633333333334
South Africa,ZAF,2020-11,KTR,-15.300066666666668
South Africa,ZAF,2020-11,SAP,-0.02859999999999996
South Africa,ZAF,2020-12,RCF,-6.963129032258064
South Africa,ZAF,2020-12,TP,-22.659
South Africa,ZAF,2020-12,KTR,-25.67283870967742
South Africa,ZAF,2020-12,SAP,8.843322580645163
South Africa,ZAF,2021-01,RCF,-30.364193548387096
South Africa,ZAF,2021-01,TP,-47.31329032258064
South Africa,ZAF,2021-01,KTR,-36.3548064516129
South Africa,ZAF,2021-01,SAP,-10.764935483870968
South Africa,ZAF,2021-02,RCF,-18.755142857142857
South Africa,ZAF,2021-02,TP,-40.79078571428572
South Africa,ZAF,2021-02,KTR,-21.20407142857143
South Africa,ZAF,2021-02,SAP,-2.1887857142857143
South Africa,ZAF,2021-03,RCF,-10.548322580645161
South Africa,ZAF,2021-03,TP,-30.115322580645163
South Africa,ZAF,2021-03,KTR,-15.778741935483872
South Africa,ZAF,2021-03,SAP,7.119709677419356
South Africa,ZAF,2021-04,RCF,-8.5572
South Africa,ZAF,2021-04,TP,-25.366733333333332
South Africa,ZAF,2021-04,KTR,-17.9904
South Africa,ZAF,2021-04,SAP,10.761933333333333
South Africa,ZAF,2021-05,RCF,-3.718838709677419
South Africa,ZAF,2021-05,TP,-19.861612903225808
South Africa,ZAF,2021-05,KTR,-10.069064516129034
South Africa,ZAF,2021-05,SAP,18.824838709677422
South Africa,ZAF,2021-06,RCF,-4.9809
South Africa,ZAF,2021-06,TP,-20.666766666666668
South Africa,ZAF,2021-06,KTR,-10.481033333333333
South Africa,ZAF,2021-06,SAP,20.9286
South Africa,ZAF,2021-07,RCF,-15.820322580645161
South Africa,ZAF,2021-07,TP,-33.43774193548387
South Africa,ZAF,2021-07,KTR,-22.56674193548387
South Africa,ZAF,2021-07,SAP,14.935483870967742
South Africa,ZAF,2021-08,RCF,-3.359451612903226
South Africa,ZAF,2021-08,TP,-20.68651612903226
South Africa,ZAF,2021-08,KTR,-9.608290322580645
South Africa,ZAF,2021-08,SAP,21.262774193548385
South Africa,ZAF,2021-09,RCF,3.7191666666666667
South Africa,ZAF,2021-09,TP,-11.947666666666667
South Africa,ZAF,2021-09,KTR,-6.461833333333334
South Africa,ZAF,2021-09,SAP,27.819033333333334
South Africa,ZAF,2021-10,RCF,8.12441935483871
South Africa,ZAF,2021-10,TP,-5.506935483870968
South Africa,ZAF,2021-10,KTR,-3.2073548387096773
South Africa,ZAF,2021-10,SAP,31.73732258064516
South Africa,ZAF,2021-11,RCF,10.3049
South Africa,ZAF,2021-11,TP,-2.566733333333333
South Africa,ZAF,2021-11,KTR,-0.8571333333333333
South Africa,ZAF,2021-11,SAP,33.7619
South Africa,ZAF,2021-12,RCF,18.29490322580645
South Africa,ZAF,2021-12,TP,-2.6083870967741936
South Africa,ZAF,2021-12,KTR,-17.14283870967742
South Africa,ZAF,2021-12,SAP,42.336451612903225
South Africa,ZAF,2022-01,RCF,7.341064516129032
South Africa,ZAF,2022-01,TP,-8.548419354838709
South Africa,ZAF,2022-01,KTR,-11.05067741935484
South Africa,ZAF,2022-01,SAP,29.672870967741936
South Africa,ZAF,2022-02,RCF,13.290750000000001
South Africa,ZAF,2022-02,TP,5.454071428571429
South Africa,ZAF,2022-02,KTR,9.760214285714286
South Africa,ZAF,2022-02,SAP,35.08157142857143
South Africa,ZAF,2022-03,RCF,16.511580645161292
South Africa,ZAF,2022-03,TP,13.400903225806452
South Africa,ZAF,2022-03,KTR,12.635967741935483
South Africa,ZAF,2022-03,SAP,35.51609677419355
South Africa,ZAF,2022-04,RCF,14.6429
South Africa,ZAF,2022-04,TP,15.485633333333334
South Africa,ZAF,2022-04,KTR,5.966633333333333
South Africa,ZAF,2022-04,SAP,33.6476
South Africa,ZAF,2022-05,RCF,16.871032258064513
South Africa,ZAF,2022-05,TP,15.755774193548387
South Africa,ZAF,2022-05,KTR,13.493193548387096
South Africa,ZAF,2022-05,SAP,37.66367741935484
South Africa,ZAF,2022-06,RCF,16.8714
South Africa,ZAF,2022-06,TP,14.8713
South Africa,ZAF,2022-06,KTR,13.0
South Africa,ZAF,2022-06,SAP,37.0
South Africa,ZAF,2022-07,RCF,21.5786
South Africa,ZAF,2022-07,TP,19.77875
South Africa,ZAF,2022-07,KTR,6.028499999999999
South Africa,ZAF,2022-07,SAP,38.55005
South Korea,KOR,2020-02,RCF,-15.413384615384615
South Korea,KOR,2020-02,TP,-13.371076923076924
South Korea,KOR,2020-02,KTR,-2.9883076923076923
South Korea,KOR,2020-02,SAP,-4.823384615384615
South Korea,KOR,2020-03,RCF,-24.46535483870968
South Korea,KOR,2020-03,TP,-21.17509677419355
South Korea,KOR,2020-03,KTR,-8.40548387096774
South Korea,KOR,2020-03,SAP,-4.474645161290322
South Korea,KOR,2020-04,RCF,-14.514266666666666
South Korea,KOR,2020-04,TP,-12.742766666666666
South Korea,KOR,2020-04,KTR,-7.2476666666666665
South Korea,KOR,2020-04,SAP,3.5189666666666666
South Korea,KOR,2020-05,RCF,-4.364032258064516
South Korea,KOR,2020-05,TP,-5.1613225806451615
South Korea,KOR,2020-05,KTR,-8.19358064516129
South Korea,KOR,2020-05,SAP,11.211967741935485
South Korea,KOR,2020-06,RCF,-4.8476
South Korea,KOR,2020-06,TP,-4.519
South Korea,KOR,2020-06,KTR,-1.9095
South Korea,KOR,2020-06,SAP,9.695233333333332
South Korea,KOR,2020-07,RCF,-5.571387096774194
South Korea,KOR,2020-07,TP,-7.271903225806452
South Korea,KOR,2020-07,KTR,-2.598935483870968
South Korea,KOR,2020-07,SAP,5.907806451612903
South Korea,KOR,2020-08,RCF,-8.912451612903226
South Korea,KOR,2020-08,TP,-11.926258064516128
South Korea,KOR,2020-08,KTR,-12.843322580645163
South Korea,KOR,2020-08,SAP,6.949354838709677
South Korea,KOR,2020-09,RCF,-20.104733333333336
South Korea,KOR,2020-09,TP,-13.638100000000001
South Korea,KOR,2020-09,KTR,-9.247566666666668
South Korea,KOR,2020-09,SAP,6.7524
South Korea,KOR,2020-10,RCF,-10.281161290322581
South Korea,KOR,2020-10,TP,0.9908064516129033
South Korea,KOR,2020-10,KTR,-11.728129032258064
South Korea,KOR,2020-10,SAP,12.894032258064517
South Korea,KOR,2020-11,RCF,-10.862
South Korea,KOR,2020-11,TP,0.43339999999999995
South Korea,KOR,2020-11,KTR,-1.1811
South Korea,KOR,2020-11,SAP,6.4715333333333325
South Korea,KOR,2020-12,RCF,-23.456225806451613
South Korea,KOR,2020-12,TP,-16.56683870967742
South Korea,KOR,2020-12,KTR,-11.58983870967742
South Korea,KOR,2020-12,SAP,4.313322580645161
South Korea,KOR,2021-01,RCF,-22.866354838709675
South Korea,KOR,2021-01,TP,-21.10590322580645
South Korea,KOR,2021-01,KTR,-15.884741935483872
South Korea,KOR,2021-01,SAP,3.506967741935484
South Korea,KOR,2021-02,RCF,-10.530714285714286
South Korea,KOR,2021-02,TP,-14.862250000000001
South Korea,KOR,2021-02,KTR,-14.683785714285715
South Korea,KOR,2021-02,SAP,15.122428571428571
South Korea,KOR,2021-03,RCF,-1.7005161290322581
South Korea,KOR,2021-03,TP,-6.949354838709677
South Korea,KOR,2021-03,KTR,-5.5438064516129035
South Korea,KOR,2021-03,SAP,18.442419354838712
South Korea,KOR,2021-04,RCF,0.4619
South Korea,KOR,2021-04,TP,-2.6238333333333332
South Korea,KOR,2021-04,KTR,-1.8239333333333332
South Korea,KOR,2021-04,SAP,22.642833333333332
South Korea,KOR,2021-05,RCF,2.7833870967741934
South Korea,KOR,2021-05,TP,-1.1935161290322582
South Korea,KOR,2021-05,KTR,-5.557548387096774
South Korea,KOR,2021-05,SAP,25.8201935483871
South Korea,KOR,2021-06,RCF,8.1809
South Korea,KOR,2021-06,TP,2.8762333333333334
South Korea,KOR,2021-06,KTR,1.8143333333333334
South Korea,KOR,2021-06,SAP,26.352433333333334
South Korea,KOR,2021-07,RCF,2.884709677419355
South Korea,KOR,2021-07,TP,-4.686612903225806
South Korea,KOR,2021-07,KTR,-2.603806451612903
South Korea,KOR,2021-07,SAP,24.193548387096776
South Korea,KOR,2021-08,RCF,0.35493548387096774
South Korea,KOR,2021-08,TP,-7.76958064516129
South Korea,KOR,2021-08,KTR,-10.248903225806451
South Korea,KOR,2021-08,SAP,25.636
South Korea,KOR,2021-09,RCF,5.5905000000000005
South Korea,KOR,2021-09,TP,-2.1428333333333334
South Korea,KOR,2021-09,KTR,-8.419066666666668
South Korea,KOR,2021-09,SAP,32.40956666666667
South Korea,KOR,2021-10,RCF,10.811064516129033
South Korea,KOR,2021-10,TP,0.5944193548387097
South Korea,KOR,2021-10,KTR,-1.7188709677419356
South Korea,KOR,2021-10,SAP,25.815645161290323
South Korea,KOR,2021-11,RCF,12.757200000000001
South Korea,KOR,2021-11,TP,2.995233333333333
South Korea,KOR,2021-11,KTR,1.5666333333333333
South Korea,KOR,2021-11,SAP,24.795233333333332
South Korea,KOR,2021-12,RCF,5.465451612903226
South Korea,KOR,2021-12,TP,-5.13358064516129
South Korea,KOR,2021-12,KTR,-0.08287096774193545
South Korea,KOR,2021-12,SAP,20.520774193548387
South Korea,KOR,2022-01,RCF,2.1244838709677416
South Korea,KOR,2022-01,TP,-8.48390322580645
South Korea,KOR,2022-01,KTR,-5.746548387096774
South Korea,KOR,2022-01,SAP,22.19358064516129
South Korea,KOR,2022-02,RCF,-3.2959285714285715
South Korea,KOR,2022-02,TP,-15.193857142857143
South Korea,KOR,2022-02,KTR,-12.428535714285715
South Korea,KOR,2022-02,SAP,17.780535714285712
South Korea,KOR,2022-03,RCF,-9.54374193548387
South Korea,KOR,2022-03,TP,-20.999967741935485
South Korea,KOR,2022-03,KTR,-5.838645161290322
South Korea,KOR,2022-03,SAP,11.234967741935483
South Korea,KOR,2022-04,RCF,-0.9665666666666666
South Korea,KOR,2022-04,TP,-11.981
South Korea,KOR,2022-04,KTR,4.4286
South Korea,KOR,2022-04,SAP,14.585633333333334
South Korea,KOR,2022-05,RCF,8.963096774193549
South Korea,KOR,2022-05,TP,-4.2489354838709685
South Korea,KOR,2022-05,KTR,4.5438064516129035
South Korea,KOR,2022-05,SAP,21.285741935483873
South Korea,KOR,2022-06,RCF,7.819100000000001
South Korea,KOR,2022-06,TP,-6.757133333333333
South Korea,KOR,2022-06,KTR,3.2475666666666667
South Korea,KOR,2022-06,SAP,19.30483333333333
South Korea,KOR,2022-07,RCF,5.65705
South Korea,KOR,2022-07,TP,-9.5071
South Korea,KOR,2022-07,KTR,6.135800000000001
South Korea,KOR,2022-07,SAP,15.77155
Spain,ESP,2020-02,RCF,1.342076923076923
Spain,ESP,2020-02,TP,5.556384615384616
Spain,ESP,2020-02,KTR,0.35661538461538456
Spain,ESP,2020-02,SAP,2.0184615384615383
Spain,ESP,2020-03,RCF,-43.54835483870968
Spain,ESP,2020-03,TP,-38.72816129032258
Spain,ESP,2020-03,KTR,-30.313483870967744
Spain,ESP,2020-03,SAP,-18.497741935483873
Spain,ESP,2020-04,RCF,-90.0477
Spain,ESP,2020-04,TP,-83.26183333333333
Spain,ESP,2020-04,KTR,-69.3476
Spain,ESP,2020-04,SAP,-54.60946666666667
Spain,ESP,2020-05,RCF,-70.1197741935484
Spain,ESP,2020-05,TP,-59.64512903225806
Spain,ESP,2020-05,KTR,-50.55767741935484
Spain,ESP,2020-05,SAP,-31.792645161290324
Spain,ESP,2020-06,RCF,-32.719
Spain,ESP,2020-06,TP,-37.795233333333336
Spain,ESP,2020-06,KTR,-28.595166666666668
Spain,ESP,2020-06,SAP,-11.666699999999999
Spain,ESP,2020-07,RCF,-17.963129032258063
Spain,ESP,2020-07,TP,-29.52532258064516
Spain,ESP,2020-07,KTR,-21.852516129032256
Spain,ESP,2020-07,SAP,-5.055419354838709
Spain,ESP,2020-08,RCF,-17.930935483870968
Spain,ESP,2020-08,TP,-35.25809677419355
Spain,ESP,2020-08,KTR,-29.041483870967745
Spain,ESP,2020-08,SAP,-4.861709677419355
Spain,ESP,2020-09,RCF,-20.709566666666667
Spain,ESP,2020-09,TP,-29.719066666666667
Spain,ESP,2020-09,KTR,-23.057166666666667
Spain,ESP,2020-09,SAP,-5.2904
Spain,ESP,2020-10,RCF,-28.40096774193548
Spain,ESP,2020-10,TP,-24.67748387096774
Spain,ESP,2020-10,KTR,-19.03232258064516
Spain,ESP,2020-10,SAP,-2.944774193548387
Spain,ESP,2020-11,RCF,-38.319100000000006
Spain,ESP,2020-11,TP,-30.223833333333335
Spain,ESP,2020-11,KTR,-21.223799999999997
Spain,ESP,2020-11,SAP,-3.8762
Spain,ESP,2020-12,RCF,-29.893967741935484
Spain,ESP,2020-12,TP,-30.082967741935484
Spain,ESP,2020-12,KTR,-25.824935483870966
Spain,ESP,2020-12,SAP,1.3916451612903225
Spain,ESP,2021-01,RCF,-42.77877419354839
Spain,ESP,2021-01,TP,-39.49309677419355
Spain,ESP,2021-01,KTR,-33.65435483870968
Spain,ESP,2021-01,SAP,-8.76958064516129
Spain,ESP,2021-02,RCF,-45.81632142857143
Spain,ESP,2021-02,TP,-34.84182142857143
Spain,ESP,2021-02,KTR,-24.632678571428574
Spain,ESP,2021-02,SAP,-5.413285714285714
Spain,ESP,2021-03,RCF,-32.990806451612904
Spain,ESP,2021-03,TP,-26.350193548387097
Spain,ESP,2021-03,KTR,-19.170516129032258
Spain,ESP,2021-03,SAP,1.3133870967741934
Spain,ESP,2021-04,RCF,-29.438133333333333
Spain,ESP,2021-04,TP,-25.704733333333333
Spain,ESP,2021-04,KTR,-21.752333333333336
Spain,ESP,2021-04,SAP,2.9714
Spain,ESP,2021-05,RCF,-21.977
Spain,ESP,2021-05,TP,-18.51148387096774
Spain,ESP,2021-05,KTR,-14.631290322580645
Spain,ESP,2021-05,SAP,7.714290322580645
Spain,ESP,2021-06,RCF,-14.085700000000001
Spain,ESP,2021-06,TP,-13.347566666666667
Spain,ESP,2021-06,KTR,-15.4334
Spain,ESP,2021-06,SAP,11.319066666666666
Spain,ESP,2021-07,RCF,-10.124387096774193
Spain,ESP,2021-07,TP,-12.115129032258064
Spain,ESP,2021-07,KTR,-21.94467741935484
Spain,ESP,2021-07,SAP,15.612967741935485
Spain,ESP,2021-08,RCF,-7.9355806451612905
Spain,ESP,2021-08,TP,-16.350322580645162
Spain,ESP,2021-08,KTR,-28.695870967741936
Spain,ESP,2021-08,SAP,17.239677419354837
Spain,ESP,2021-09,RCF,-7.685566666666667
Spain,ESP,2021-09,TP,-5.0238
Spain,ESP,2021-09,KTR,-17.195333333333334
Spain,ESP,2021-09,SAP,16.180933333333332
Spain,ESP,2021-10,RCF,-10.594387096774193
Spain,ESP,2021-10,TP,-4.866354838709677
Spain,ESP,2021-10,KTR,-15.101322580645162
Spain,ESP,2021-10,SAP,11.617516129032257
Spain,ESP,2021-11,RCF,-12.604866666666668
Spain,ESP,2021-11,TP,-7.547666666666667
Spain,ESP,2021-11,KTR,-14.761933333333333
Spain,ESP,2021-11,SAP,11.452366666666668
Spain,ESP,2021-12,RCF,-11.792612903225807
Spain,ESP,2021-12,TP,-12.299548387096774
Spain,ESP,2021-12,KTR,-22.90790322580645
Spain,ESP,2021-12,SAP,16.751225806451615
Spain,ESP,2022-01,RCF,-19.728064516129034
Spain,ESP,2022-01,TP,-21.72816129032258
Spain,ESP,2022-01,KTR,-26.23041935483871
Spain,ESP,2022-01,SAP,10.41016129032258
Spain,ESP,2022-02,RCF,-14.648
Spain,ESP,2022-02,TP,-9.836714285714285
Spain,ESP,2022-02,KTR,-11.969392857142855
Spain,ESP,2022-02,SAP,10.796035714285713
Spain,ESP,2022-03,RCF,-20.133612903225806
Spain,ESP,2022-03,TP,-12.451580645161291
Spain,ESP,2022-03,KTR,-10.953903225806453
Spain,ESP,2022-03,SAP,6.267258064516129
Spain,ESP,2022-04,RCF,-16.3286
Spain,ESP,2022-04,TP,-10.719066666666667
Spain,ESP,2022-04,KTR,-16.666633333333333
Spain,ESP,2022-04,SAP,6.3046999999999995
Spain,ESP,2022-05,RCF,-13.41467741935484
Spain,ESP,2022-05,TP,-3.9676129032258065
Spain,ESP,2022-05,KTR,-9.078225806451613
Spain,ESP,2022-05,SAP,9.612935483870967
Spain,ESP,2022-06,RCF,-11.871333333333332
Spain,ESP,2022-06,TP,-2.6000666666666663
Spain,ESP,2022-06,KTR,-10.923766666666666
Spain,ESP,2022-06,SAP,12.395266666666666
Spain,ESP,2022-07,RCF,-10.41425
Spain,ESP,2022-07,TP,-3.9356999999999998
Spain,ESP,2022-07,KTR,-16.74285
Spain,ESP,2022-07,SAP,14.728649999999998
Sri Lanka,LKA,2020-02,RCF,1.3215384615384616
Sri Lanka,LKA,2020-02,TP,4.007846153846154
Sri Lanka,LKA,2020-02,KTR,3.0625384615384617
Sri Lanka,LKA,2020-02,SAP,2.854230769230769
Sri Lanka,LKA,2020-03,RCF,-27.608387096774194
Sri Lanka,LKA,2020-03,TP,-21.525387096774196
Sri Lanka,LKA,2020-03,KTR,-24.631387096774194
Sri Lanka,LKA,2020-03,SAP,-16.322612903225806
Sri Lanka,LKA,2020-04,RCF,-79.6095
Sri Lanka,LKA,2020-04,TP,-71.1095
Sri Lanka,LKA,2020-04,KTR,-63.619166666666665
Sri Lanka,LKA,2020-04,SAP,-74.50949999999999
Sri Lanka,LKA,2020-05,RCF,-62.50225806451613
Sri Lanka,LKA,2020-05,TP,-57.16132258064516
Sri Lanka,LKA,2020-05,KTR,-42.977000000000004
Sri Lanka,LKA,2020-05,SAP,-48.5668064516129
Sri Lanka,LKA,2020-06,RCF,-30.7191
Sri Lanka,LKA,2020-06,TP,-28.604733333333332
Sri Lanka,LKA,2020-06,KTR,-21.109433333333335
Sri Lanka,LKA,2020-06,SAP,-15.7
Sri Lanka,LKA,2020-07,RCF,-16.345548387096773
Sri Lanka,LKA,2020-07,TP,-13.857096774193549
Sri Lanka,LKA,2020-07,KTR,-14.474612903225808
Sri Lanka,LKA,2020-07,SAP,-5.041516129032258
Sri Lanka,LKA,2020-08,RCF,-12.327193548387095
Sri Lanka,LKA,2020-08,TP,-8.958548387096773
Sri Lanka,LKA,2020-08,KTR,-15.465451612903225
Sri Lanka,LKA,2020-08,SAP,-1.3455806451612904
Sri Lanka,LKA,2020-09,RCF,-10.033333333333333
Sri Lanka,LKA,2020-09,TP,-2.2618666666666667
Sri Lanka,LKA,2020-09,KTR,-11.895266666666666
Sri Lanka,LKA,2020-09,SAP,1.7428333333333332
Sri Lanka,LKA,2020-10,RCF,-31.741903225806453
Sri Lanka,LKA,2020-10,TP,-23.552935483870968
Sri Lanka,LKA,2020-10,KTR,-26.99074193548387
Sri Lanka,LKA,2020-10,SAP,-7.926225806451613
Sri Lanka,LKA,2020-11,RCF,-52.72383333333333
Sri Lanka,LKA,2020-11,TP,-47.7524
Sri Lanka,LKA,2020-11,KTR,-42.80956666666667
Sri Lanka,LKA,2020-11,SAP,-34.31906666666667
Sri Lanka,LKA,2020-12,RCF,-32.294935483870965
Sri Lanka,LKA,2020-12,TP,-27.69590322580645
Sri Lanka,LKA,2020-12,KTR,-28.866419354838712
Sri Lanka,LKA,2020-12,SAP,-12.022967741935483
Sri Lanka,LKA,2021-01,RCF,-30.364064516129034
Sri Lanka,LKA,2021-01,TP,-26.36409677419355
Sri Lanka,LKA,2021-01,KTR,-28.801935483870967
Sri Lanka,LKA,2021-01,SAP,-11.668161290322582
Sri Lanka,LKA,2021-02,RCF,-26.99985714285714
Sri Lanka,LKA,2021-02,TP,-25.98475
Sri Lanka,LKA,2021-02,KTR,-28.15307142857143
Sri Lanka,LKA,2021-02,SAP,-6.454142857142857
Sri Lanka,LKA,2021-03,RCF,-16.654387096774194
Sri Lanka,LKA,2021-03,TP,-15.829516129032259
Sri Lanka,LKA,2021-03,KTR,-21.93083870967742
Sri Lanka,LKA,2021-03,SAP,4.778838709677419
Sri Lanka,LKA,2021-04,RCF,-11.680933333333334
Sri Lanka,LKA,2021-04,TP,-10.552366666666666
Sri Lanka,LKA,2021-04,KTR,-27.123833333333334
Sri Lanka,LKA,2021-04,SAP,14.4047
Sri Lanka,LKA,2021-05,RCF,-46.354838709677416
Sri Lanka,LKA,2021-05,TP,-46.516129032258064
Sri Lanka,LKA,2021-05,KTR,-44.59445161290322
Sri Lanka,LKA,2021-05,SAP,-18.032225806451613
Sri Lanka,LKA,2021-06,RCF,-59.37136666666667
Sri Lanka,LKA,2021-06,TP,-59.62863333333333
Sri Lanka,LKA,2021-06,KTR,-51.20956666666667
Sri Lanka,LKA,2021-06,SAP,-41.21906666666666
Sri Lanka,LKA,2021-07,RCF,-19.857064516129032
Sri Lanka,LKA,2021-07,TP,-28.907774193548384
Sri Lanka,LKA,2021-07,KTR,-31.55751612903226
Sri Lanka,LKA,2021-07,SAP,5.11983870967742
Sri Lanka,LKA,2021-08,RCF,-32.32258064516129
Sri Lanka,LKA,2021-08,TP,-38.755870967741934
Sri Lanka,LKA,2021-08,KTR,-39.40554838709678
Sri Lanka,LKA,2021-08,SAP,-3.9124193548387094
Sri Lanka,LKA,2021-09,RCF,-47.45236666666666
Sri Lanka,LKA,2021-09,TP,-55.34283333333334
Sri Lanka,LKA,2021-09,KTR,-47.14276666666667
Sri Lanka,LKA,2021-09,SAP,-24.200033333333334
Sri Lanka,LKA,2021-10,RCF,-10.433193548387097
Sri Lanka,LKA,2021-10,TP,-25.516129032258064
Sri Lanka,LKA,2021-10,KTR,-29.820290322580643
Sri Lanka,LKA,2021-10,SAP,15.917
Sri Lanka,LKA,2021-11,RCF,2.2523666666666666
Sri Lanka,LKA,2021-11,TP,-11.252466666666667
Sri Lanka,LKA,2021-11,KTR,-21.747633333333333
Sri Lanka,LKA,2021-11,SAP,27.214333333333336
Sri Lanka,LKA,2021-12,RCF,15.193612903225807
Sri Lanka,LKA,2021-12,TP,-2.894064516129032
Sri Lanka,LKA,2021-12,KTR,-12.889516129032257
Sri Lanka,LKA,2021-12,SAP,38.364000000000004
Sri Lanka,LKA,2022-01,RCF,15.820225806451614
Sri Lanka,LKA,2022-01,TP,2.99541935483871
Sri Lanka,LKA,2022-01,KTR,-7.391709677419355
Sri Lanka,LKA,2022-01,SAP,41.847903225806455
Sri Lanka,LKA,2022-02,RCF,15.627464285714286
Sri Lanka,LKA,2022-02,TP,0.55625
Sri Lanka,LKA,2022-02,KTR,-8.693857142857143
Sri Lanka,LKA,2022-02,SAP,41.02046428571429
Sri Lanka,LKA,2022-03,RCF,20.47467741935484
Sri Lanka,LKA,2022-03,TP,17.695870967741936
Sri Lanka,LKA,2022-03,KTR,2.5761290322580646
Sri Lanka,LKA,2022-03,SAP,46.88938709677419
Sri Lanka,LKA,2022-04,RCF,11.119066666666667
Sri Lanka,LKA,2022-04,TP,11.347733333333334
Sri Lanka,LKA,2022-04,KTR,-10.890433333333334
Sri Lanka,LKA,2022-04,SAP,40.31426666666666
Sri Lanka,LKA,2022-05,RCF,-0.10141935483870969
Sri Lanka,LKA,2022-05,TP,3.534483870967742
Sri Lanka,LKA,2022-05,KTR,-11.502290322580645
Sri Lanka,LKA,2022-05,SAP,31.106
Sri Lanka,LKA,2022-06,RCF,5.790533333333333
Sri Lanka,LKA,2022-06,TP,16.228533333333335
Sri Lanka,LKA,2022-06,KTR,-4.533333333333333
Sri Lanka,LKA,2022-06,SAP,36.89053333333334
Sri Lanka,LKA,2022-07,RCF,-14.271449999999998
Sri Lanka,LKA,2022-07,TP,5.29285
Sri Lanka,LKA,2022-07,KTR,-19.94285
Sri Lanka,LKA,2022-07,SAP,16.585749999999997
Sweden,SWE,2020-02,RCF,0.9238461538461539
Sweden,SWE,2020-02,TP,-3.3562307692307694
Sweden,SWE,2020-02,KTR,-4.427153846153846
Sweden,SWE,2020-02,SAP,-0.09630769230769233
Sweden,SWE,2020-03,RCF,-11.253516129032258
Sweden,SWE,2020-03,TP,-18.110612903225807
Sweden,SWE,2020-03,KTR,-11.612838709677419
Sweden,SWE,2020-03,SAP,-0.06912903225806445
Sweden,SWE,2020-04,RCF,-20.4619
Sweden,SWE,2020-04,TP,-36.3333
Sweden,SWE,2020-04,KTR,-29.914266666666666
Sweden,SWE,2020-04,SAP,-5.157233333333333
Sweden,SWE,2020-05,RCF,-13.976967741935484
Sweden,SWE,2020-05,TP,-31.82490322580645
Sweden,SWE,2020-05,KTR,-24.06448387096774
Sweden,SWE,2020-05,SAP,-1.6083548387096773
Sweden,SWE,2020-06,RCF,-3.4381333333333335
Sweden,SWE,2020-06,TP,-21.2667
Sweden,SWE,2020-06,KTR,-21.419066666666666
Sweden,SWE,2020-06,SAP,4.495266666666667
Sweden,SWE,2020-07,RCF,3.502322580645161
Sweden,SWE,2020-07,TP,-23.760354838709677
Sweden,SWE,2020-07,KTR,-38.820129032258066
Sweden,SWE,2020-07,SAP,3.7188387096774194
Sweden,SWE,2020-08,RCF,-1.064548387096774
Sweden,SWE,2020-08,TP,-19.663677419354837
Sweden,SWE,2020-08,KTR,-28.271935483870966
Sweden,SWE,2020-08,SAP,0.8064193548387096
Sweden,SWE,2020-09,RCF,-5.6286000000000005
Sweden,SWE,2020-09,TP,-21.471433333333334
Sweden,SWE,2020-09,KTR,-17.338133333333335
Sweden,SWE,2020-09,SAP,-2.7476666666666665
Sweden,SWE,2020-10,RCF,-7.788064516129032
Sweden,SWE,2020-10,TP,-26.317999999999998
Sweden,SWE,2020-10,KTR,-14.88941935483871
Sweden,SWE,2020-10,SAP,-2.2395806451612907
Sweden,SWE,2020-11,RCF,-20.0333
Sweden,SWE,2020-11,TP,-38.042766666666665
Sweden,SWE,2020-11,KTR,-20.757233333333332
Sweden,SWE,2020-11,SAP,-5.8857
Sweden,SWE,2020-12,RCF,-23.00925806451613
Sweden,SWE,2020-12,TP,-44.755806451612905
Sweden,SWE,2020-12,KTR,-30.77883870967742
Sweden,SWE,2020-12,SAP,-5.580645161290323
Sweden,SWE,2021-01,RCF,-32.953870967741935
Sweden,SWE,2021-01,TP,-49.58990322580645
Sweden,SWE,2021-01,KTR,-34.79258064516129
Sweden,SWE,2021-01,SAP,-13.562193548387096
Sweden,SWE,2021-02,RCF,-25.765214285714286
Sweden,SWE,2021-02,TP,-43.0765
Sweden,SWE,2021-02,KTR,-23.47960714285714
Sweden,SWE,2021-02,SAP,-8.811214285714286
Sweden,SWE,2021-03,RCF,-20.51625806451613
Sweden,SWE,2021-03,TP,-39.732677419354836
Sweden,SWE,2021-03,KTR,-22.069064516129032
Sweden,SWE,2021-03,SAP,-4.470064516129033
Sweden,SWE,2021-04,RCF,-16.685733333333335
Sweden,SWE,2021-04,TP,-37.59996666666667
Sweden,SWE,2021-04,KTR,-24.3191
Sweden,SWE,2021-04,SAP,-1.2427666666666668
Sweden,SWE,2021-05,RCF,-10.63125806451613
Sweden,SWE,2021-05,TP,-33.49774193548387
Sweden,SWE,2021-05,KTR,-19.336354838709678
Sweden,SWE,2021-05,SAP,3.6773870967741935
Sweden,SWE,2021-06,RCF,1.0142666666666666
Sweden,SWE,2021-06,TP,-26.3762
Sweden,SWE,2021-06,KTR,-18.585733333333334
Sweden,SWE,2021-06,SAP,12.352300000000001
Sweden,SWE,2021-07,RCF,8.80183870967742
Sweden,SWE,2021-07,TP,-25.456258064516128
Sweden,SWE,2021-07,KTR,-36.45154838709678
Sweden,SWE,2021-07,SAP,13.43316129032258
Sweden,SWE,2021-08,RCF,7.755806451612903
Sweden,SWE,2021-08,TP,-24.760322580645163
Sweden,SWE,2021-08,KTR,-29.152129032258063
Sweden,SWE,2021-08,SAP,9.958483870967742
Sweden,SWE,2021-09,RCF,1.0714333333333335
Sweden,SWE,2021-09,TP,-23.180999999999997
Sweden,SWE,2021-09,KTR,-14.938033333333333
Sweden,SWE,2021-09,SAP,4.5761666666666665
Sweden,SWE,2021-10,RCF,-2.5483225806451615
Sweden,SWE,2021-10,TP,-27.617612903225805
Sweden,SWE,2021-10,KTR,-14.341064516129032
Sweden,SWE,2021-10,SAP,1.5715483870967744
Sweden,SWE,2021-11,RCF,-0.8571666666666665
Sweden,SWE,2021-11,TP,-27.376133333333332
Sweden,SWE,2021-11,KTR,-15.533333333333333
Sweden,SWE,2021-11,SAP,1.738
Sweden,SWE,2021-12,RCF,-5.43316129032258
Sweden,SWE,2021-12,TP,-34.446999999999996
Sweden,SWE,2021-12,KTR,-23.704967741935484
Sweden,SWE,2021-12,SAP,2.829516129032258
Sweden,SWE,2022-01,RCF,-23.225806451612904
Sweden,SWE,2022-01,TP,-46.0738064516129
Sweden,SWE,2022-01,KTR,-33.41477419354838
Sweden,SWE,2022-01,SAP,-6.184290322580645
Sweden,SWE,2022-02,RCF,-14.744892857142856
Sweden,SWE,2022-02,TP,-37.5255
Sweden,SWE,2022-02,KTR,-19.64282142857143
Sweden,SWE,2022-02,SAP,-3.806178571428571
Sweden,SWE,2022-03,RCF,-7.714354838709677
Sweden,SWE,2022-03,TP,-29.53448387096774
Sweden,SWE,2022-03,KTR,-13.101354838709677
Sweden,SWE,2022-03,SAP,-0.4838387096774193
Sweden,SWE,2022-04,RCF,-5.6095
Sweden,SWE,2022-04,TP,-27.666633333333333
Sweden,SWE,2022-04,KTR,-17.14763333333333
Sweden,SWE,2022-04,SAP,2.3048333333333333
Sweden,SWE,2022-05,RCF,1.3318064516129033
Sweden,SWE,2022-05,TP,-19.649709677419352
Sweden,SWE,2022-05,KTR,-11.709741935483871
Sweden,SWE,2022-05,SAP,6.705064516129032
Sweden,SWE,2022-06,RCF,2.7857666666666665
Sweden,SWE,2022-06,TP,-17.209533333333333
Sweden,SWE,2022-06,KTR,-19.480900000000002
Sweden,SWE,2022-06,SAP,10.8714
Sweden,SWE,2022-07,RCF,6.00005
Sweden,SWE,2022-07,TP,-20.8857
Sweden,SWE,2022-07,KTR,-33.59285
Sweden,SWE,2022-07,SAP,10.7928
Switzerland,CHE,2020-02,RCF,1.8672307692307692
Switzerland,CHE,2020-02,TP,3.684769230769231
Switzerland,CHE,2020-02,KTR,-2.696923076923077
Switzerland,CHE,2020-02,SAP,2.4003846153846156
Switzerland,CHE,2020-03,RCF,-31.801870967741934
Switzerland,CHE,2020-03,TP,-27.202903225806452
Switzerland,CHE,2020-03,KTR,-19.760354838709677
Switzerland,CHE,2020-03,SAP,-3.6820645161290324
Switzerland,CHE,2020-04,RCF,-74.96186666666667
Switzerland,CHE,2020-04,TP,-50.73813333333333
Switzerland,CHE,2020-04,KTR,-46.466699999999996
Switzerland,CHE,2020-04,SAP,-13.923766666666667
Switzerland,CHE,2020-05,RCF,-42.783322580645155
Switzerland,CHE,2020-05,TP,-33.96770967741936
Switzerland,CHE,2020-05,KTR,-30.24432258064516
Switzerland,CHE,2020-05,SAP,-3.171258064516129
Switzerland,CHE,2020-06,RCF,-18.195333333333334
Switzerland,CHE,2020-06,TP,-20.4761
Switzerland,CHE,2020-06,KTR,-18.561933333333332
Switzerland,CHE,2020-06,SAP,-0.8380666666666666
Switzerland,CHE,2020-07,RCF,-9.580645161290322
Switzerland,CHE,2020-07,TP,-13.580548387096774
Switzerland,CHE,2020-07,KTR,-20.686645161290325
Switzerland,CHE,2020-07,SAP,1.9216774193548387
Switzerland,CHE,2020-08,RCF,-11.953903225806453
Switzerland,CHE,2020-08,TP,-14.046129032258065
Switzerland,CHE,2020-08,KTR,-23.732774193548387
Switzerland,CHE,2020-08,SAP,-1.8249032258064515
Switzerland,CHE,2020-09,RCF,-10.690499999999998
Switzerland,CHE,2020-09,TP,-12.128566666666668
Switzerland,CHE,2020-09,KTR,-16.6761
Switzerland,CHE,2020-09,SAP,-2.3953333333333333
Switzerland,CHE,2020-10,RCF,-16.027677419354838
Switzerland,CHE,2020-10,TP,-19.53448387096774
Switzerland,CHE,2020-10,KTR,-17.967741935483872
Switzerland,CHE,2020-10,SAP,-3.3040645161290323
Switzerland,CHE,2020-11,RCF,-28.2808
Switzerland,CHE,2020-11,TP,-27.980966666666667
Switzerland,CHE,2020-11,KTR,-18.852433333333334
Switzerland,CHE,2020-11,SAP,-3.0332333333333334
Switzerland,CHE,2020-12,RCF,-29.27190322580645
Switzerland,CHE,2020-12,TP,-32.46541935483871
Switzerland,CHE,2020-12,KTR,-25.802032258064514
Switzerland,CHE,2020-12,SAP,-4.082935483870967
Switzerland,CHE,2021-01,RCF,-49.93538709677419
Switzerland,CHE,2021-01,TP,-37.78793548387097
Switzerland,CHE,2021-01,KTR,-31.594451612903224
Switzerland,CHE,2021-01,SAP,-14.672709677419354
Switzerland,CHE,2021-02,RCF,-49.566250000000004
Switzerland,CHE,2021-02,TP,-32.928535714285715
Switzerland,CHE,2021-02,KTR,-25.64282142857143
Switzerland,CHE,2021-02,SAP,-2.8009285714285714
Switzerland,CHE,2021-03,RCF,-36.13367741935484
Switzerland,CHE,2021-03,TP,-25.391677419354842
Switzerland,CHE,2021-03,KTR,-19.221290322580646
Switzerland,CHE,2021-03,SAP,7.129
Switzerland,CHE,2021-04,RCF,-30.633333333333333
Switzerland,CHE,2021-04,TP,-21.5381
Switzerland,CHE,2021-04,KTR,-23.366566666666664
Switzerland,CHE,2021-04,SAP,8.5714
Switzerland,CHE,2021-05,RCF,-24.221193548387095
Switzerland,CHE,2021-05,TP,-19.193548387096776
Switzerland,CHE,2021-05,KTR,-19.470129032258065
Switzerland,CHE,2021-05,SAP,9.972290322580646
Switzerland,CHE,2021-06,RCF,-9.538166666666665
Switzerland,CHE,2021-06,TP,-10.876166666666668
Switzerland,CHE,2021-06,KTR,-10.452366666666668
Switzerland,CHE,2021-06,SAP,15.947666666666667
Switzerland,CHE,2021-07,RCF,-8.695838709677421
Switzerland,CHE,2021-07,TP,-12.585290322580645
Switzerland,CHE,2021-07,KTR,-18.359483870967743
Switzerland,CHE,2021-07,SAP,10.557580645161291
Switzerland,CHE,2021-08,RCF,-7.25341935483871
Switzerland,CHE,2021-08,TP,-8.797193548387098
Switzerland,CHE,2021-08,KTR,-20.004516129032258
Switzerland,CHE,2021-08,SAP,10.170483870967743
Switzerland,CHE,2021-09,RCF,-4.171466666666666
Switzerland,CHE,2021-09,TP,-3.1952333333333334
Switzerland,CHE,2021-09,KTR,-11.604833333333334
Switzerland,CHE,2021-09,SAP,13.933333333333334
Switzerland,CHE,2021-10,RCF,-7.728129032258065
Switzerland,CHE,2021-10,TP,-11.027709677419354
Switzerland,CHE,2021-10,KTR,-15.258
Switzerland,CHE,2021-10,SAP,9.451516129032258
Switzerland,CHE,2021-11,RCF,-8.6619
Switzerland,CHE,2021-11,TP,-14.6285
Switzerland,CHE,2021-11,KTR,-11.1953
Switzerland,CHE,2021-11,SAP,10.009433333333334
Switzerland,CHE,2021-12,RCF,-10.285774193548386
Switzerland,CHE,2021-12,TP,-21.262548387096775
Switzerland,CHE,2021-12,KTR,-19.01377419354839
Switzerland,CHE,2021-12,SAP,15.539096774193547
Switzerland,CHE,2022-01,RCF,-20.83416129032258
Switzerland,CHE,2022-01,TP,-27.98158064516129
Switzerland,CHE,2022-01,KTR,-24.129032258064516
Switzerland,CHE,2022-01,SAP,3.488483870967742
Switzerland,CHE,2022-02,RCF,-11.056071428571428
Switzerland,CHE,2022-02,TP,-18.83157142857143
Switzerland,CHE,2022-02,KTR,-13.086678571428573
Switzerland,CHE,2022-02,SAP,3.729642857142857
Switzerland,CHE,2022-03,RCF,-9.216548387096775
Switzerland,CHE,2022-03,TP,-11.884806451612903
Switzerland,CHE,2022-03,KTR,-9.58525806451613
Switzerland,CHE,2022-03,SAP,5.714322580645161
Switzerland,CHE,2022-04,RCF,-12.538
Switzerland,CHE,2022-04,TP,-13.2
Switzerland,CHE,2022-04,KTR,-14.909566666666667
Switzerland,CHE,2022-04,SAP,2.819033333333333
Switzerland,CHE,2022-05,RCF,-5.557612903225807
Switzerland,CHE,2022-05,TP,-3.322548387096774
Switzerland,CHE,2022-05,KTR,-8.340903225806452
Switzerland,CHE,2022-05,SAP,10.179741935483872
Switzerland,CHE,2022-06,RCF,-6.909533333333333
Switzerland,CHE,2022-06,TP,-0.5904333333333334
Switzerland,CHE,2022-06,KTR,-10.319066666666666
Switzerland,CHE,2022-06,SAP,11.247566666666668
Switzerland,CHE,2022-07,RCF,-6.28565
Switzerland,CHE,2022-07,TP,-0.27860000000000007
Switzerland,CHE,2022-07,KTR,-11.77865
Switzerland,CHE,2022-07,SAP,12.3072
Taiwan,TWN,2020-02,RCF,-6.6760769230769235
Taiwan,TWN,2020-02,TP,-14.350538461538461
Taiwan,TWN,2020-02,KTR,4.757307692307692
Taiwan,TWN,2020-02,SAP,-1.7855384615384615
Taiwan,TWN,2020-03,RCF,-9.995354838709677
Taiwan,TWN,2020-03,TP,-16.299548387096774
Taiwan,TWN,2020-03,KTR,7.285774193548387
Taiwan,TWN,2020-03,SAP,1.8202258064516128
Taiwan,TWN,2020-04,RCF,-13.576166666666667
Taiwan,TWN,2020-04,TP,-23.066666666666666
Taiwan,TWN,2020-04,KTR,-0.47133333333333327
Taiwan,TWN,2020-04,SAP,0.8951999999999999
Taiwan,TWN,2020-05,RCF,-11.285677419354839
Taiwan,TWN,2020-05,TP,-19.000032258064515
Taiwan,TWN,2020-05,KTR,1.8940645161290324
Taiwan,TWN,2020-05,SAP,2.8663548387096776
Taiwan,TWN,2020-06,RCF,-6.2143
Taiwan,TWN,2020-06,TP,-13.876233333333333
Taiwan,TWN,2020-06,KTR,1.1381333333333334
Taiwan,TWN,2020-06,SAP,6.385633333333333
Taiwan,TWN,2020-07,RCF,-3.027612903225806
Taiwan,TWN,2020-07,TP,-11.811129032258064
Taiwan,TWN,2020-07,KTR,-5.308645161290323
Taiwan,TWN,2020-07,SAP,8.880161290322581
Taiwan,TWN,2020-08,RCF,-3.433193548387097
Taiwan,TWN,2020-08,TP,-11.557548387096775
Taiwan,TWN,2020-08,KTR,-7.373129032258065
Taiwan,TWN,2020-08,SAP,6.359451612903226
Taiwan,TWN,2020-09,RCF,-6.838133333333333
Taiwan,TWN,2020-09,TP,-11.7049
Taiwan,TWN,2020-09,KTR,-0.9856333333333333
Taiwan,TWN,2020-09,SAP,2.5428333333333333
Taiwan,TWN,2020-10,RCF,-6.497677419354838
Taiwan,TWN,2020-10,TP,-6.626709677419354
Taiwan,TWN,2020-10,KTR,-4.493064516129032
Taiwan,TWN,2020-10,SAP,5.13358064516129
Taiwan,TWN,2020-11,RCF,-7.942866666666666
Taiwan,TWN,2020-11,TP,-8.714233333333334
Taiwan,TWN,2020-11,KTR,2.1094666666666666
Taiwan,TWN,2020-11,SAP,2.8095666666666665
Taiwan,TWN,2020-12,RCF,-10.000032258064515
Taiwan,TWN,2020-12,TP,-9.235096774193549
Taiwan,TWN,2020-12,KTR,1.548516129032258
Taiwan,TWN,2020-12,SAP,0.06896774193548387
Taiwan,TWN,2021-01,RCF,-12.806516129032259
Taiwan,TWN,2021-01,TP,-16.84335483870968
Taiwan,TWN,2021-01,KTR,-5.276548387096774
Taiwan,TWN,2021-01,SAP,-2.262677419354839
Taiwan,TWN,2021-02,RCF,-10.09182142857143
Taiwan,TWN,2021-02,TP,-17.423464285714285
Taiwan,TWN,2021-02,KTR,-19.071499999999997
Taiwan,TWN,2021-02,SAP,0.2091071428571429
Taiwan,TWN,2021-03,RCF,-12.073645161290322
Taiwan,TWN,2021-03,TP,-12.746451612903225
Taiwan,TWN,2021-03,KTR,-2.8986451612903226
Taiwan,TWN,2021-03,SAP,-2.483838709677419
Taiwan,TWN,2021-04,RCF,-9.533366666666666
Taiwan,TWN,2021-04,TP,-9.433333333333334
Taiwan,TWN,2021-04,KTR,-4.5334666666666665
Taiwan,TWN,2021-04,SAP,0.061833333333333344
Taiwan,TWN,2021-05,RCF,-26.082903225806454
Taiwan,TWN,2021-05,TP,-31.488387096774193
Taiwan,TWN,2021-05,KTR,-10.24883870967742
Taiwan,TWN,2021-05,SAP,1.6498387096774192
Taiwan,TWN,2021-06,RCF,-48.69053333333333
Taiwan,TWN,2021-06,TP,-59.98576666666667
Taiwan,TWN,2021-06,KTR,-24.671499999999998
Taiwan,TWN,2021-06,SAP,-7.938033333333333
Taiwan,TWN,2021-07,RCF,-41.72351612903226
Taiwan,TWN,2021-07,TP,-51.19358064516129
Taiwan,TWN,2021-07,KTR,-17.903193548387097
Taiwan,TWN,2021-07,SAP,-1.7326451612903226
Taiwan,TWN,2021-08,RCF,-30.42393548387097
Taiwan,TWN,2021-08,TP,-38.32258064516129
Taiwan,TWN,2021-08,KTR,-13.414709677419355
Taiwan,TWN,2021-08,SAP,3.350258064516129
Taiwan,TWN,2021-09,RCF,-22.6285
Taiwan,TWN,2021-09,TP,-28.576233333333334
Taiwan,TWN,2021-09,KTR,-8.733366666666665
Taiwan,TWN,2021-09,SAP,7.5524000000000004
Taiwan,TWN,2021-10,RCF,-15.705096774193548
Taiwan,TWN,2021-10,TP,-21.377903225806453
Taiwan,TWN,2021-10,KTR,-4.225806451612903
Taiwan,TWN,2021-10,SAP,9.258032258064517
Taiwan,TWN,2021-11,RCF,-10.866633333333334
Taiwan,TWN,2021-11,TP,-14.395233333333334
Taiwan,TWN,2021-11,KTR,0.8857
Taiwan,TWN,2021-11,SAP,7.228533333333333
Taiwan,TWN,2021-12,RCF,-9.737322580645163
Taiwan,TWN,2021-12,TP,-11.433193548387097
Taiwan,TWN,2021-12,KTR,2.7971612903225807
Taiwan,TWN,2021-12,SAP,4.557483870967742
Taiwan,TWN,2022-01,RCF,-11.124387096774193
Taiwan,TWN,2022-01,TP,-18.38248387096774
Taiwan,TWN,2022-01,KTR,1.5391612903225806
Taiwan,TWN,2022-01,SAP,5.649774193548387
Taiwan,TWN,2022-02,RCF,-15.5255
Taiwan,TWN,2022-02,TP,-23.489821428571428
Taiwan,TWN,2022-02,KTR,-16.010142857142856
Taiwan,TWN,2022-02,SAP,3.454107142857143
Taiwan,TWN,2022-03,RCF,-15.511451612903226
Taiwan,TWN,2022-03,TP,-17.327129032258064
Taiwan,TWN,2022-03,KTR,2.7880645161290323
Taiwan,TWN,2022-03,SAP,-1.7879677419354838
Taiwan,TWN,2022-04,RCF,-20.9476
Taiwan,TWN,2022-04,TP,-26.65716666666667
Taiwan,TWN,2022-04,KTR,-2.1381666666666663
Taiwan,TWN,2022-04,SAP,-1.5095666666666667
Taiwan,TWN,2022-05,RCF,-32.44696774193548
Taiwan,TWN,2022-05,TP,-42.45154838709678
Taiwan,TWN,2022-05,KTR,-8.193548387096774
Taiwan,TWN,2022-05,SAP,-6.631258064516128
Taiwan,TWN,2022-06,RCF,-28.72846666666667
Taiwan,TWN,2022-06,TP,-37.98093333333333
Taiwan,TWN,2022-06,KTR,-9.995166666666668
Taiwan,TWN,2022-06,SAP,-6.0761666666666665
Taiwan,TWN,2022-07,RCF,-21.6786
Taiwan,TWN,2022-07,TP,-29.1858
Taiwan,TWN,2022-07,KTR,-6.9643
Taiwan,TWN,2022-07,SAP,-2.57865
Tajikistan,TJK,2020-02,RCF,0.7970769230769231
Tajikistan,TJK,2020-02,TP,1.3546923076923076
Tajikistan,TJK,2020-02,KTR,13.837461538461538
Tajikistan,TJK,2020-02,SAP,0.4793076923076923
Tajikistan,TJK,2020-03,RCF,-3.3088064516129037
Tajikistan,TJK,2020-03,TP,-2.594483870967742
Tajikistan,TJK,2020-03,KTR,7.995451612903226
Tajikistan,TJK,2020-03,SAP,0.023032258064516142
Tajikistan,TJK,2020-04,RCF,-11.5952
Tajikistan,TJK,2020-04,TP,-19.680999999999997
Tajikistan,TJK,2020-04,KTR,8.2714
Tajikistan,TJK,2020-04,SAP,-9.223899999999999
Tajikistan,TJK,2020-05,RCF,-42.73270967741935
Tajikistan,TJK,2020-05,TP,-46.05525806451613
Tajikistan,TJK,2020-05,KTR,-33.2488064516129
Tajikistan,TJK,2020-05,SAP,-34.765
Tajikistan,TJK,2020-06,RCF,-24.295266666666667
Tajikistan,TJK,2020-06,TP,-32.44283333333333
Tajikistan,TJK,2020-06,KTR,-17.45716666666667
Tajikistan,TJK,2020-06,SAP,-19.58563333333333
Tajikistan,TJK,2020-07,RCF,-13.843322580645163
Tajikistan,TJK,2020-07,TP,-23.63590322580645
Tajikistan,TJK,2020-07,KTR,-11.064580645161291
Tajikistan,TJK,2020-07,SAP,-10.175096774193548
Tajikistan,TJK,2020-08,RCF,-6.1335483870967735
Tajikistan,TJK,2020-08,TP,-21.447032258064517
Tajikistan,TJK,2020-08,KTR,-12.990774193548386
Tajikistan,TJK,2020-08,SAP,-3.405548387096774
Tajikistan,TJK,2020-09,RCF,-2.5381
Tajikistan,TJK,2020-09,TP,-23.000066666666665
Tajikistan,TJK,2020-09,KTR,-10.5524
Tajikistan,TJK,2020-09,SAP,-3.7
Tajikistan,TJK,2020-10,RCF,-10.331774193548387
Tajikistan,TJK,2020-10,TP,-25.59916129032258
Tajikistan,TJK,2020-10,KTR,-7.5529677419354835
Tajikistan,TJK,2020-10,SAP,-7.488419354838709
Tajikistan,TJK,2020-11,RCF,-11.571366666666668
Tajikistan,TJK,2020-11,TP,-24.8523
Tajikistan,TJK,2020-11,KTR,-6.7809333333333335
Tajikistan,TJK,2020-11,SAP,-9.076166666666667
Tajikistan,TJK,2020-12,RCF,-8.239612903225806
Tajikistan,TJK,2020-12,TP,-21.976967741935486
Tajikistan,TJK,2020-12,KTR,-4.285774193548387
Tajikistan,TJK,2020-12,SAP,-4.70058064516129
Tajikistan,TJK,2021-01,RCF,-13.023032258064516
Tajikistan,TJK,2021-01,TP,-25.746548387096777
Tajikistan,TJK,2021-01,KTR,-17.354774193548387
Tajikistan,TJK,2021-01,SAP,-10.069129032258063
Tajikistan,TJK,2021-02,RCF,-12.321428571428571
Tajikistan,TJK,2021-02,TP,-24.62239285714286
Tajikistan,TJK,2021-02,KTR,-9.6785
Tajikistan,TJK,2021-02,SAP,-7.612178571428571
Tajikistan,TJK,2021-03,RCF,-9.741935483870968
Tajikistan,TJK,2021-03,TP,-24.165870967741938
Tajikistan,TJK,2021-03,KTR,-13.78341935483871
Tajikistan,TJK,2021-03,SAP,-1.659
Tajikistan,TJK,2021-04,RCF,-9.980933333333333
Tajikistan,TJK,2021-04,TP,-18.228633333333335
Tajikistan,TJK,2021-04,KTR,-4.466566666666667
Tajikistan,TJK,2021-04,SAP,3.357133333333333
Tajikistan,TJK,2021-05,RCF,-6.276516129032258
Tajikistan,TJK,2021-05,TP,-13.84325806451613
Tajikistan,TJK,2021-05,KTR,-9.142838709677418
Tajikistan,TJK,2021-05,SAP,8.092129032258065
Tajikistan,TJK,2021-06,RCF,0.24290000000000014
Tajikistan,TJK,2021-06,TP,-19.1667
Tajikistan,TJK,2021-06,KTR,-16.00003333333333
Tajikistan,TJK,2021-06,SAP,10.890533333333334
Tajikistan,TJK,2021-07,RCF,-10.668193548387096
Tajikistan,TJK,2021-07,TP,-30.262645161290326
Tajikistan,TJK,2021-07,KTR,-29.082838709677418
Tajikistan,TJK,2021-07,SAP,2.1336451612903224
Tajikistan,TJK,2021-08,RCF,-7.474677419354839
Tajikistan,TJK,2021-08,TP,-29.442387096774194
Tajikistan,TJK,2021-08,KTR,-25.84790322580645
Tajikistan,TJK,2021-08,SAP,4.5115483870967745
Tajikistan,TJK,2021-09,RCF,-7.976233333333334
Tajikistan,TJK,2021-09,TP,-25.666666666666668
Tajikistan,TJK,2021-09,KTR,-24.757099999999998
Tajikistan,TJK,2021-09,SAP,4.833266666666666
Tajikistan,TJK,2021-10,RCF,-10.516064516129031
Tajikistan,TJK,2021-10,TP,-27.19358064516129
Tajikistan,TJK,2021-10,KTR,-17.875580645161293
Tajikistan,TJK,2021-10,SAP,2.5161290322580645
Tajikistan,TJK,2021-11,RCF,-9.1476
Tajikistan,TJK,2021-11,TP,-26.757166666666667
Tajikistan,TJK,2021-11,KTR,-17.223766666666666
Tajikistan,TJK,2021-11,SAP,3.257166666666667
Tajikistan,TJK,2021-12,RCF,-7.488483870967742
Tajikistan,TJK,2021-12,TP,-24.56222580645161
Tajikistan,TJK,2021-12,KTR,-10.400806451612903
Tajikistan,TJK,2021-12,SAP,5.156645161290323
Tajikistan,TJK,2022-01,RCF,-9.815645161290323
Tajikistan,TJK,2022-01,TP,-27.456225806451613
Tajikistan,TJK,2022-01,KTR,-19.866225806451613
Tajikistan,TJK,2022-01,SAP,3.529967741935484
Tajikistan,TJK,2022-02,RCF,-5.959214285714286
Tajikistan,TJK,2022-02,TP,-25.295928571428572
Tajikistan,TJK,2022-02,KTR,-4.647964285714286
Tajikistan,TJK,2022-02,SAP,4.642857142857143
Tajikistan,TJK,2022-03,RCF,-3.0506129032258067
Tajikistan,TJK,2022-03,TP,-21.022967741935485
Tajikistan,TJK,2022-03,KTR,0.18448387096774194
Tajikistan,TJK,2022-03,SAP,2.9538709677419357
Tajikistan,TJK,2022-04,RCF,-2.7381
Tajikistan,TJK,2022-04,TP,-20.119033333333334
Tajikistan,TJK,2022-04,KTR,8.919033333333335
Tajikistan,TJK,2022-04,SAP,5.1380333333333335
Tajikistan,TJK,2022-05,RCF,1.6267096774193548
Tajikistan,TJK,2022-05,TP,-16.926258064516126
Tajikistan,TJK,2022-05,KTR,0.33645161290322584
Tajikistan,TJK,2022-05,SAP,7.156741935483871
Tajikistan,TJK,2022-06,RCF,3.7380333333333335
Tajikistan,TJK,2022-06,TP,-15.4618
Tajikistan,TJK,2022-06,KTR,-5.595166666666667
Tajikistan,TJK,2022-06,SAP,8.661900000000001
Tajikistan,TJK,2022-07,RCF,3.99275
Tajikistan,TJK,2022-07,TP,-15.69295
Tajikistan,TJK,2022-07,KTR,-16.664250000000003
Tajikistan,TJK,2022-07,SAP,8.82855
Tanzania,TZA,2020-02,RCF,-2.5498461538461537
Tanzania,TZA,2020-02,TP,-1.7163076923076923
Tanzania,TZA,2020-02,KTR,-0.05215384615384615
Tanzania,TZA,2020-02,SAP,-4.010538461538461
Tanzania,TZA,2020-03,RCF,-5.161258064516129
Tanzania,TZA,2020-03,TP,0.290258064516129
Tanzania,TZA,2020-03,KTR,-4.737290322580645
Tanzania,TZA,2020-03,SAP,0.10599999999999998
Tanzania,TZA,2020-04,RCF,-23.1095
Tanzania,TZA,2020-04,TP,-17.4191
Tanzania,TZA,2020-04,KTR,-20.271400000000003
Tanzania,TZA,2020-04,SAP,-9.9476
Tanzania,TZA,2020-05,RCF,-26.170516129032258
Tanzania,TZA,2020-05,TP,-20.525290322580645
Tanzania,TZA,2020-05,KTR,-19.428612903225808
Tanzania,TZA,2020-05,SAP,-9.566870967741934
Tanzania,TZA,2020-06,RCF,-7.7572
Tanzania,TZA,2020-06,TP,-6.095266666666666
Tanzania,TZA,2020-06,KTR,-9.680933333333334
Tanzania,TZA,2020-06,SAP,3.1142666666666665
Tanzania,TZA,2020-07,RCF,-0.5299032258064515
Tanzania,TZA,2020-07,TP,-2.9492903225806453
Tanzania,TZA,2020-07,KTR,-7.4238709677419354
Tanzania,TZA,2020-07,SAP,6.976967741935484
Tanzania,TZA,2020-08,RCF,1.0414193548387096
Tanzania,TZA,2020-08,TP,0.6036451612903226
Tanzania,TZA,2020-08,KTR,-6.78341935483871
Tanzania,TZA,2020-08,SAP,11.248903225806451
Tanzania,TZA,2020-09,RCF,-0.27620000000000006
Tanzania,TZA,2020-09,TP,4.423866666666667
Tanzania,TZA,2020-09,KTR,-11.952433333333333
Tanzania,TZA,2020-09,SAP,13.8762
Tanzania,TZA,2020-10,RCF,-12.622129032258064
Tanzania,TZA,2020-10,TP,-4.4561290322580644
Tanzania,TZA,2020-10,KTR,-22.087612903225807
Tanzania,TZA,2020-10,SAP,9.48383870967742
Tanzania,TZA,2020-11,RCF,-17.680999999999997
Tanzania,TZA,2020-11,TP,-9.6667
Tanzania,TZA,2020-11,KTR,-25.4048
Tanzania,TZA,2020-11,SAP,-3.1762333333333337
Tanzania,TZA,2020-12,RCF,-2.9355161290322576
Tanzania,TZA,2020-12,TP,11.027645161290323
Tanzania,TZA,2020-12,KTR,-19.953870967741935
Tanzania,TZA,2020-12,SAP,13.05532258064516
Tanzania,TZA,2021-01,RCF,-8.746451612903225
Tanzania,TZA,2021-01,TP,0.04151612903225812
Tanzania,TZA,2021-01,KTR,-19.050709677419356
Tanzania,TZA,2021-01,SAP,1.7005483870967741
Tanzania,TZA,2021-02,RCF,-10.357035714285715
Tanzania,TZA,2021-02,TP,-6.183678571428572
Tanzania,TZA,2021-02,KTR,-17.21425
Tanzania,TZA,2021-02,SAP,0.2550357142857143
Tanzania,TZA,2021-03,RCF,-6.598999999999999
Tanzania,TZA,2021-03,TP,-2.115290322580645
Tanzania,TZA,2021-03,KTR,-17.32267741935484
Tanzania,TZA,2021-03,SAP,3.935548387096774
Tanzania,TZA,2021-04,RCF,-3.1905666666666668
Tanzania,TZA,2021-04,TP,1.8619666666666665
Tanzania,TZA,2021-04,KTR,-22.8857
Tanzania,TZA,2021-04,SAP,8.4762
Tanzania,TZA,2021-05,RCF,11.364064516129032
Tanzania,TZA,2021-05,TP,13.106
Tanzania,TZA,2021-05,KTR,-9.635967741935483
Tanzania,TZA,2021-05,SAP,22.39625806451613
Tanzania,TZA,2021-06,RCF,25.3047
Tanzania,TZA,2021-06,TP,24.16193333333333
Tanzania,TZA,2021-06,KTR,0.2905
Tanzania,TZA,2021-06,SAP,35.99993333333334
Tanzania,TZA,2021-07,RCF,28.341
Tanzania,TZA,2021-07,TP,25.046193548387098
Tanzania,TZA,2021-07,KTR,-2.364096774193549
Tanzania,TZA,2021-07,SAP,39.34096774193548
Tanzania,TZA,2021-08,RCF,27.728193548387097
Tanzania,TZA,2021-08,TP,26.37325806451613
Tanzania,TZA,2021-08,KTR,-1.359483870967742
Tanzania,TZA,2021-08,SAP,42.926322580645156
Tanzania,TZA,2021-09,RCF,32.52863333333333
Tanzania,TZA,2021-09,TP,28.9667
Tanzania,TZA,2021-09,KTR,-2.1285666666666665
Tanzania,TZA,2021-09,SAP,43.838100000000004
Tanzania,TZA,2021-10,RCF,33.345677419354836
Tanzania,TZA,2021-10,TP,27.889451612903226
Tanzania,TZA,2021-10,KTR,-3.7511290322580644
Tanzania,TZA,2021-10,SAP,38.110580645161285
Tanzania,TZA,2021-11,RCF,39.28086666666666
Tanzania,TZA,2021-11,TP,31.2381
Tanzania,TZA,2021-11,KTR,0.8190000000000001
Tanzania,TZA,2021-11,SAP,40.409533333333336
Tanzania,TZA,2021-12,RCF,40.68206451612903
Tanzania,TZA,2021-12,TP,33.07835483870968
Tanzania,TZA,2021-12,KTR,1.382451612903226
Tanzania,TZA,2021-12,SAP,43.00467741935484
Tanzania,TZA,2022-01,RCF,38.86174193548387
Tanzania,TZA,2022-01,TP,28.746548387096777
Tanzania,TZA,2022-01,KTR,10.972387096774193
Tanzania,TZA,2022-01,SAP,42.046193548387095
Tanzania,TZA,2022-02,RCF,40.93364285714286
Tanzania,TZA,2022-02,TP,28.647964285714288
Tanzania,TZA,2022-02,KTR,22.56114285714286
Tanzania,TZA,2022-02,SAP,43.49492857142857
Tanzania,TZA,2022-03,RCF,61.424
Tanzania,TZA,2022-03,TP,54.39632258064516
Tanzania,TZA,2022-03,KTR,28.124419354838707
Tanzania,TZA,2022-03,SAP,66.59912903225806
Tanzania,TZA,2022-04,RCF,66.8048
Tanzania,TZA,2022-04,TP,60.447599999999994
Tanzania,TZA,2022-04,KTR,30.795266666666667
Tanzania,TZA,2022-04,SAP,74.03343333333333
Tanzania,TZA,2022-05,RCF,71.67283870967742
Tanzania,TZA,2022-05,TP,59.62670967741935
Tanzania,TZA,2022-05,KTR,36.576096774193545
Tanzania,TZA,2022-05,SAP,73.72345161290323
Tanzania,TZA,2022-06,RCF,74.42853333333332
Tanzania,TZA,2022-06,TP,64.0429
Tanzania,TZA,2022-06,KTR,45.585633333333334
Tanzania,TZA,2022-06,SAP,78.34766666666665
Tanzania,TZA,2022-07,RCF,79.0428
Tanzania,TZA,2022-07,TP,67.83555
Tanzania,TZA,2022-07,KTR,39.571299999999994
Tanzania,TZA,2022-07,SAP,81.85
Thailand,THA,2020-02,RCF,-3.4475384615384614
Thailand,THA,2020-02,TP,-5.466692307692308
Thailand,THA,2020-02,KTR,1.4541538461538461
Thailand,THA,2020-02,SAP,0.29184615384615387
Thailand,THA,2020-03,RCF,-14.396322580645162
Thailand,THA,2020-03,TP,-22.64977419354839
Thailand,THA,2020-03,KTR,-8.373290322580646
Thailand,THA,2020-03,SAP,-2.4008709677419358
Thailand,THA,2020-04,RCF,-47.3809
Thailand,THA,2020-04,TP,-59.923766666666666
Thailand,THA,2020-04,KTR,-28.8047
Thailand,THA,2020-04,SAP,-19.1142
Thailand,THA,2020-05,RCF,-35.977000000000004
Thailand,THA,2020-05,TP,-45.317903225806454
Thailand,THA,2020-05,KTR,-23.94009677419355
Thailand,THA,2020-05,SAP,-2.129032258064516
Thailand,THA,2020-06,RCF,-17.419
Thailand,THA,2020-06,TP,-33.485733333333336
Thailand,THA,2020-06,KTR,-17.1904
Thailand,THA,2020-06,SAP,3.3191
Thailand,THA,2020-07,RCF,-5.027677419354839
Thailand,THA,2020-07,TP,-27.672838709677418
Thailand,THA,2020-07,KTR,-17.281129032258065
Thailand,THA,2020-07,SAP,5.170516129032258
Thailand,THA,2020-08,RCF,-7.156806451612903
Thailand,THA,2020-08,TP,-28.3871935483871
Thailand,THA,2020-08,KTR,-12.410032258064517
Thailand,THA,2020-08,SAP,0.617516129032258
Thailand,THA,2020-09,RCF,-8.290366666666667
Thailand,THA,2020-09,TP,-26.3143
Thailand,THA,2020-09,KTR,-11.657066666666667
Thailand,THA,2020-09,SAP,-1.0238333333333334
Thailand,THA,2020-10,RCF,-11.990709677419355
Thailand,THA,2020-10,TP,-27.414677419354838
Thailand,THA,2020-10,KTR,-12.16125806451613
Thailand,THA,2020-10,SAP,-2.691193548387097
Thailand,THA,2020-11,RCF,-4.5904
Thailand,THA,2020-11,TP,-23.090533333333333
Thailand,THA,2020-11,KTR,-11.6381
Thailand,THA,2020-11,SAP,3.566666666666667
Thailand,THA,2020-12,RCF,-5.211967741935484
Thailand,THA,2020-12,TP,-24.769612903225806
Thailand,THA,2020-12,KTR,-9.023000000000001
Thailand,THA,2020-12,SAP,6.599096774193549
Thailand,THA,2021-01,RCF,-17.433290322580646
Thailand,THA,2021-01,TP,-49.691161290322576
Thailand,THA,2021-01,KTR,-18.838774193548385
Thailand,THA,2021-01,SAP,1.350258064516129
Thailand,THA,2021-02,RCF,-5.714321428571429
Thailand,THA,2021-02,TP,-40.55614285714286
Thailand,THA,2021-02,KTR,-8.193857142857143
Thailand,THA,2021-02,SAP,10.785785714285714
Thailand,THA,2021-03,RCF,4.622096774193548
Thailand,THA,2021-03,TP,-29.20738709677419
Thailand,THA,2021-03,KTR,-2.728225806451613
Thailand,THA,2021-03,SAP,20.995483870967742
Thailand,THA,2021-04,RCF,-8.257166666666667
Thailand,THA,2021-04,TP,-40.21426666666666
Thailand,THA,2021-04,KTR,-20.219066666666667
Thailand,THA,2021-04,SAP,13.9048
Thailand,THA,2021-05,RCF,-22.460806451612903
Thailand,THA,2021-05,TP,-55.594580645161294
Thailand,THA,2021-05,KTR,-21.106032258064516
Thailand,THA,2021-05,SAP,7.635870967741935
Thailand,THA,2021-06,RCF,-10.604800000000001
Thailand,THA,2021-06,TP,-49.53333333333333
Thailand,THA,2021-06,KTR,-12.738033333333334
Thailand,THA,2021-06,SAP,16.0619
Thailand,THA,2021-07,RCF,-18.880129032258065
Thailand,THA,2021-07,TP,-56.14290322580646
Thailand,THA,2021-07,KTR,-17.571387096774192
Thailand,THA,2021-07,SAP,15.78341935483871
Thailand,THA,2021-08,RCF,-28.447193548387094
Thailand,THA,2021-08,TP,-62.01374193548387
Thailand,THA,2021-08,KTR,-23.77416129032258
Thailand,THA,2021-08,SAP,6.21658064516129
Thailand,THA,2021-09,RCF,-17.690466666666666
Thailand,THA,2021-09,TP,-54.58573333333334
Thailand,THA,2021-09,KTR,-20.209533333333336
Thailand,THA,2021-09,SAP,6.799933333333333
Thailand,THA,2021-10,RCF,-2.691225806451613
Thailand,THA,2021-10,TP,-44.70051612903225
Thailand,THA,2021-10,KTR,-18.525354838709674
Thailand,THA,2021-10,SAP,21.78809677419355
Thailand,THA,2021-11,RCF,5.9475999999999996
Thailand,THA,2021-11,TP,-34.98106666666667
Thailand,THA,2021-11,KTR,-10.7762
Thailand,THA,2021-11,SAP,29.6619
Thailand,THA,2021-12,RCF,10.276451612903225
Thailand,THA,2021-12,TP,-27.552967741935483
Thailand,THA,2021-12,KTR,-6.792612903225806
Thailand,THA,2021-12,SAP,30.700451612903223
Thailand,THA,2022-01,RCF,0.765
Thailand,THA,2022-01,TP,-33.663645161290326
Thailand,THA,2022-01,KTR,-13.788032258064517
Thailand,THA,2022-01,SAP,19.313387096774196
Thailand,THA,2022-02,RCF,8.0
Thailand,THA,2022-02,TP,-27.316321428571428
Thailand,THA,2022-02,KTR,-3.3673928571428573
Thailand,THA,2022-02,SAP,29.352
Thailand,THA,2022-03,RCF,-3.4286129032258064
Thailand,THA,2022-03,TP,-32.576129032258066
Thailand,THA,2022-03,KTR,-4.0968064516129035
Thailand,THA,2022-03,SAP,21.156774193548387
Thailand,THA,2022-04,RCF,-4.295233333333333
Thailand,THA,2022-04,TP,-30.5476
Thailand,THA,2022-04,KTR,-15.385766666666665
Thailand,THA,2022-04,SAP,21.461933333333334
Thailand,THA,2022-05,RCF,-2.1013870967741934
Thailand,THA,2022-05,TP,-28.133548387096774
Thailand,THA,2022-05,KTR,-7.705064516129032
Thailand,THA,2022-05,SAP,21.68674193548387
Thailand,THA,2022-06,RCF,-1.2904000000000002
Thailand,THA,2022-06,TP,-22.9429
Thailand,THA,2022-06,KTR,0.08096666666666673
Thailand,THA,2022-06,SAP,22.014233333333333
Thailand,THA,2022-07,RCF,-1.0570499999999998
Thailand,THA,2022-07,TP,-21.07155
Thailand,THA,2022-07,KTR,-3.5286
Thailand,THA,2022-07,SAP,22.25
Togo,TGO,2020-02,RCF,-9.545615384615385
Togo,TGO,2020-02,TP,-7.80023076923077
Togo,TGO,2020-02,KTR,-3.762
Togo,TGO,2020-02,SAP,-5.086307692307693
Togo,TGO,2020-03,RCF,-11.502354838709676
Togo,TGO,2020-03,TP,-10.83874193548387
Togo,TGO,2020-03,KTR,-2.2764193548387097
Togo,TGO,2020-03,SAP,-4.603709677419355
Togo,TGO,2020-04,RCF,-34.55716666666667
Togo,TGO,2020-04,TP,-40.5619
Togo,TGO,2020-04,KTR,-20.400033333333333
Togo,TGO,2020-04,SAP,-23.519066666666667
Togo,TGO,2020-05,RCF,-28.903225806451612
Togo,TGO,2020-05,TP,-36.19822580645161
Togo,TGO,2020-05,KTR,-11.96774193548387
Togo,TGO,2020-05,SAP,-16.62677419354839
Togo,TGO,2020-06,RCF,-18.057166666666667
Togo,TGO,2020-06,TP,-32.14763333333333
Togo,TGO,2020-06,KTR,-3.014333333333333
Togo,TGO,2020-06,SAP,-8.071466666666668
Togo,TGO,2020-07,RCF,-13.290354838709677
Togo,TGO,2020-07,TP,-26.188903225806452
Togo,TGO,2020-07,KTR,-2.617451612903226
Togo,TGO,2020-07,SAP,-4.0968064516129035
Togo,TGO,2020-08,RCF,-8.580677419354839
Togo,TGO,2020-08,TP,-17.67895
Togo,TGO,2020-08,KTR,-5.032161290322581
Togo,TGO,2020-08,SAP,1.0276129032258063
Togo,TGO,2020-09,RCF,-6.7142333333333335
Togo,TGO,2020-09,TP,2.617111111111111
Togo,TGO,2020-09,KTR,-3.6429
Togo,TGO,2020-09,SAP,5.8476333333333335
Togo,TGO,2020-10,RCF,-6.8064193548387095
Togo,TGO,2020-10,TP,-0.7281290322580645
Togo,TGO,2020-10,KTR,-5.557612903225807
Togo,TGO,2020-10,SAP,24.493000000000002
Togo,TGO,2020-11,RCF,-4.8190333333333335
Togo,TGO,2020-11,TP,-2.8000333333333334
Togo,TGO,2020-11,KTR,-1.0809333333333333
Togo,TGO,2020-11,SAP,26.04283333333333
Togo,TGO,2020-12,RCF,-2.396290322580645
Togo,TGO,2020-12,TP,10.691354838709678
Togo,TGO,2020-12,KTR,0.8802258064516129
Togo,TGO,2020-12,SAP,38.239548387096775
Togo,TGO,2021-01,RCF,-6.737322580645161
Togo,TGO,2021-01,TP,10.815612903225807
Togo,TGO,2021-01,KTR,-6.682032258064516
Togo,TGO,2021-01,SAP,25.944709677419354
Togo,TGO,2021-02,RCF,-6.428535714285714
Togo,TGO,2021-02,TP,3.183607142857143
Togo,TGO,2021-02,KTR,-8.10207142857143
Togo,TGO,2021-02,SAP,26.816321428571428
Togo,TGO,2021-03,RCF,0.6681935483870968
Togo,TGO,2021-03,TP,3.138225806451613
Togo,TGO,2021-03,KTR,-4.096838709677419
Togo,TGO,2021-03,SAP,35.33183870967742
Togo,TGO,2021-04,RCF,5.323833333333334
Togo,TGO,2021-04,TP,4.690466666666667
Togo,TGO,2021-04,KTR,-3.504833333333333
Togo,TGO,2021-04,SAP,45.871433333333336
Togo,TGO,2021-05,RCF,13.709645161290323
Togo,TGO,2021-05,TP,13.036870967741937
Togo,TGO,2021-05,KTR,-0.5069354838709677
Togo,TGO,2021-05,SAP,50.60370967741935
Togo,TGO,2021-06,RCF,22.4572
Togo,TGO,2021-06,TP,17.714333333333332
Togo,TGO,2021-06,KTR,4.6142666666666665
Togo,TGO,2021-06,SAP,58.20473333333334
Togo,TGO,2021-07,RCF,28.98158064516129
Togo,TGO,2021-07,TP,27.66816129032258
Togo,TGO,2021-07,KTR,2.470064516129032
Togo,TGO,2021-07,SAP,63.95854838709677
Togo,TGO,2021-08,RCF,38.42393548387097
Togo,TGO,2021-08,TP,40.152
Togo,TGO,2021-08,KTR,4.801774193548387
Togo,TGO,2021-08,SAP,71.54841935483871
Togo,TGO,2021-09,RCF,35.11436666666667
Togo,TGO,2021-09,TP,12.376133333333334
Togo,TGO,2021-09,KTR,6.481033333333333
Togo,TGO,2021-09,SAP,57.457
Togo,TGO,2021-10,RCF,32.12445161290322
Togo,TGO,2021-10,TP,9.705096774193548
Togo,TGO,2021-10,KTR,10.341032258064516
Togo,TGO,2021-10,SAP,51.79719354838709
Togo,TGO,2021-11,RCF,37.63336666666667
Togo,TGO,2021-11,TP,13.371466666666667
Togo,TGO,2021-11,KTR,11.628633333333333
Togo,TGO,2021-11,SAP,55.2761
Togo,TGO,2021-12,RCF,44.539096774193546
Togo,TGO,2021-12,TP,15.59451612903226
Togo,TGO,2021-12,KTR,20.51148387096774
Togo,TGO,2021-12,SAP,64.32264516129032
Togo,TGO,2022-01,RCF,40.56219354838709
Togo,TGO,2022-01,TP,8.419290322580645
Togo,TGO,2022-01,KTR,22.718903225806454
Togo,TGO,2022-01,SAP,55.585193548387096
Togo,TGO,2022-02,RCF,42.51021428571429
Togo,TGO,2022-02,TP,7.6633571428571425
Togo,TGO,2022-02,KTR,38.892892857142854
Togo,TGO,2022-02,SAP,52.67857142857143
Togo,TGO,2022-03,RCF,52.654387096774194
Togo,TGO,2022-03,TP,17.410032258064515
Togo,TGO,2022-03,KTR,52.6728064516129
Togo,TGO,2022-03,SAP,59.45161290322581
Togo,TGO,2022-04,RCF,50.452466666666666
Togo,TGO,2022-04,TP,14.923766666666666
Togo,TGO,2022-04,KTR,47.62866666666667
Togo,TGO,2022-04,SAP,61.371433333333336
Togo,TGO,2022-05,RCF,50.03222580645161
Togo,TGO,2022-05,TP,18.009193548387096
Togo,TGO,2022-05,KTR,49.433096774193544
Togo,TGO,2022-05,SAP,67.21193548387097
Togo,TGO,2022-06,RCF,49.904666666666664
Togo,TGO,2022-06,TP,27.419066666666666
Togo,TGO,2022-06,KTR,48.904700000000005
Togo,TGO,2022-06,SAP,76.20003333333334
Togo,TGO,2022-07,RCF,54.42135
Togo,TGO,2022-07,TP,42.5214
Togo,TGO,2022-07,KTR,45.8428
Togo,TGO,2022-07,SAP,85.58565
Trinidad and Tobago,TTO,2020-02,RCF,8.614076923076924
Trinidad and Tobago,TTO,2020-02,TP,14.561153846153845
Trinidad and Tobago,TTO,2020-02,KTR,-9.462538461538461
Trinidad and Tobago,TTO,2020-02,SAP,6.660461538461538
Trinidad and Tobago,TTO,2020-03,RCF,-13.046129032258065
Trinidad and Tobago,TTO,2020-03,TP,-18.534612903225806
Trinidad and Tobago,TTO,2020-03,KTR,-13.958580645161291
Trinidad and Tobago,TTO,2020-03,SAP,5.313354838709677
Trinidad and Tobago,TTO,2020-04,RCF,-64.80473333333333
Trinidad and Tobago,TTO,2020-04,TP,-76.25246666666666
Trinidad and Tobago,TTO,2020-04,KTR,-58.162000000000006
Trinidad and Tobago,TTO,2020-04,SAP,-31.338133333333335
Trinidad and Tobago,TTO,2020-05,RCF,-50.202774193548386
Trinidad and Tobago,TTO,2020-05,TP,-69.42854838709677
Trinidad and Tobago,TTO,2020-05,KTR,-43.66822580645161
Trinidad and Tobago,TTO,2020-05,SAP,-18.46541935483871
Trinidad and Tobago,TTO,2020-06,RCF,-26.590433333333333
Trinidad and Tobago,TTO,2020-06,TP,-50.12853333333333
Trinidad and Tobago,TTO,2020-06,KTR,-25.900066666666664
Trinidad and Tobago,TTO,2020-06,SAP,-5.800066666666667
Trinidad and Tobago,TTO,2020-07,RCF,-11.686741935483871
Trinidad and Tobago,TTO,2020-07,TP,-35.32258064516129
Trinidad and Tobago,TTO,2020-07,KTR,-18.23974193548387
Trinidad and Tobago,TTO,2020-07,SAP,3.4930967741935484
Trinidad and Tobago,TTO,2020-08,RCF,-17.377870967741934
Trinidad and Tobago,TTO,2020-08,TP,-40.340999999999994
Trinidad and Tobago,TTO,2020-08,KTR,-25.09225806451613
Trinidad and Tobago,TTO,2020-08,SAP,2.502290322580645
Trinidad and Tobago,TTO,2020-09,RCF,-26.447566666666667
Trinidad and Tobago,TTO,2020-09,TP,-48.46673333333333
Trinidad and Tobago,TTO,2020-09,KTR,-31.009466666666665
Trinidad and Tobago,TTO,2020-09,SAP,-3.9237666666666664
Trinidad and Tobago,TTO,2020-10,RCF,-26.00922580645161
Trinidad and Tobago,TTO,2020-10,TP,-40.65896774193548
Trinidad and Tobago,TTO,2020-10,KTR,-24.622032258064518
Trinidad and Tobago,TTO,2020-10,SAP,0.10138709677419355
Trinidad and Tobago,TTO,2020-11,RCF,-19.4428
Trinidad and Tobago,TTO,2020-11,TP,-35.7714
Trinidad and Tobago,TTO,2020-11,KTR,-20.647733333333335
Trinidad and Tobago,TTO,2020-11,SAP,5.542933333333334
Trinidad and Tobago,TTO,2020-12,RCF,-7.059967741935484
Trinidad and Tobago,TTO,2020-12,TP,-28.28574193548387
Trinidad and Tobago,TTO,2020-12,KTR,-20.046096774193547
Trinidad and Tobago,TTO,2020-12,SAP,19.608322580645158
Trinidad and Tobago,TTO,2021-01,RCF,-25.06448387096774
Trinidad and Tobago,TTO,2021-01,TP,-37.133580645161295
Trinidad and Tobago,TTO,2021-01,KTR,-23.917096774193546
Trinidad and Tobago,TTO,2021-01,SAP,-3.6497096774193545
Trinidad and Tobago,TTO,2021-02,RCF,-18.306071428571425
Trinidad and Tobago,TTO,2021-02,TP,-32.28564285714286
Trinidad and Tobago,TTO,2021-02,KTR,-19.658142857142856
Trinidad and Tobago,TTO,2021-02,SAP,4.209107142857143
Trinidad and Tobago,TTO,2021-03,RCF,-11.391741935483871
Trinidad and Tobago,TTO,2021-03,TP,-29.027806451612904
Trinidad and Tobago,TTO,2021-03,KTR,-18.087580645161292
Trinidad and Tobago,TTO,2021-03,SAP,15.331774193548386
Trinidad and Tobago,TTO,2021-04,RCF,-12.742966666666666
Trinidad and Tobago,TTO,2021-04,TP,-30.757066666666667
Trinidad and Tobago,TTO,2021-04,KTR,-23.176133333333333
Trinidad and Tobago,TTO,2021-04,SAP,19.238133333333334
Trinidad and Tobago,TTO,2021-05,RCF,-46.6498064516129
Trinidad and Tobago,TTO,2021-05,TP,-56.719
Trinidad and Tobago,TTO,2021-05,KTR,-44.27648387096774
Trinidad and Tobago,TTO,2021-05,SAP,10.502354838709676
Trinidad and Tobago,TTO,2021-06,RCF,-52.9571
Trinidad and Tobago,TTO,2021-06,TP,-64.48106666666666
Trinidad and Tobago,TTO,2021-06,KTR,-51.83326666666667
Trinidad and Tobago,TTO,2021-06,SAP,2.9572000000000003
Trinidad and Tobago,TTO,2021-07,RCF,-34.77874193548387
Trinidad and Tobago,TTO,2021-07,TP,-50.083000000000006
Trinidad and Tobago,TTO,2021-07,KTR,-39.1013870967742
Trinidad and Tobago,TTO,2021-07,SAP,20.267225806451613
Trinidad and Tobago,TTO,2021-08,RCF,-13.617516129032257
Trinidad and Tobago,TTO,2021-08,TP,-36.179806451612905
Trinidad and Tobago,TTO,2021-08,KTR,-31.801806451612904
Trinidad and Tobago,TTO,2021-08,SAP,31.423967741935485
Trinidad and Tobago,TTO,2021-09,RCF,-6.3715
Trinidad and Tobago,TTO,2021-09,TP,-29.3095
Trinidad and Tobago,TTO,2021-09,KTR,-25.2762
Trinidad and Tobago,TTO,2021-09,SAP,37.090466666666664
Trinidad and Tobago,TTO,2021-10,RCF,-0.3133870967741935
Trinidad and Tobago,TTO,2021-10,TP,-22.755774193548387
Trinidad and Tobago,TTO,2021-10,KTR,-17.857096774193547
Trinidad and Tobago,TTO,2021-10,SAP,42.152096774193545
Trinidad and Tobago,TTO,2021-11,RCF,6.5475666666666665
Trinidad and Tobago,TTO,2021-11,TP,-18.023766666666667
Trinidad and Tobago,TTO,2021-11,KTR,-15.523833333333332
Trinidad and Tobago,TTO,2021-11,SAP,48.3857
Trinidad and Tobago,TTO,2021-12,RCF,16.94932258064516
Trinidad and Tobago,TTO,2021-12,TP,-15.110645161290323
Trinidad and Tobago,TTO,2021-12,KTR,-19.041451612903224
Trinidad and Tobago,TTO,2021-12,SAP,60.11983870967742
Trinidad and Tobago,TTO,2022-01,RCF,-0.8341935483870968
Trinidad and Tobago,TTO,2022-01,TP,-20.847967741935484
Trinidad and Tobago,TTO,2022-01,KTR,-17.580612903225806
Trinidad and Tobago,TTO,2022-01,SAP,38.06454838709677
Trinidad and Tobago,TTO,2022-02,RCF,5.698964285714285
Trinidad and Tobago,TTO,2022-02,TP,-14.887678571428571
Trinidad and Tobago,TTO,2022-02,KTR,-9.48475
Trinidad and Tobago,TTO,2022-02,SAP,45.88771428571429
Trinidad and Tobago,TTO,2022-03,RCF,7.235032258064516
Trinidad and Tobago,TTO,2022-03,TP,-9.281032258064515
Trinidad and Tobago,TTO,2022-03,KTR,-3.6312903225806448
Trinidad and Tobago,TTO,2022-03,SAP,47.25806451612903
Trinidad and Tobago,TTO,2022-04,RCF,11.9714
Trinidad and Tobago,TTO,2022-04,TP,-4.519033333333334
Trinidad and Tobago,TTO,2022-04,KTR,-7.5762
Trinidad and Tobago,TTO,2022-04,SAP,51.414300000000004
Trinidad and Tobago,TTO,2022-05,RCF,15.953870967741935
Trinidad and Tobago,TTO,2022-05,TP,0.15661290322580645
Trinidad and Tobago,TTO,2022-05,KTR,0.17506451612903223
Trinidad and Tobago,TTO,2022-05,SAP,56.74651612903226
Trinidad and Tobago,TTO,2022-06,RCF,15.2382
Trinidad and Tobago,TTO,2022-06,TP,2.0761333333333334
Trinidad and Tobago,TTO,2022-06,KTR,-1.852366666666667
Trinidad and Tobago,TTO,2022-06,SAP,54.0906
Trinidad and Tobago,TTO,2022-07,RCF,20.2285
Trinidad and Tobago,TTO,2022-07,TP,7.4429
Trinidad and Tobago,TTO,2022-07,KTR,1.03565
Trinidad and Tobago,TTO,2022-07,SAP,54.9572
Turkey,TUR,2020-02,RCF,2.196230769230769
Turkey,TUR,2020-02,TP,0.9803846153846153
Turkey,TUR,2020-02,KTR,8.01423076923077
Turkey,TUR,2020-02,SAP,3.7366153846153844
Turkey,TUR,2020-03,RCF,-18.599064516129033
Turkey,TUR,2020-03,TP,-17.437806451612904
Turkey,TUR,2020-03,KTR,-8.594451612903226
Turkey,TUR,2020-03,SAP,0.8847741935483872
Turkey,TUR,2020-04,RCF,-67.57143333333333
Turkey,TUR,2020-04,TP,-67.9096
Turkey,TUR,2020-04,KTR,-54.30003333333333
Turkey,TUR,2020-04,SAP,-30.223799999999997
Turkey,TUR,2020-05,RCF,-62.13832258064516
Turkey,TUR,2020-05,TP,-61.75567741935484
Turkey,TUR,2020-05,KTR,-49.67741935483871
Turkey,TUR,2020-05,SAP,-20.396290322580644
Turkey,TUR,2020-06,RCF,-28.680833333333332
Turkey,TUR,2020-06,TP,-26.700066666666665
Turkey,TUR,2020-06,KTR,-17.923766666666666
Turkey,TUR,2020-06,SAP,5.314266666666667
Turkey,TUR,2020-07,RCF,-17.036870967741937
Turkey,TUR,2020-07,TP,-13.552838709677419
Turkey,TUR,2020-07,KTR,-14.350225806451611
Turkey,TUR,2020-07,SAP,7.972387096774193
Turkey,TUR,2020-08,RCF,-16.686709677419355
Turkey,TUR,2020-08,TP,-10.617548387096774
Turkey,TUR,2020-08,KTR,-22.350193548387097
Turkey,TUR,2020-08,SAP,5.866290322580645
Turkey,TUR,2020-09,RCF,-19.1761
Turkey,TUR,2020-09,TP,-12.719033333333332
Turkey,TUR,2020-09,KTR,-16.052433333333333
Turkey,TUR,2020-09,SAP,5.490466666666666
Turkey,TUR,2020-10,RCF,-20.751129032258063
Turkey,TUR,2020-10,TP,-6.9308387096774196
Turkey,TUR,2020-10,KTR,-12.53916129032258
Turkey,TUR,2020-10,SAP,13.580709677419355
Turkey,TUR,2020-11,RCF,-30.357166666666668
Turkey,TUR,2020-11,TP,-20.2
Turkey,TUR,2020-11,KTR,-17.1381
Turkey,TUR,2020-11,SAP,6.352366666666667
Turkey,TUR,2020-12,RCF,-51.83416129032258
Turkey,TUR,2020-12,TP,-39.20741935483871
Turkey,TUR,2020-12,KTR,-31.82941935483871
Turkey,TUR,2020-12,SAP,-6.119903225806451
Turkey,TUR,2021-01,RCF,-51.769548387096776
Turkey,TUR,2021-01,TP,-39.06909677419355
Turkey,TUR,2021-01,KTR,-32.76951612903226
Turkey,TUR,2021-01,SAP,-5.953967741935484
Turkey,TUR,2021-02,RCF,-46.10717857142857
Turkey,TUR,2021-02,TP,-31.41839285714286
Turkey,TUR,2021-02,KTR,-27.035785714285712
Turkey,TUR,2021-02,SAP,5.285571428571429
Turkey,TUR,2021-03,RCF,-32.87554838709678
Turkey,TUR,2021-03,TP,-19.35022580645161
Turkey,TUR,2021-03,KTR,-15.935451612903227
Turkey,TUR,2021-03,SAP,17.589870967741938
Turkey,TUR,2021-04,RCF,-40.614266666666666
Turkey,TUR,2021-04,TP,-26.576200000000004
Turkey,TUR,2021-04,KTR,-23.561933333333332
Turkey,TUR,2021-04,SAP,15.533333333333333
Turkey,TUR,2021-05,RCF,-47.59451612903226
Turkey,TUR,2021-05,TP,-33.940064516129034
Turkey,TUR,2021-05,KTR,-35.253516129032256
Turkey,TUR,2021-05,SAP,10.640612903225806
Turkey,TUR,2021-06,RCF,-11.933266666666666
Turkey,TUR,2021-06,TP,1.0333333333333334
Turkey,TUR,2021-06,KTR,-11.980833333333333
Turkey,TUR,2021-06,SAP,40.185633333333335
Turkey,TUR,2021-07,RCF,6.801838709677419
Turkey,TUR,2021-07,TP,20.474612903225804
Turkey,TUR,2021-07,KTR,-20.29035483870968
Turkey,TUR,2021-07,SAP,52.18432258064516
Turkey,TUR,2021-08,RCF,10.63132258064516
Turkey,TUR,2021-08,TP,22.43325806451613
Turkey,TUR,2021-08,KTR,-9.797290322580645
Turkey,TUR,2021-08,SAP,52.34574193548387
Turkey,TUR,2021-09,RCF,12.1096
Turkey,TUR,2021-09,TP,23.580966666666665
Turkey,TUR,2021-09,KTR,-5.8095
Turkey,TUR,2021-09,SAP,56.20003333333333
Turkey,TUR,2021-10,RCF,7.659064516129033
Turkey,TUR,2021-10,TP,24.921645161290325
Turkey,TUR,2021-10,KTR,1.3779354838709679
Turkey,TUR,2021-10,SAP,55.5761935483871
Turkey,TUR,2021-11,RCF,5.723733333333333
Turkey,TUR,2021-11,TP,25.866633333333333
Turkey,TUR,2021-11,KTR,1.4951666666666668
Turkey,TUR,2021-11,SAP,52.6048
Turkey,TUR,2021-12,RCF,1.2766129032258065
Turkey,TUR,2021-12,TP,18.741935483870968
Turkey,TUR,2021-12,KTR,10.470064516129032
Turkey,TUR,2021-12,SAP,50.60832258064516
Turkey,TUR,2022-01,RCF,-6.0322903225806455
Turkey,TUR,2022-01,TP,9.258064516129032
Turkey,TUR,2022-01,KTR,4.718935483870968
Turkey,TUR,2022-01,SAP,45.350258064516126
Turkey,TUR,2022-02,RCF,1.5561071428571427
Turkey,TUR,2022-02,TP,18.13267857142857
Turkey,TUR,2022-02,KTR,8.168357142857143
Turkey,TUR,2022-02,SAP,50.64282142857143
Turkey,TUR,2022-03,RCF,-2.0783225806451613
Turkey,TUR,2022-03,TP,17.42393548387097
Turkey,TUR,2022-03,KTR,16.930935483870968
Turkey,TUR,2022-03,SAP,50.198258064516125
Turkey,TUR,2022-04,RCF,0.6762
Turkey,TUR,2022-04,TP,25.438133333333333
Turkey,TUR,2022-04,KTR,16.885733333333334
Turkey,TUR,2022-04,SAP,61.0381
Turkey,TUR,2022-05,RCF,14.101451612903226
Turkey,TUR,2022-05,TP,42.82493548387097
Turkey,TUR,2022-05,KTR,8.410129032258064
Turkey,TUR,2022-05,SAP,71.11054838709678
Turkey,TUR,2022-06,RCF,13.928533333333332
Turkey,TUR,2022-06,TP,46.09056666666667
Turkey,TUR,2022-06,KTR,15.028566666666666
Turkey,TUR,2022-06,SAP,68.7666
Turkey,TUR,2022-07,RCF,16.3286
Turkey,TUR,2022-07,TP,45.61425
Turkey,TUR,2022-07,KTR,-12.94295
Turkey,TUR,2022-07,SAP,73.35715
Uganda,UGA,2020-02,RCF,0.04146153846153845
Uganda,UGA,2020-02,TP,-0.3729230769230769
Uganda,UGA,2020-02,KTR,7.944923076923077
Uganda,UGA,2020-02,SAP,-1.5373076923076923
Uganda,UGA,2020-03,RCF,-7.1012903225806445
Uganda,UGA,2020-03,TP,-9.603709677419356
Uganda,UGA,2020-03,KTR,2.1659032258064514
Uganda,UGA,2020-03,SAP,-1.986225806451613
Uganda,UGA,2020-04,RCF,-66.83333333333333
Uganda,UGA,2020-04,TP,-70.55243333333333
Uganda,UGA,2020-04,KTR,-52.0094
Uganda,UGA,2020-04,SAP,-54.338100000000004
Uganda,UGA,2020-05,RCF,-61.72354838709678
Uganda,UGA,2020-05,TP,-69.12893548387096
Uganda,UGA,2020-05,KTR,-39.129064516129034
Uganda,UGA,2020-05,SAP,-47.80190322580645
Uganda,UGA,2020-06,RCF,-41.842800000000004
Uganda,UGA,2020-06,TP,-53.447599999999994
Uganda,UGA,2020-06,KTR,-22.861966666666667
Uganda,UGA,2020-06,SAP,-26.409533333333332
Uganda,UGA,2020-07,RCF,-30.737387096774196
Uganda,UGA,2020-07,TP,-41.50222580645161
Uganda,UGA,2020-07,KTR,-17.681967741935484
Uganda,UGA,2020-07,SAP,-17.18432258064516
Uganda,UGA,2020-08,RCF,-21.543774193548387
Uganda,UGA,2020-08,TP,-33.85709677419354
Uganda,UGA,2020-08,KTR,-11.97693548387097
Uganda,UGA,2020-08,SAP,-9.327193548387097
Uganda,UGA,2020-09,RCF,-22.176133333333333
Uganda,UGA,2020-09,TP,-32.79533333333333
Uganda,UGA,2020-09,KTR,-10.266699999999998
Uganda,UGA,2020-09,SAP,-10.514233333333333
Uganda,UGA,2020-10,RCF,-24.023096774193547
Uganda,UGA,2020-10,TP,-26.516032258064516
Uganda,UGA,2020-10,KTR,-11.036903225806451
Uganda,UGA,2020-10,SAP,-7.0691612903225804
Uganda,UGA,2020-11,RCF,-24.490433333333332
Uganda,UGA,2020-11,TP,-25.271400000000003
Uganda,UGA,2020-11,KTR,-8.4905
Uganda,UGA,2020-11,SAP,-9.304766666666668
Uganda,UGA,2020-12,RCF,-20.78338709677419
Uganda,UGA,2020-12,TP,-17.202774193548386
Uganda,UGA,2020-12,KTR,-10.820290322580645
Uganda,UGA,2020-12,SAP,-3.1428709677419358
Uganda,UGA,2021-01,RCF,-39.847903225806455
Uganda,UGA,2021-01,TP,-42.15206451612903
Uganda,UGA,2021-01,KTR,-28.022967741935485
Uganda,UGA,2021-01,SAP,-25.018451612903227
Uganda,UGA,2021-02,RCF,-29.658142857142856
Uganda,UGA,2021-02,TP,-44.035714285714285
Uganda,UGA,2021-02,KTR,-18.081607142857145
Uganda,UGA,2021-02,SAP,-14.005107142857142
Uganda,UGA,2021-03,RCF,-22.142967741935486
Uganda,UGA,2021-03,TP,-38.19351612903226
Uganda,UGA,2021-03,KTR,-9.737354838709678
Uganda,UGA,2021-03,SAP,-4.640548387096774
Uganda,UGA,2021-04,RCF,-17.085766666666665
Uganda,UGA,2021-04,TP,-33.89523333333333
Uganda,UGA,2021-04,KTR,-6.942933333333333
Uganda,UGA,2021-04,SAP,0.26186666666666664
Uganda,UGA,2021-05,RCF,-10.336387096774194
Uganda,UGA,2021-05,TP,-31.069129032258065
Uganda,UGA,2021-05,KTR,-0.9630967741935484
Uganda,UGA,2021-05,SAP,7.497677419354838
Uganda,UGA,2021-06,RCF,-25.466633333333334
Uganda,UGA,2021-06,TP,-43.65233333333333
Uganda,UGA,2021-06,KTR,-16.7905
Uganda,UGA,2021-06,SAP,-4.4238
Uganda,UGA,2021-07,RCF,-47.84783870967742
Uganda,UGA,2021-07,TP,-56.7926129032258
Uganda,UGA,2021-07,KTR,-28.396322580645162
Uganda,UGA,2021-07,SAP,-19.89406451612903
Uganda,UGA,2021-08,RCF,-23.917
Uganda,UGA,2021-08,TP,-32.41935483870968
Uganda,UGA,2021-08,KTR,-8.124451612903226
Uganda,UGA,2021-08,SAP,4.239612903225806
Uganda,UGA,2021-09,RCF,-10.623866666666666
Uganda,UGA,2021-09,TP,-31.95723333333333
Uganda,UGA,2021-09,KTR,0.3857
Uganda,UGA,2021-09,SAP,12.4477
Uganda,UGA,2021-10,RCF,-5.336387096774193
Uganda,UGA,2021-10,TP,-29.018451612903227
Uganda,UGA,2021-10,KTR,6.6174838709677415
Uganda,UGA,2021-10,SAP,13.649774193548389
Uganda,UGA,2021-11,RCF,-0.43336666666666673
Uganda,UGA,2021-11,TP,-25.981
Uganda,UGA,2021-11,KTR,10.761899999999999
Uganda,UGA,2021-11,SAP,17.161833333333334
Uganda,UGA,2021-12,RCF,4.193516129032258
Uganda,UGA,2021-12,TP,-19.85258064516129
Uganda,UGA,2021-12,KTR,9.456225806451611
Uganda,UGA,2021-12,SAP,19.571354838709677
Uganda,UGA,2022-01,RCF,3.94
Uganda,UGA,2022-01,TP,-15.543838709677418
Uganda,UGA,2022-01,KTR,13.493
Uganda,UGA,2022-01,SAP,18.88016129032258
Uganda,UGA,2022-02,RCF,14.122464285714287
Uganda,UGA,2022-02,TP,0.8418214285714286
Uganda,UGA,2022-02,KTR,29.382678571428574
Uganda,UGA,2022-02,SAP,24.97457142857143
Uganda,UGA,2022-03,RCF,23.98616129032258
Uganda,UGA,2022-03,TP,14.156774193548388
Uganda,UGA,2022-03,KTR,43.91706451612904
Uganda,UGA,2022-03,SAP,32.986161290322585
Uganda,UGA,2022-04,RCF,27.31433333333333
Uganda,UGA,2022-04,TP,21.195266666666665
Uganda,UGA,2022-04,KTR,39.709500000000006
Uganda,UGA,2022-04,SAP,35.37146666666667
Uganda,UGA,2022-05,RCF,30.423903225806452
Uganda,UGA,2022-05,TP,26.110612903225807
Uganda,UGA,2022-05,KTR,43.285709677419355
Uganda,UGA,2022-05,SAP,38.90783870967742
Uganda,UGA,2022-06,RCF,32.00953333333334
Uganda,UGA,2022-06,TP,30.319066666666668
Uganda,UGA,2022-06,KTR,44.86656666666667
Uganda,UGA,2022-06,SAP,41.15716666666666
Uganda,UGA,2022-07,RCF,35.914249999999996
Uganda,UGA,2022-07,TP,32.82145
Uganda,UGA,2022-07,KTR,48.1786
Uganda,UGA,2022-07,SAP,44.17145
United Arab Emirates,ARE,2020-02,RCF,-1.3527692307692307
United Arab Emirates,ARE,2020-02,TP,-0.3637692307692308
United Arab Emirates,ARE,2020-02,KTR,2.13
United Arab Emirates,ARE,2020-02,SAP,2.0366153846153847
United Arab Emirates,ARE,2020-03,RCF,-17.433129032258066
United Arab Emirates,ARE,2020-03,TP,-24.35490322580645
United Arab Emirates,ARE,2020-03,KTR,-9.101322580645162
United Arab Emirates,ARE,2020-03,SAP,-0.9033225806451612
United Arab Emirates,ARE,2020-04,RCF,-62.70956666666667
United Arab Emirates,ARE,2020-04,TP,-76.45246666666667
United Arab Emirates,ARE,2020-04,KTR,-50.56186666666667
United Arab Emirates,ARE,2020-04,SAP,-32.37616666666666
United Arab Emirates,ARE,2020-05,RCF,-53.01838709677419
United Arab Emirates,ARE,2020-05,TP,-64.08296774193549
United Arab Emirates,ARE,2020-05,KTR,-43.66822580645161
United Arab Emirates,ARE,2020-05,SAP,-23.299516129032256
United Arab Emirates,ARE,2020-06,RCF,-38.30946666666667
United Arab Emirates,ARE,2020-06,TP,-52.0619
United Arab Emirates,ARE,2020-06,KTR,-26.428566666666665
United Arab Emirates,ARE,2020-06,SAP,-13.962
United Arab Emirates,ARE,2020-07,RCF,-27.45158064516129
United Arab Emirates,ARE,2020-07,TP,-47.06
United Arab Emirates,ARE,2020-07,KTR,-20.62677419354839
United Arab Emirates,ARE,2020-07,SAP,-7.14741935483871
United Arab Emirates,ARE,2020-08,RCF,-23.165870967741938
United Arab Emirates,ARE,2020-08,TP,-44.175225806451614
United Arab Emirates,ARE,2020-08,KTR,-23.98167741935484
United Arab Emirates,ARE,2020-08,SAP,-5.594548387096775
United Arab Emirates,ARE,2020-09,RCF,-23.166600000000003
United Arab Emirates,ARE,2020-09,TP,-41.52373333333333
United Arab Emirates,ARE,2020-09,KTR,-18.533466666666666
United Arab Emirates,ARE,2020-09,SAP,-4.995266666666667
United Arab Emirates,ARE,2020-10,RCF,-22.58058064516129
United Arab Emirates,ARE,2020-10,TP,-37.7511935483871
United Arab Emirates,ARE,2020-10,KTR,-18.294903225806454
United Arab Emirates,ARE,2020-10,SAP,-2.5900000000000003
United Arab Emirates,ARE,2020-11,RCF,-19.576199999999996
United Arab Emirates,ARE,2020-11,TP,-36.181000000000004
United Arab Emirates,ARE,2020-11,KTR,-17.690633333333334
United Arab Emirates,ARE,2020-11,SAP,-1.6190666666666667
United Arab Emirates,ARE,2020-12,RCF,-14.668193548387096
United Arab Emirates,ARE,2020-12,TP,-32.62206451612903
United Arab Emirates,ARE,2020-12,KTR,-21.11516129032258
United Arab Emirates,ARE,2020-12,SAP,2.0461612903225808
United Arab Emirates,ARE,2021-01,RCF,-17.90783870967742
United Arab Emirates,ARE,2021-01,TP,-33.11061290322581
United Arab Emirates,ARE,2021-01,KTR,-19.594451612903224
United Arab Emirates,ARE,2021-01,SAP,-1.1935483870967742
United Arab Emirates,ARE,2021-02,RCF,-16.877535714285717
United Arab Emirates,ARE,2021-02,TP,-34.428535714285715
United Arab Emirates,ARE,2021-02,KTR,-20.898071428571427
United Arab Emirates,ARE,2021-02,SAP,1.4234642857142856
United Arab Emirates,ARE,2021-03,RCF,-10.672806451612905
United Arab Emirates,ARE,2021-03,TP,-27.75109677419355
United Arab Emirates,ARE,2021-03,KTR,-16.51148387096774
United Arab Emirates,ARE,2021-03,SAP,10.059870967741935
United Arab Emirates,ARE,2021-04,RCF,-11.1858
United Arab Emirates,ARE,2021-04,TP,-25.895133333333334
United Arab Emirates,ARE,2021-04,KTR,-14.3762
United Arab Emirates,ARE,2021-04,SAP,15.6762
United Arab Emirates,ARE,2021-05,RCF,-6.317967741935484
United Arab Emirates,ARE,2021-05,TP,-28.44693548387097
United Arab Emirates,ARE,2021-05,KTR,-16.207354838709676
United Arab Emirates,ARE,2021-05,SAP,22.262612903225804
United Arab Emirates,ARE,2021-06,RCF,-4.971433333333334
United Arab Emirates,ARE,2021-06,TP,-28.26196666666667
United Arab Emirates,ARE,2021-06,KTR,-8.671466666666667
United Arab Emirates,ARE,2021-06,SAP,20.9667
United Arab Emirates,ARE,2021-07,RCF,-6.474677419354839
United Arab Emirates,ARE,2021-07,TP,-29.42858064516129
United Arab Emirates,ARE,2021-07,KTR,-17.327290322580644
United Arab Emirates,ARE,2021-07,SAP,19.516193548387097
United Arab Emirates,ARE,2021-08,RCF,-8.488516129032257
United Arab Emirates,ARE,2021-08,TP,-29.26274193548387
United Arab Emirates,ARE,2021-08,KTR,-13.023032258064516
United Arab Emirates,ARE,2021-08,SAP,16.110612903225807
United Arab Emirates,ARE,2021-09,RCF,-0.3428333333333333
United Arab Emirates,ARE,2021-09,TP,-20.376166666666666
United Arab Emirates,ARE,2021-09,KTR,-9.780833333333334
United Arab Emirates,ARE,2021-09,SAP,25.285700000000002
United Arab Emirates,ARE,2021-10,RCF,8.419451612903226
United Arab Emirates,ARE,2021-10,TP,-5.193516129032258
United Arab Emirates,ARE,2021-10,KTR,-6.834064516129032
United Arab Emirates,ARE,2021-10,SAP,34.54387096774194
United Arab Emirates,ARE,2021-11,RCF,16.133266666666668
United Arab Emirates,ARE,2021-11,TP,6.2476
United Arab Emirates,ARE,2021-11,KTR,-1.1143
United Arab Emirates,ARE,2021-11,SAP,41.86653333333334
United Arab Emirates,ARE,2021-12,RCF,21.364129032258067
United Arab Emirates,ARE,2021-12,TP,9.663580645161291
United Arab Emirates,ARE,2021-12,KTR,-3.520806451612903
United Arab Emirates,ARE,2021-12,SAP,46.93558064516129
United Arab Emirates,ARE,2022-01,RCF,13.889483870967743
United Arab Emirates,ARE,2022-01,TP,0.7234516129032258
United Arab Emirates,ARE,2022-01,KTR,8.405516129032257
United Arab Emirates,ARE,2022-01,SAP,43.12441935483871
United Arab Emirates,ARE,2022-02,RCF,20.923499999999997
United Arab Emirates,ARE,2022-02,TP,12.005071428571428
United Arab Emirates,ARE,2022-02,KTR,25.06635714285714
United Arab Emirates,ARE,2022-02,SAP,47.64282142857143
United Arab Emirates,ARE,2022-03,RCF,22.055290322580642
United Arab Emirates,ARE,2022-03,TP,26.88948387096774
United Arab Emirates,ARE,2022-03,KTR,30.691258064516127
United Arab Emirates,ARE,2022-03,SAP,44.35951612903226
United Arab Emirates,ARE,2022-04,RCF,11.423833333333333
United Arab Emirates,ARE,2022-04,TP,14.371466666666667
United Arab Emirates,ARE,2022-04,KTR,28.252433333333332
United Arab Emirates,ARE,2022-04,SAP,43.09993333333333
United Arab Emirates,ARE,2022-05,RCF,18.10593548387097
United Arab Emirates,ARE,2022-05,TP,16.105967741935483
United Arab Emirates,ARE,2022-05,KTR,19.17058064516129
United Arab Emirates,ARE,2022-05,SAP,41.6081935483871
United Arab Emirates,ARE,2022-06,RCF,16.8382
United Arab Emirates,ARE,2022-06,TP,20.595266666666664
United Arab Emirates,ARE,2022-06,KTR,32.619033333333334
United Arab Emirates,ARE,2022-06,SAP,40.990433333333335
United Arab Emirates,ARE,2022-07,RCF,14.814250000000001
United Arab Emirates,ARE,2022-07,TP,20.67855
United Arab Emirates,ARE,2022-07,KTR,13.5215
United Arab Emirates,ARE,2022-07,SAP,39.4715
United Kingdom,GBR,2020-02,RCF,0.8088461538461538
United Kingdom,GBR,2020-02,TP,-3.1835384615384617
United Kingdom,GBR,2020-02,KTR,-7.091615384615385
United Kingdom,GBR,2020-02,SAP,-1.6326923076923079
United Kingdom,GBR,2020-03,RCF,-19.89858064516129
United Kingdom,GBR,2020-03,TP,-22.88474193548387
United Kingdom,GBR,2020-03,KTR,-16.769516129032258
United Kingdom,GBR,2020-03,SAP,0.09680645161290315
United Kingdom,GBR,2020-04,RCF,-75.82856666666666
United Kingdom,GBR,2020-04,TP,-70.1285
United Kingdom,GBR,2020-04,KTR,-65.07136666666666
United Kingdom,GBR,2020-04,SAP,-32.466633333333334
United Kingdom,GBR,2020-05,RCF,-69.67754838709678
United Kingdom,GBR,2020-05,TP,-61.02761290322581
United Kingdom,GBR,2020-05,KTR,-57.12903225806452
United Kingdom,GBR,2020-05,SAP,-23.769548387096773
United Kingdom,GBR,2020-06,RCF,-57.4095
United Kingdom,GBR,2020-06,TP,-51.357099999999996
United Kingdom,GBR,2020-06,KTR,-43.771433333333334
United Kingdom,GBR,2020-06,SAP,-15.166633333333333
United Kingdom,GBR,2020-07,RCF,-38.54377419354839
United Kingdom,GBR,2020-07,TP,-42.07832258064516
United Kingdom,GBR,2020-07,KTR,-37.737419354838714
United Kingdom,GBR,2020-07,SAP,-12.423935483870968
United Kingdom,GBR,2020-08,RCF,-21.133580645161288
United Kingdom,GBR,2020-08,TP,-37.700322580645164
United Kingdom,GBR,2020-08,KTR,-36.765
United Kingdom,GBR,2020-08,SAP,-12.838709677419354
United Kingdom,GBR,2020-09,RCF,-20.714266666666667
United Kingdom,GBR,2020-09,TP,-34.04286666666667
United Kingdom,GBR,2020-09,KTR,-30.657133333333334
United Kingdom,GBR,2020-09,SAP,-10.290466666666667
United Kingdom,GBR,2020-10,RCF,-27.645129032258065
United Kingdom,GBR,2020-10,TP,-39.70974193548387
United Kingdom,GBR,2020-10,KTR,-27.704967741935484
United Kingdom,GBR,2020-10,SAP,-9.58525806451613
United Kingdom,GBR,2020-11,RCF,-44.4238
United Kingdom,GBR,2020-11,TP,-49.71906666666667
United Kingdom,GBR,2020-11,KTR,-33.9094
United Kingdom,GBR,2020-11,SAP,-11.614333333333333
United Kingdom,GBR,2020-12,RCF,-38.843322580645165
United Kingdom,GBR,2020-12,TP,-49.30877419354839
United Kingdom,GBR,2020-12,KTR,-36.018419354838706
United Kingdom,GBR,2020-12,SAP,-7.732741935483871
United Kingdom,GBR,2021-01,RCF,-62.91248387096774
United Kingdom,GBR,2021-01,TP,-64.70512903225806
United Kingdom,GBR,2021-01,KTR,-48.15654838709678
United Kingdom,GBR,2021-01,SAP,-23.995322580645162
United Kingdom,GBR,2021-02,RCF,-59.02553571428571
United Kingdom,GBR,2021-02,TP,-61.79082142857143
United Kingdom,GBR,2021-02,KTR,-43.94378571428571
United Kingdom,GBR,2021-02,SAP,-17.188785714285714
United Kingdom,GBR,2021-03,RCF,-51.870935483870966
United Kingdom,GBR,2021-03,TP,-54.064580645161286
United Kingdom,GBR,2021-03,KTR,-36.2166129032258
United Kingdom,GBR,2021-03,SAP,-7.359451612903226
United Kingdom,GBR,2021-04,RCF,-38.25716666666666
United Kingdom,GBR,2021-04,TP,-44.92373333333333
United Kingdom,GBR,2021-04,KTR,-35.65233333333333
United Kingdom,GBR,2021-04,SAP,-1.6285999999999998
United Kingdom,GBR,2021-05,RCF,-25.364032258064515
United Kingdom,GBR,2021-05,TP,-37.86638709677419
United Kingdom,GBR,2021-05,KTR,-26.99074193548387
United Kingdom,GBR,2021-05,SAP,2.308806451612903
United Kingdom,GBR,2021-06,RCF,-13.214233333333334
United Kingdom,GBR,2021-06,TP,-32.657133333333334
United Kingdom,GBR,2021-06,KTR,-25.228566666666666
United Kingdom,GBR,2021-06,SAP,7.380933333333333
United Kingdom,GBR,2021-07,RCF,-13.170483870967743
United Kingdom,GBR,2021-07,TP,-32.17058064516129
United Kingdom,GBR,2021-07,KTR,-26.24890322580645
United Kingdom,GBR,2021-07,SAP,5.834032258064516
United Kingdom,GBR,2021-08,RCF,-6.6451935483870965
United Kingdom,GBR,2021-08,TP,-29.078354838709675
United Kingdom,GBR,2021-08,KTR,-31.05535483870968
United Kingdom,GBR,2021-08,SAP,4.451612903225806
United Kingdom,GBR,2021-09,RCF,-7.695266666666667
United Kingdom,GBR,2021-09,TP,-24.58086666666667
United Kingdom,GBR,2021-09,KTR,-25.2905
United Kingdom,GBR,2021-09,SAP,6.2191
United Kingdom,GBR,2021-10,RCF,-9.824870967741935
United Kingdom,GBR,2021-10,TP,-26.663612903225808
United Kingdom,GBR,2021-10,KTR,-24.871064516129035
United Kingdom,GBR,2021-10,SAP,3.456225806451613
United Kingdom,GBR,2021-11,RCF,-9.395199999999999
United Kingdom,GBR,2021-11,TP,-26.0953
United Kingdom,GBR,2021-11,KTR,-22.718999999999998
United Kingdom,GBR,2021-11,SAP,4.409533333333333
United Kingdom,GBR,2021-12,RCF,-10.511483870967743
United Kingdom,GBR,2021-12,TP,-34.26261290322581
United Kingdom,GBR,2021-12,KTR,-30.539161290322582
United Kingdom,GBR,2021-12,SAP,3.8616774193548387
United Kingdom,GBR,2022-01,RCF,-22.133709677419354
United Kingdom,GBR,2022-01,TP,-40.70051612903225
United Kingdom,GBR,2022-01,KTR,-30.48851612903226
United Kingdom,GBR,2022-01,SAP,-4.41941935483871
United Kingdom,GBR,2022-02,RCF,-14.882642857142857
United Kingdom,GBR,2022-02,TP,-30.489821428571428
United Kingdom,GBR,2022-02,KTR,-23.296107142857146
United Kingdom,GBR,2022-02,SAP,-0.755
United Kingdom,GBR,2022-03,RCF,-14.649709677419356
United Kingdom,GBR,2022-03,TP,-28.63132258064516
United Kingdom,GBR,2022-03,KTR,-20.76041935483871
United Kingdom,GBR,2022-03,SAP,0.8203548387096774
United Kingdom,GBR,2022-04,RCF,-13.304833333333333
United Kingdom,GBR,2022-04,TP,-28.1953
United Kingdom,GBR,2022-04,KTR,-26.371366666666667
United Kingdom,GBR,2022-04,SAP,1.6047333333333333
United Kingdom,GBR,2022-05,RCF,-9.880129032258065
United Kingdom,GBR,2022-05,TP,-22.898548387096774
United Kingdom,GBR,2022-05,KTR,-19.428516129032257
United Kingdom,GBR,2022-05,SAP,5.433225806451613
United Kingdom,GBR,2022-06,RCF,-9.319099999999999
United Kingdom,GBR,2022-06,TP,-22.404833333333332
United Kingdom,GBR,2022-06,KTR,-23.0239
United Kingdom,GBR,2022-06,SAP,7.328566666666666
United Kingdom,GBR,2022-07,RCF,-9.65715
United Kingdom,GBR,2022-07,TP,-19.58575
United Kingdom,GBR,2022-07,KTR,-21.05005
United Kingdom,GBR,2022-07,SAP,7.8429
United States,USA,2020-02,RCF,4.512615384615385
United States,USA,2020-02,TP,1.135
United States,USA,2020-02,KTR,-1.2826923076923078
United States,USA,2020-02,SAP,0.9299999999999999
United States,USA,2020-03,RCF,-10.645193548387097
United States,USA,2020-03,TP,-16.755709677419354
United States,USA,2020-03,KTR,-14.636000000000001
United States,USA,2020-03,SAP,3.903225806451613
United States,USA,2020-04,RCF,-42.17613333333334
United States,USA,2020-04,TP,-50.15246666666667
United States,USA,2020-04,KTR,-46.05243333333333
United States,USA,2020-04,SAP,-15.528566666666668
United States,USA,2020-05,RCF,-28.341032258064516
United States,USA,2020-05,TP,-39.857129032258065
United States,USA,2020-05,KTR,-38.70041935483871
United States,USA,2020-05,SAP,-4.857161290322581
United States,USA,2020-06,RCF,-16.623833333333334
United States,USA,2020-06,TP,-29.981
United States,USA,2020-06,KTR,-29.676166666666667
United States,USA,2020-06,SAP,-0.6571333333333332
United States,USA,2020-07,RCF,-14.91248387096774
United States,USA,2020-07,TP,-28.16122580645161
United States,USA,2020-07,KTR,-32.09209677419355
United States,USA,2020-07,SAP,-1.249
United States,USA,2020-08,RCF,-14.774193548387096
United States,USA,2020-08,TP,-28.49306451612903
United States,USA,2020-08,KTR,-30.599064516129033
United States,USA,2020-08,SAP,-3.792516129032258
United States,USA,2020-09,RCF,-14.966633333333334
United States,USA,2020-09,TP,-29.228633333333335
United States,USA,2020-09,KTR,-29.333366666666667
United States,USA,2020-09,SAP,-5.452466666666667
United States,USA,2020-10,RCF,-15.718870967741937
United States,USA,2020-10,TP,-29.469967741935484
United States,USA,2020-10,KTR,-25.8248064516129
United States,USA,2020-10,SAP,-5.917096774193548
United States,USA,2020-11,RCF,-18.7666
United States,USA,2020-11,TP,-34.071400000000004
United States,USA,2020-11,KTR,-28.2476
United States,USA,2020-11,SAP,-6.600066666666667
United States,USA,2020-12,RCF,-20.861677419354837
United States,USA,2020-12,TP,-37.52535483870968
United States,USA,2020-12,KTR,-31.967741935483872
United States,USA,2020-12,SAP,-6.668161290322581
United States,USA,2021-01,RCF,-24.635967741935485
United States,USA,2021-01,TP,-40.599064516129026
United States,USA,2021-01,KTR,-31.11506451612903
United States,USA,2021-01,SAP,-12.35483870967742
United States,USA,2021-02,RCF,-24.37760714285714
United States,USA,2021-02,TP,-39.785607142857145
United States,USA,2021-02,KTR,-29.04078571428571
United States,USA,2021-02,SAP,-12.188821428571428
United States,USA,2021-03,RCF,-11.709741935483871
United States,USA,2021-03,TP,-29.364
United States,USA,2021-03,KTR,-25.16583870967742
United States,USA,2021-03,SAP,-5.377806451612903
United States,USA,2021-04,RCF,-8.247633333333333
United States,USA,2021-04,TP,-24.918999999999997
United States,USA,2021-04,KTR,-25.623866666666668
United States,USA,2021-04,SAP,-1.8523333333333334
United States,USA,2021-05,RCF,-5.659032258064516
United States,USA,2021-05,TP,-21.25348387096774
United States,USA,2021-05,KTR,-24.198225806451614
United States,USA,2021-05,SAP,2.3363870967741933
United States,USA,2021-06,RCF,-3.6810666666666667
United States,USA,2021-06,TP,-18.04283333333333
United States,USA,2021-06,KTR,-26.538
United States,USA,2021-06,SAP,3.6524
United States,USA,2021-07,RCF,-3.8847419354838713
United States,USA,2021-07,TP,-16.424032258064514
United States,USA,2021-07,KTR,-28.041483870967745
United States,USA,2021-07,SAP,3.787935483870968
United States,USA,2021-08,RCF,-4.368709677419355
United States,USA,2021-08,TP,-17.93090322580645
United States,USA,2021-08,KTR,-25.603612903225805
United States,USA,2021-08,SAP,3.963225806451613
United States,USA,2021-09,RCF,-6.1618
United States,USA,2021-09,TP,-19.595399999999998
United States,USA,2021-09,KTR,-24.35236666666667
United States,USA,2021-09,SAP,2.0475666666666665
United States,USA,2021-10,RCF,-5.626741935483871
United States,USA,2021-10,TP,-18.451677419354837
United States,USA,2021-10,KTR,-20.133645161290325
United States,USA,2021-10,SAP,1.548451612903226
United States,USA,2021-11,RCF,-6.780866666666666
United States,USA,2021-11,TP,-20.0239
United States,USA,2021-11,KTR,-23.028466666666667
United States,USA,2021-11,SAP,1.6713999999999998
United States,USA,2021-12,RCF,-7.170548387096774
United States,USA,2021-12,TP,-22.631290322580647
United States,USA,2021-12,KTR,-25.271870967741936
United States,USA,2021-12,SAP,2.0922903225806455
United States,USA,2022-01,RCF,-18.06448387096774
United States,USA,2022-01,TP,-32.16129032258065
United States,USA,2022-01,KTR,-27.308677419354837
United States,USA,2022-01,SAP,-6.221161290322581
United States,USA,2022-02,RCF,-13.061178571428572
United States,USA,2022-02,TP,-26.734571428571428
United States,USA,2022-02,KTR,-19.867285714285714
United States,USA,2022-02,SAP,-4.852035714285714
United States,USA,2022-03,RCF,-10.391709677419355
United States,USA,2022-03,TP,-24.087548387096778
United States,USA,2022-03,KTR,-17.589870967741934
United States,USA,2022-03,SAP,-5.921612903225806
United States,USA,2022-04,RCF,-9.085733333333334
United States,USA,2022-04,TP,-22.785733333333333
United States,USA,2022-04,KTR,-18.133266666666668
United States,USA,2022-04,SAP,-3.7048
United States,USA,2022-05,RCF,-5.990741935483871
United States,USA,2022-05,TP,-19.82025806451613
United States,USA,2022-05,KTR,-17.88016129032258
United States,USA,2022-05,SAP,-0.1013225806451613
United States,USA,2022-06,RCF,-6.952333333333333
United States,USA,2022-06,TP,-17.476166666666664
United States,USA,2022-06,KTR,-23.942833333333333
United States,USA,2022-06,SAP,-0.17616666666666667
United States,USA,2022-07,RCF,-8.62135
United States,USA,2022-07,TP,-18.0072
United States,USA,2022-07,KTR,-27.5644
United States,USA,2022-07,SAP,-0.25705000000000006
Uruguay,URY,2020-02,RCF,-2.793769230769231
Uruguay,URY,2020-02,TP,-3.692076923076923
Uruguay,URY,2020-02,KTR,-1.0212307692307692
Uruguay,URY,2020-02,SAP,-3.2366923076923078
Uruguay,URY,2020-03,RCF,-26.718903225806454
Uruguay,URY,2020-03,TP,-24.42393548387097
Uruguay,URY,2020-03,KTR,-6.161354838709678
Uruguay,URY,2020-03,SAP,-11.221096774193548
Uruguay,URY,2020-04,RCF,-58.79053333333333
Uruguay,URY,2020-04,TP,-56.62376666666667
Uruguay,URY,2020-04,KTR,-37.27616666666667
Uruguay,URY,2020-04,SAP,-31.138033333333333
Uruguay,URY,2020-05,RCF,-45.20745161290323
Uruguay,URY,2020-05,TP,-45.23048387096774
Uruguay,URY,2020-05,KTR,-22.75116129032258
Uruguay,URY,2020-05,SAP,-25.087451612903227
Uruguay,URY,2020-06,RCF,-35.40956666666667
Uruguay,URY,2020-06,TP,-38.30946666666667
Uruguay,URY,2020-06,KTR,-12.038100000000002
Uruguay,URY,2020-06,SAP,-18.02873333333333
Uruguay,URY,2020-07,RCF,-29.400935483870967
Uruguay,URY,2020-07,TP,-33.663645161290326
Uruguay,URY,2020-07,KTR,-10.05067741935484
Uruguay,URY,2020-07,SAP,-14.787967741935484
Uruguay,URY,2020-08,RCF,-26.442419354838712
Uruguay,URY,2020-08,TP,-31.562290322580647
Uruguay,URY,2020-08,KTR,-7.165935483870968
Uruguay,URY,2020-08,SAP,-13.48390322580645
Uruguay,URY,2020-09,RCF,-26.2524
Uruguay,URY,2020-09,TP,-29.290533333333332
Uruguay,URY,2020-09,KTR,-3.333266666666667
Uruguay,URY,2020-09,SAP,-13.257133333333334
Uruguay,URY,2020-10,RCF,-28.880225806451612
Uruguay,URY,2020-10,TP,-24.700483870967744
Uruguay,URY,2020-10,KTR,-0.833967741935484
Uruguay,URY,2020-10,SAP,-12.35483870967742
Uruguay,URY,2020-11,RCF,-26.46673333333333
Uruguay,URY,2020-11,TP,-24.419066666666666
Uruguay,URY,2020-11,KTR,-0.5191
Uruguay,URY,2020-11,SAP,-11.471499999999999
Uruguay,URY,2020-12,RCF,-25.53916129032258
Uruguay,URY,2020-12,TP,-28.511548387096774
Uruguay,URY,2020-12,KTR,-9.907709677419355
Uruguay,URY,2020-12,SAP,-8.156709677419355
Uruguay,URY,2021-01,RCF,-36.267258064516135
Uruguay,URY,2021-01,TP,-32.75574193548387
Uruguay,URY,2021-01,KTR,-26.202806451612904
Uruguay,URY,2021-01,SAP,-15.691193548387098
Uruguay,URY,2021-02,RCF,-32.7245
Uruguay,URY,2021-02,TP,-28.02042857142857
Uruguay,URY,2021-02,KTR,-18.00507142857143
Uruguay,URY,2021-02,SAP,-13.015285714285714
Uruguay,URY,2021-03,RCF,-30.56683870967742
Uruguay,URY,2021-03,TP,-24.442451612903227
Uruguay,URY,2021-03,KTR,-10.58058064516129
Uruguay,URY,2021-03,SAP,-7.88941935483871
Uruguay,URY,2021-04,RCF,-39.69043333333333
Uruguay,URY,2021-04,TP,-35.433366666666664
Uruguay,URY,2021-04,KTR,-24.65243333333333
Uruguay,URY,2021-04,SAP,-12.614233333333335
Uruguay,URY,2021-05,RCF,-34.73277419354839
Uruguay,URY,2021-05,TP,-30.871
Uruguay,URY,2021-05,KTR,-15.958548387096773
Uruguay,URY,2021-05,SAP,-8.156677419354839
Uruguay,URY,2021-06,RCF,-30.380999999999997
Uruguay,URY,2021-06,TP,-28.2238
Uruguay,URY,2021-06,KTR,-9.761933333333333
Uruguay,URY,2021-06,SAP,-4.423766666666666
Uruguay,URY,2021-07,RCF,-23.11509677419355
Uruguay,URY,2021-07,TP,-20.235064516129032
Uruguay,URY,2021-07,KTR,-5.101322580645161
Uruguay,URY,2021-07,SAP,-0.212
Uruguay,URY,2021-08,RCF,-18.875580645161293
Uruguay,URY,2021-08,TP,-13.926322580645161
Uruguay,URY,2021-08,KTR,5.557612903225807
Uruguay,URY,2021-08,SAP,1.8387741935483872
Uruguay,URY,2021-09,RCF,-15.599966666666667
Uruguay,URY,2021-09,TP,-10.795166666666667
Uruguay,URY,2021-09,KTR,8.766666666666667
Uruguay,URY,2021-09,SAP,1.6429333333333334
Uruguay,URY,2021-10,RCF,-11.631354838709678
Uruguay,URY,2021-10,TP,-3.3732258064516127
Uruguay,URY,2021-10,KTR,13.248870967741935
Uruguay,URY,2021-10,SAP,4.6727096774193555
Uruguay,URY,2021-11,RCF,-9.171433333333333
Uruguay,URY,2021-11,TP,1.662
Uruguay,URY,2021-11,KTR,12.2
Uruguay,URY,2021-11,SAP,5.9857
Uruguay,URY,2021-12,RCF,0.46090322580645154
Uruguay,URY,2021-12,TP,7.56683870967742
Uruguay,URY,2021-12,KTR,7.893967741935484
Uruguay,URY,2021-12,SAP,13.26732258064516
Uruguay,URY,2022-01,RCF,-17.410096774193548
Uruguay,URY,2022-01,TP,-9.188935483870969
Uruguay,URY,2022-01,KTR,-16.13367741935484
Uruguay,URY,2022-01,SAP,4.2580967741935485
Uruguay,URY,2022-02,RCF,-10.316285714285714
Uruguay,URY,2022-02,TP,-1.2551428571428571
Uruguay,URY,2022-02,KTR,-1.3265357142857144
Uruguay,URY,2022-02,SAP,6.326428571428572
Uruguay,URY,2022-03,RCF,-12.977032258064517
Uruguay,URY,2022-03,TP,-1.7327419354838711
Uruguay,URY,2022-03,KTR,8.419354838709678
Uruguay,URY,2022-03,SAP,4.2303870967741934
Uruguay,URY,2022-04,RCF,-15.919100000000002
Uruguay,URY,2022-04,TP,-3.380933333333333
Uruguay,URY,2022-04,KTR,9.771433333333334
Uruguay,URY,2022-04,SAP,2.0762
Uruguay,URY,2022-05,RCF,-18.843258064516128
Uruguay,URY,2022-05,TP,-2.737322580645161
Uruguay,URY,2022-05,KTR,20.986290322580647
Uruguay,URY,2022-05,SAP,0.36864516129032265
Uruguay,URY,2022-06,RCF,-17.885733333333334
Uruguay,URY,2022-06,TP,-1.6331666666666667
Uruguay,URY,2022-06,KTR,23.5571
Uruguay,URY,2022-06,SAP,2.957133333333333
Uruguay,URY,2022-07,RCF,-14.928550000000001
Uruguay,URY,2022-07,TP,0.5071000000000001
Uruguay,URY,2022-07,KTR,9.21435
Uruguay,URY,2022-07,SAP,4.9643500000000005
Venezuela,VEN,2020-02,RCF,2.8695384615384616
Venezuela,VEN,2020-02,TP,0.16100000000000006
Venezuela,VEN,2020-02,KTR,-2.388923076923077
Venezuela,VEN,2020-02,SAP,1.1323846153846153
Venezuela,VEN,2020-03,RCF,-23.373354838709677
Venezuela,VEN,2020-03,TP,-24.79722580645161
Venezuela,VEN,2020-03,KTR,-16.474612903225804
Venezuela,VEN,2020-03,SAP,-11.52083870967742
Venezuela,VEN,2020-04,RCF,-61.8239
Venezuela,VEN,2020-04,TP,-62.514300000000006
Venezuela,VEN,2020-04,KTR,-47.74286666666667
Venezuela,VEN,2020-04,SAP,-40.466766666666665
Venezuela,VEN,2020-05,RCF,-51.8986129032258
Venezuela,VEN,2020-05,TP,-52.400903225806445
Venezuela,VEN,2020-05,KTR,-33.45622580645161
Venezuela,VEN,2020-05,SAP,-32.80641935483871
Venezuela,VEN,2020-06,RCF,-38.514266666666664
Venezuela,VEN,2020-06,TP,-43.60476666666667
Venezuela,VEN,2020-06,KTR,-22.895233333333334
Venezuela,VEN,2020-06,SAP,-21.0047
Venezuela,VEN,2020-07,RCF,-37.806451612903224
Venezuela,VEN,2020-07,TP,-46.022999999999996
Venezuela,VEN,2020-07,KTR,-23.990774193548386
Venezuela,VEN,2020-07,SAP,-18.62216129032258
Venezuela,VEN,2020-08,RCF,-37.76951612903226
Venezuela,VEN,2020-08,TP,-44.08758064516129
Venezuela,VEN,2020-08,KTR,-24.313387096774196
Venezuela,VEN,2020-08,SAP,-19.202806451612904
Venezuela,VEN,2020-09,RCF,-37.809533333333334
Venezuela,VEN,2020-09,TP,-37.590466666666664
Venezuela,VEN,2020-09,KTR,-23.423799999999996
Venezuela,VEN,2020-09,SAP,-18.257133333333336
Venezuela,VEN,2020-10,RCF,-34.580612903225806
Venezuela,VEN,2020-10,TP,-30.903225806451612
Venezuela,VEN,2020-10,KTR,-21.032225806451613
Venezuela,VEN,2020-10,SAP,-8.30867741935484
Venezuela,VEN,2020-11,RCF,-25.8047
Venezuela,VEN,2020-11,TP,-20.409499999999998
Venezuela,VEN,2020-11,KTR,-13.871433333333332
Venezuela,VEN,2020-11,SAP,-0.2809333333333333
Venezuela,VEN,2020-12,RCF,-15.253483870967742
Venezuela,VEN,2020-12,TP,-3.437806451612903
Venezuela,VEN,2020-12,KTR,-9.852612903225806
Venezuela,VEN,2020-12,SAP,10.552999999999999
Venezuela,VEN,2021-01,RCF,-35.03693548387097
Venezuela,VEN,2021-01,TP,-35.68654838709677
Venezuela,VEN,2021-01,KTR,-25.87093548387097
Venezuela,VEN,2021-01,SAP,-5.967677419354838
Venezuela,VEN,2021-02,RCF,-25.68885714285714
Venezuela,VEN,2021-02,TP,-40.954071428571424
Venezuela,VEN,2021-02,KTR,-20.117321428571426
Venezuela,VEN,2021-02,SAP,1.1020357142857142
Venezuela,VEN,2021-03,RCF,-23.88474193548387
Venezuela,VEN,2021-03,TP,-41.133580645161295
Venezuela,VEN,2021-03,KTR,-16.792645161290324
Venezuela,VEN,2021-03,SAP,9.783387096774195
Venezuela,VEN,2021-04,RCF,-28.719066666666667
Venezuela,VEN,2021-04,TP,-45.39053333333333
Venezuela,VEN,2021-04,KTR,-21.9
Venezuela,VEN,2021-04,SAP,8.957166666666668
Venezuela,VEN,2021-05,RCF,-12.576032258064517
Venezuela,VEN,2021-05,TP,-31.622129032258062
Venezuela,VEN,2021-05,KTR,-8.198225806451614
Venezuela,VEN,2021-05,SAP,24.636
Venezuela,VEN,2021-06,RCF,-7.285733333333334
Venezuela,VEN,2021-06,TP,-27.39046666666667
Venezuela,VEN,2021-06,KTR,-6.952466666666667
Venezuela,VEN,2021-06,SAP,31.447566666666667
Venezuela,VEN,2021-07,RCF,-0.7188709677419354
Venezuela,VEN,2021-07,TP,-26.608290322580643
Venezuela,VEN,2021-07,KTR,-4.811032258064516
Venezuela,VEN,2021-07,SAP,37.95383870967742
Venezuela,VEN,2021-08,RCF,4.511580645161291
Venezuela,VEN,2021-08,TP,-22.981516129032258
Venezuela,VEN,2021-08,KTR,-0.2350322580645161
Venezuela,VEN,2021-08,SAP,44.03229032258064
Venezuela,VEN,2021-09,RCF,8.442866666666667
Venezuela,VEN,2021-09,TP,-21.319066666666668
Venezuela,VEN,2021-09,KTR,1.8713666666666666
Venezuela,VEN,2021-09,SAP,47.88096666666667
Venezuela,VEN,2021-10,RCF,13.36409677419355
Venezuela,VEN,2021-10,TP,-18.373290322580644
Venezuela,VEN,2021-10,KTR,5.193451612903226
Venezuela,VEN,2021-10,SAP,53.11061290322581
Venezuela,VEN,2021-11,RCF,25.8714
Venezuela,VEN,2021-11,TP,-10.904766666666665
Venezuela,VEN,2021-11,KTR,13.104766666666666
Venezuela,VEN,2021-11,SAP,65.2477
Venezuela,VEN,2021-12,RCF,34.907806451612906
Venezuela,VEN,2021-12,TP,-3.847967741935484
Venezuela,VEN,2021-12,KTR,13.115193548387095
Venezuela,VEN,2021-12,SAP,75.03683870967741
Venezuela,VEN,2022-01,RCF,14.663580645161291
Venezuela,VEN,2022-01,TP,-15.271967741935484
Venezuela,VEN,2022-01,KTR,3.4239354838709675
Venezuela,VEN,2022-01,SAP,60.10135483870968
Venezuela,VEN,2022-02,RCF,30.617428571428572
Venezuela,VEN,2022-02,TP,-8.688785714285714
Venezuela,VEN,2022-02,KTR,27.300964285714286
Venezuela,VEN,2022-02,SAP,70.73985714285713
Venezuela,VEN,2022-03,RCF,31.10135483870968
Venezuela,VEN,2022-03,TP,-7.027612903225807
Venezuela,VEN,2022-03,KTR,32.76035483870968
Venezuela,VEN,2022-03,SAP,66.26725806451613
Venezuela,VEN,2022-04,RCF,34.13803333333333
Venezuela,VEN,2022-04,TP,-3.9428666666666667
Venezuela,VEN,2022-04,KTR,30.076166666666666
Venezuela,VEN,2022-04,SAP,70.23806666666665
Venezuela,VEN,2022-05,RCF,42.622064516129036
Venezuela,VEN,2022-05,TP,0.1612258064516129
Venezuela,VEN,2022-05,KTR,45.525387096774196
Venezuela,VEN,2022-05,SAP,77.37783870967742
Venezuela,VEN,2022-06,RCF,41.804766666666666
Venezuela,VEN,2022-06,TP,-0.2618333333333333
Venezuela,VEN,2022-06,KTR,44.63806666666667
Venezuela,VEN,2022-06,SAP,78.55713333333333
Venezuela,VEN,2022-07,RCF,43.607150000000004
Venezuela,VEN,2022-07,TP,-2.54995
Venezuela,VEN,2022-07,KTR,41.90725
Venezuela,VEN,2022-07,SAP,80.27145
Vietnam,VNM,2020-02,RCF,-8.782153846153847
Vietnam,VNM,2020-02,TP,-10.827615384615383
Vietnam,VNM,2020-02,KTR,1.5287692307692307
Vietnam,VNM,2020-02,SAP,-6.480538461538462
Vietnam,VNM,2020-03,RCF,-18.156741935483872
Vietnam,VNM,2020-03,TP,-20.765
Vietnam,VNM,2020-03,KTR,2.8294838709677417
Vietnam,VNM,2020-03,SAP,-10.18890322580645
Vietnam,VNM,2020-04,RCF,-53.1571
Vietnam,VNM,2020-04,TP,-54.18566666666666
Vietnam,VNM,2020-04,KTR,-21.685733333333335
Vietnam,VNM,2020-04,SAP,-31.433366666666664
Vietnam,VNM,2020-05,RCF,-21.359451612903225
Vietnam,VNM,2020-05,TP,-7.930741935483871
Vietnam,VNM,2020-05,KTR,2.99541935483871
Vietnam,VNM,2020-05,SAP,3.2073548387096773
Vietnam,VNM,2020-06,RCF,-13.680966666666666
Vietnam,VNM,2020-06,TP,-4.238
Vietnam,VNM,2020-06,KTR,12.642933333333334
Vietnam,VNM,2020-06,SAP,6.7619
Vietnam,VNM,2020-07,RCF,-8.852516129032258
Vietnam,VNM,2020-07,TP,-3.2856129032258066
Vietnam,VNM,2020-07,KTR,2.7142903225806454
Vietnam,VNM,2020-07,SAP,6.949354838709677
Vietnam,VNM,2020-08,RCF,-19.67735483870968
Vietnam,VNM,2020-08,TP,-20.38241935483871
Vietnam,VNM,2020-08,KTR,-2.6450967741935485
Vietnam,VNM,2020-08,SAP,1.0367741935483872
Vietnam,VNM,2020-09,RCF,-13.504766666666665
Vietnam,VNM,2020-09,TP,-13.0286
Vietnam,VNM,2020-09,KTR,2.0953
Vietnam,VNM,2020-09,SAP,5.542866666666667
Vietnam,VNM,2020-10,RCF,-16.907870967741935
Vietnam,VNM,2020-10,TP,-7.285677419354839
Vietnam,VNM,2020-10,KTR,4.917
Vietnam,VNM,2020-10,SAP,1.4931290322580646
Vietnam,VNM,2020-11,RCF,-15.342833333333333
Vietnam,VNM,2020-11,TP,-6.7809
Vietnam,VNM,2020-11,KTR,5.557033333333334
Vietnam,VNM,2020-11,SAP,0.4333666666666666
Vietnam,VNM,2020-12,RCF,-14.368612903225808
Vietnam,VNM,2020-12,TP,-6.1613225806451615
Vietnam,VNM,2020-12,KTR,8.940129032258065
Vietnam,VNM,2020-12,SAP,5.023032258064516
Vietnam,VNM,2021-01,RCF,-12.387129032258064
Vietnam,VNM,2021-01,TP,-7.235
Vietnam,VNM,2021-01,KTR,4.820354838709678
Vietnam,VNM,2021-01,SAP,5.133612903225806
Vietnam,VNM,2021-02,RCF,-18.943857142857144
Vietnam,VNM,2021-02,TP,-23.387785714285716
Vietnam,VNM,2021-02,KTR,-29.515428571428572
Vietnam,VNM,2021-02,SAP,6.474392857142858
Vietnam,VNM,2021-03,RCF,-11.433129032258066
Vietnam,VNM,2021-03,TP,-13.78341935483871
Vietnam,VNM,2021-03,KTR,-2.5623225806451613
Vietnam,VNM,2021-03,SAP,7.433225806451613
Vietnam,VNM,2021-04,RCF,-6.104733333333333
Vietnam,VNM,2021-04,TP,-5.4906
Vietnam,VNM,2021-04,KTR,0.9809
Vietnam,VNM,2021-04,SAP,13.109499999999999
Vietnam,VNM,2021-05,RCF,-19.147483870967744
Vietnam,VNM,2021-05,TP,-23.995354838709677
Vietnam,VNM,2021-05,KTR,-10.479290322580646
Vietnam,VNM,2021-05,SAP,7.106
Vietnam,VNM,2021-06,RCF,-36.06196666666666
Vietnam,VNM,2021-06,TP,-44.818999999999996
Vietnam,VNM,2021-06,KTR,-16.795266666666667
Vietnam,VNM,2021-06,SAP,-3.7952
Vietnam,VNM,2021-07,RCF,-50.49777419354839
Vietnam,VNM,2021-07,TP,-56.68667741935484
Vietnam,VNM,2021-07,KTR,-32.36867741935484
Vietnam,VNM,2021-07,SAP,-19.69129032258065
Vietnam,VNM,2021-08,RCF,-70.56212903225806
Vietnam,VNM,2021-08,TP,-75.7926129032258
Vietnam,VNM,2021-08,KTR,-57.70045161290322
Vietnam,VNM,2021-08,SAP,-46.17061290322581
Vietnam,VNM,2021-09,RCF,-66.37136666666667
Vietnam,VNM,2021-09,TP,-73.59519999999999
Vietnam,VNM,2021-09,KTR,-58.3953
Vietnam,VNM,2021-09,SAP,-44.20943333333333
Vietnam,VNM,2021-10,RCF,-40.35951612903226
Vietnam,VNM,2021-10,TP,-53.08290322580645
Vietnam,VNM,2021-10,KTR,-44.21026086956522
Vietnam,VNM,2021-10,SAP,-14.253516129032258
Vietnam,VNM,2021-11,RCF,-29.5095
Vietnam,VNM,2021-11,TP,-43.80946666666667
Vietnam,VNM,2021-11,SAP,-4.899966666666667
Vietnam,VNM,2021-12,RCF,-25.875580645161293
Vietnam,VNM,2021-12,TP,-42.41470967741935
Vietnam,VNM,2021-12,SAP,-1.797258064516129
Vietnam,VNM,2022-01,RCF,-15.216677419354838
Vietnam,VNM,2022-01,TP,-33.62216129032258
Vietnam,VNM,2022-01,SAP,12.990903225806452
Vietnam,VNM,2022-02,RCF,-11.627571428571429
Vietnam,VNM,2022-02,TP,-30.265285714285714
Vietnam,VNM,2022-02,SAP,10.505071428571428
Vietnam,VNM,2022-03,RCF,-14.165935483870967
Vietnam,VNM,2022-03,TP,-33.13825806451613
Vietnam,VNM,2022-03,SAP,9.064548387096773
Vietnam,VNM,2022-04,RCF,-2.6618666666666666
Vietnam,VNM,2022-04,TP,-21.58563333333333
Vietnam,VNM,2022-04,SAP,18.776266666666668
Vietnam,VNM,2022-05,RCF,1.0414193548387096
Vietnam,VNM,2022-05,TP,-17.009290322580647
Vietnam,VNM,2022-05,SAP,22.741838709677417
Vietnam,VNM,2022-06,RCF,1.5999666666666668
Vietnam,VNM,2022-06,TP,-14.604766666666666
Vietnam,VNM,2022-06,SAP,22.723799999999997
Vietnam,VNM,2022-07,RCF,3.0071
Vietnam,VNM,2022-07,TP,-12.835650000000001
Vietnam,VNM,2022-07,SAP,23.0429
Yemen,YEM,2020-02,RCF,4.366538461538462
Yemen,YEM,2020-02,TP,3.8803846153846155
Yemen,YEM,2020-02,KTR,5.428692307692308
Yemen,YEM,2020-02,SAP,2.090846153846154
Yemen,YEM,2020-03,RCF,-1.4515483870967743
Yemen,YEM,2020-03,TP,-1.1381612903225806
Yemen,YEM,2020-03,KTR,1.8479032258064516
Yemen,YEM,2020-03,SAP,0.9032258064516129
Yemen,YEM,2020-04,RCF,-8.819066666666666
Yemen,YEM,2020-04,TP,-15.590466666666666
Yemen,YEM,2020-04,KTR,-5.9905
Yemen,YEM,2020-04,SAP,-1.2952333333333332
Yemen,YEM,2020-05,RCF,-9.62216129032258
Yemen,YEM,2020-05,TP,-8.497709677419355
Yemen,YEM,2020-05,KTR,-13.377870967741936
Yemen,YEM,2020-05,SAP,-0.46551612903225803
Yemen,YEM,2020-06,RCF,-10.7096
Yemen,YEM,2020-06,TP,-11.138
Yemen,YEM,2020-06,KTR,-7.5523
Yemen,YEM,2020-06,SAP,2.1334
Yemen,YEM,2020-07,RCF,5.705
Yemen,YEM,2020-07,TP,9.852580645161291
Yemen,YEM,2020-07,KTR,-4.801903225806452
Yemen,YEM,2020-07,SAP,15.894
Yemen,YEM,2020-08,RCF,9.608387096774194
Yemen,YEM,2020-08,TP,6.91965
Yemen,YEM,2020-08,KTR,-13.829548387096775
Yemen,YEM,2020-08,SAP,18.995451612903228
Yemen,YEM,2020-09,RCF,22.101666666666667
Yemen,YEM,2020-09,TP,5.521
Yemen,YEM,2020-09,KTR,-1.1333333333333333
Yemen,YEM,2020-09,SAP,26.3809
Yemen,YEM,2020-10,RCF,23.50690322580645
Yemen,YEM,2020-10,TP,12.27190322580645
Yemen,YEM,2020-10,KTR,0.5069032258064515
Yemen,YEM,2020-10,SAP,37.97232258064516
Yemen,YEM,2020-11,RCF,25.723833333333335
Yemen,YEM,2020-11,TP,15.8714
Yemen,YEM,2020-11,KTR,6.819
Yemen,YEM,2020-11,SAP,40.18103333333333
Yemen,YEM,2020-12,RCF,31.668225806451613
Yemen,YEM,2020-12,TP,22.368645161290324
Yemen,YEM,2020-12,KTR,11.437709677419356
Yemen,YEM,2020-12,SAP,46.22577419354839
Yemen,YEM,2021-01,RCF,28.72348387096774
Yemen,YEM,2021-01,TP,17.695935483870965
Yemen,YEM,2021-01,KTR,6.751096774193548
Yemen,YEM,2021-01,SAP,42.38254838709677
Yemen,YEM,2021-02,RCF,26.26532142857143
Yemen,YEM,2021-02,TP,8.994928571428572
Yemen,YEM,2021-02,KTR,-0.28064285714285714
Yemen,YEM,2021-02,SAP,37.67346428571428
Yemen,YEM,2021-03,RCF,36.15670967741935
Yemen,YEM,2021-03,TP,15.101354838709677
Yemen,YEM,2021-03,KTR,4.709612903225806
Yemen,YEM,2021-03,SAP,54.89864516129032
Yemen,YEM,2021-04,RCF,44.5667
Yemen,YEM,2021-04,TP,19.752266666666667
Yemen,YEM,2021-04,KTR,3.8809666666666667
Yemen,YEM,2021-04,SAP,67.70946666666667
Yemen,YEM,2021-05,RCF,59.39174193548387
Yemen,YEM,2021-05,TP,28.41474193548387
Yemen,YEM,2021-05,KTR,-9.082870967741936
Yemen,YEM,2021-05,SAP,80.97699999999999
Yemen,YEM,2021-06,RCF,81.56670000000001
Yemen,YEM,2021-06,TP,41.63336666666667
Yemen,YEM,2021-06,KTR,10.842866666666668
Yemen,YEM,2021-06,SAP,101.21896666666666
Yemen,YEM,2021-07,RCF,83.52074193548387
Yemen,YEM,2021-07,TP,41.004548387096776
Yemen,YEM,2021-07,KTR,4.345612903225806
Yemen,YEM,2021-07,SAP,101.48854838709677
Yemen,YEM,2021-08,RCF,92.14287096774194
Yemen,YEM,2021-08,TP,48.13361290322581
Yemen,YEM,2021-08,KTR,18.81567741935484
Yemen,YEM,2021-08,SAP,109.35948387096775
Yemen,YEM,2021-09,RCF,90.1905
Yemen,YEM,2021-09,TP,41.071466666666666
Yemen,YEM,2021-09,KTR,27.857066666666665
Yemen,YEM,2021-09,SAP,111.32853333333333
Yemen,YEM,2021-10,RCF,94.85712903225806
Yemen,YEM,2021-10,TP,44.77883870967742
Yemen,YEM,2021-10,KTR,34.15683870967742
Yemen,YEM,2021-10,SAP,117.11993548387096
Yemen,YEM,2021-11,RCF,102.58566666666667
Yemen,YEM,2021-11,TP,43.02383333333333
Yemen,YEM,2021-11,KTR,42.047599999999996
Yemen,YEM,2021-11,SAP,123.22373333333333
Yemen,YEM,2021-12,RCF,102.3593870967742
Yemen,YEM,2021-12,TP,44.912451612903226
Yemen,YEM,2021-12,KTR,52.2073870967742
Yemen,YEM,2021-12,SAP,121.84793548387097
Yemen,YEM,2022-01,RCF,68.55764516129031
Yemen,YEM,2022-01,TP,25.368774193548386
Yemen,YEM,2022-01,KTR,41.74654838709677
Yemen,YEM,2022-01,SAP,87.47464516129033
Yemen,YEM,2022-02,RCF,95.02542857142858
Yemen,YEM,2022-02,TP,42.41842857142857
Yemen,YEM,2022-02,KTR,61.642857142857146
Yemen,YEM,2022-02,SAP,116.16324999999999
Yemen,YEM,2022-03,RCF,104.765
Yemen,YEM,2022-03,TP,68.97683870967742
Yemen,YEM,2022-03,KTR,83.35487096774195
Yemen,YEM,2022-03,SAP,138.20270967741934
Yemen,YEM,2022-04,RCF,100.79526666666668
Yemen,YEM,2022-04,TP,71.38556666666666
Yemen,YEM,2022-04,KTR,72.13799999999999
Yemen,YEM,2022-04,SAP,144.62376666666665
Yemen,YEM,2022-05,RCF,109.64977419354838
Yemen,YEM,2022-05,TP,69.95854838709678
Yemen,YEM,2022-05,KTR,49.2488064516129
Yemen,YEM,2022-05,SAP,149.09212903225804
Yemen,YEM,2022-06,RCF,120.51433333333333
Yemen,YEM,2022-06,TP,77.30473333333333
Yemen,YEM,2022-06,KTR,83.25713333333333
Yemen,YEM,2022-06,SAP,155.66193333333334
Yemen,YEM,2022-07,RCF,120.90715
Yemen,YEM,2022-07,TP,70.50715
Yemen,YEM,2022-07,KTR,55.12140000000001
Yemen,YEM,2022-07,SAP,157.2357
Zambia,ZMB,2020-02,RCF,-5.599461538461539
Zambia,ZMB,2020-02,TP,-7.401846153846154
Zambia,ZMB,2020-02,KTR,4.751461538461538
Zambia,ZMB,2020-02,SAP,-8.215923076923078
Zambia,ZMB,2020-03,RCF,-0.7096774193548387
Zambia,ZMB,2020-03,TP,-5.101387096774194
Zambia,ZMB,2020-03,KTR,2.119774193548387
Zambia,ZMB,2020-03,SAP,-1.1013870967741937
Zambia,ZMB,2020-04,RCF,-19.528599999999997
Zambia,ZMB,2020-04,TP,-23.452466666666666
Zambia,ZMB,2020-04,KTR,-14.6381
Zambia,ZMB,2020-04,SAP,-10.609433333333333
Zambia,ZMB,2020-05,RCF,-12.35025806451613
Zambia,ZMB,2020-05,TP,-15.599193548387097
Zambia,ZMB,2020-05,KTR,-7.788096774193549
Zambia,ZMB,2020-05,SAP,-2.6313225806451612
Zambia,ZMB,2020-06,RCF,-3.7618333333333336
Zambia,ZMB,2020-06,TP,-9.257233333333334
Zambia,ZMB,2020-06,KTR,0.9571666666666666
Zambia,ZMB,2020-06,SAP,3.2571999999999997
Zambia,ZMB,2020-07,RCF,2.5805806451612905
Zambia,ZMB,2020-07,TP,-6.474612903225807
Zambia,ZMB,2020-07,KTR,-4.7696129032258066
Zambia,ZMB,2020-07,SAP,9.949225806451613
Zambia,ZMB,2020-08,RCF,2.976935483870968
Zambia,ZMB,2020-08,TP,-5.511516129032258
Zambia,ZMB,2020-08,KTR,-4.410193548387097
Zambia,ZMB,2020-08,SAP,11.258032258064517
Zambia,ZMB,2020-09,RCF,7.6476
Zambia,ZMB,2020-09,TP,-4.481033333333333
Zambia,ZMB,2020-09,KTR,-4.7333
Zambia,ZMB,2020-09,SAP,15.3286
Zambia,ZMB,2020-10,RCF,3.571516129032258
Zambia,ZMB,2020-10,TP,-8.22116129032258
Zambia,ZMB,2020-10,KTR,-9.451677419354839
Zambia,ZMB,2020-10,SAP,12.709612903225807
Zambia,ZMB,2020-11,RCF,5.299966666666666
Zambia,ZMB,2020-11,TP,-9.542866666666667
Zambia,ZMB,2020-11,KTR,-4.276166666666667
Zambia,ZMB,2020-11,SAP,11.1953
Zambia,ZMB,2020-12,RCF,11.073741935483872
Zambia,ZMB,2020-12,TP,-0.39170967741935486
Zambia,ZMB,2020-12,KTR,-10.29951612903226
Zambia,ZMB,2020-12,SAP,17.294838709677418
Zambia,ZMB,2021-01,RCF,-4.271903225806452
Zambia,ZMB,2021-01,TP,-11.84783870967742
Zambia,ZMB,2021-01,KTR,-21.999967741935485
Zambia,ZMB,2021-01,SAP,5.506870967741936
Zambia,ZMB,2021-02,RCF,-1.75
Zambia,ZMB,2021-02,TP,-12.984678571428573
Zambia,ZMB,2021-02,KTR,-19.93882142857143
Zambia,ZMB,2021-02,SAP,9.346964285714288
Zambia,ZMB,2021-03,RCF,10.56225806451613
Zambia,ZMB,2021-03,TP,-4.488483870967742
Zambia,ZMB,2021-03,KTR,-14.72816129032258
Zambia,ZMB,2021-03,SAP,21.585290322580644
Zambia,ZMB,2021-04,RCF,20.476333333333333
Zambia,ZMB,2021-04,TP,4.6380333333333335
Zambia,ZMB,2021-04,KTR,-9.080933333333332
Zambia,ZMB,2021-04,SAP,32.3714
Zambia,ZMB,2021-05,RCF,32.465387096774194
Zambia,ZMB,2021-05,TP,16.419354838709676
Zambia,ZMB,2021-05,KTR,-2.838709677419355
Zambia,ZMB,2021-05,SAP,45.67274193548387
Zambia,ZMB,2021-06,RCF,30.3428
Zambia,ZMB,2021-06,TP,10.347633333333333
Zambia,ZMB,2021-06,KTR,-1.8666666666666667
Zambia,ZMB,2021-06,SAP,47.728566666666666
Zambia,ZMB,2021-07,RCF,25.543645161290325
Zambia,ZMB,2021-07,TP,9.230451612903225
Zambia,ZMB,2021-07,KTR,-11.529903225806452
Zambia,ZMB,2021-07,SAP,49.373322580645166
Zambia,ZMB,2021-08,RCF,30.691193548387098
Zambia,ZMB,2021-08,TP,6.654451612903226
Zambia,ZMB,2021-08,KTR,-8.543677419354838
Zambia,ZMB,2021-08,SAP,52.82948387096774
Zambia,ZMB,2021-09,RCF,43.052400000000006
Zambia,ZMB,2021-09,TP,11.814333333333334
Zambia,ZMB,2021-09,KTR,8.4237
Zambia,ZMB,2021-09,SAP,57.53333333333333
Zambia,ZMB,2021-10,RCF,48.801870967741934
Zambia,ZMB,2021-10,TP,11.19816129032258
Zambia,ZMB,2021-10,KTR,9.668225806451614
Zambia,ZMB,2021-10,SAP,61.01838709677419
Zambia,ZMB,2021-11,RCF,49.3048
Zambia,ZMB,2021-11,TP,9.752433333333332
Zambia,ZMB,2021-11,KTR,15.357066666666666
Zambia,ZMB,2021-11,SAP,61.6715
Zambia,ZMB,2021-12,RCF,53.659000000000006
Zambia,ZMB,2021-12,TP,10.746612903225806
Zambia,ZMB,2021-12,KTR,11.239645161290321
Zambia,ZMB,2021-12,SAP,67.27196774193548
Zambia,ZMB,2022-01,RCF,47.811032258064515
Zambia,ZMB,2022-01,TP,6.059903225806452
Zambia,ZMB,2022-01,KTR,13.705
Zambia,ZMB,2022-01,SAP,62.35951612903226
Zambia,ZMB,2022-02,RCF,56.30103571428572
Zambia,ZMB,2022-02,TP,8.142964285714285
Zambia,ZMB,2022-02,KTR,33.05617857142857
Zambia,ZMB,2022-02,SAP,62.59175
Zambia,ZMB,2022-03,RCF,76.40551612903225
Zambia,ZMB,2022-03,TP,33.14738709677419
Zambia,ZMB,2022-03,KTR,51.732838709677424
Zambia,ZMB,2022-03,SAP,80.61283870967742
Zambia,ZMB,2022-04,RCF,87.08093333333333
Zambia,ZMB,2022-04,TP,44.51906666666667
Zambia,ZMB,2022-04,KTR,55.819100000000006
Zambia,ZMB,2022-04,SAP,90.1429
Zambia,ZMB,2022-05,RCF,93.14745161290323
Zambia,ZMB,2022-05,TP,45.04151612903226
Zambia,ZMB,2022-05,KTR,57.944645161290325
Zambia,ZMB,2022-05,SAP,96.50690322580645
Zambia,ZMB,2022-06,RCF,94.21896666666666
Zambia,ZMB,2022-06,TP,46.57616666666667
Zambia,ZMB,2022-06,KTR,68.22386666666667
Zambia,ZMB,2022-06,SAP,100.1857
Zambia,ZMB,2022-07,RCF,100.9072
Zambia,ZMB,2022-07,TP,48.0428
Zambia,ZMB,2022-07,KTR,61.614250000000006
Zambia,ZMB,2022-07,SAP,104.72855
Zimbabwe,ZWE,2020-02,RCF,-3.321230769230769
Zimbabwe,ZWE,2020-02,TP,-12.277846153846154
Zimbabwe,ZWE,2020-02,KTR,-1.7660769230769233
Zimbabwe,ZWE,2020-02,SAP,-0.1969230769230769
Zimbabwe,ZWE,2020-03,RCF,-3.050774193548387
Zimbabwe,ZWE,2020-03,TP,-14.972387096774193
Zimbabwe,ZWE,2020-03,KTR,3.700516129032258
Zimbabwe,ZWE,2020-03,SAP,5.74658064516129
Zimbabwe,ZWE,2020-04,RCF,-60.60946666666667
Zimbabwe,ZWE,2020-04,TP,-74.37616666666666
Zimbabwe,ZWE,2020-04,KTR,-56.442800000000005
Zimbabwe,ZWE,2020-04,SAP,-48.27146666666667
Zimbabwe,ZWE,2020-05,RCF,-36.85716129032258
Zimbabwe,ZWE,2020-05,TP,-55.52083870967742
Zimbabwe,ZWE,2020-05,KTR,-29.788032258064515
Zimbabwe,ZWE,2020-05,SAP,-24.72806451612903
Zimbabwe,ZWE,2020-06,RCF,-21.423799999999996
Zimbabwe,ZWE,2020-06,TP,-37.8238
Zimbabwe,ZWE,2020-06,KTR,-9.309500000000002
Zimbabwe,ZWE,2020-06,SAP,-8.947666666666667
Zimbabwe,ZWE,2020-07,RCF,-13.41483870967742
Zimbabwe,ZWE,2020-07,TP,-28.89867741935484
Zimbabwe,ZWE,2020-07,KTR,-6.907774193548387
Zimbabwe,ZWE,2020-07,SAP,-3.036806451612903
Zimbabwe,ZWE,2020-08,RCF,-19.502387096774193
Zimbabwe,ZWE,2020-08,TP,-34.01145161290323
Zimbabwe,ZWE,2020-08,KTR,-17.88935483870968
Zimbabwe,ZWE,2020-08,SAP,-8.387032258064515
Zimbabwe,ZWE,2020-09,RCF,-4.0477
Zimbabwe,ZWE,2020-09,TP,-17.212633333333333
Zimbabwe,ZWE,2020-09,KTR,-4.900099999999999
Zimbabwe,ZWE,2020-09,SAP,4.2762
Zimbabwe,ZWE,2020-10,RCF,-1.5161612903225807
Zimbabwe,ZWE,2020-10,TP,-2.2672258064516133
Zimbabwe,ZWE,2020-10,KTR,0.17964516129032262
Zimbabwe,ZWE,2020-10,SAP,14.101354838709677
Zimbabwe,ZWE,2020-11,RCF,3.4761
Zimbabwe,ZWE,2020-11,TP,2.7429666666666668
Zimbabwe,ZWE,2020-11,KTR,7.942833333333334
Zimbabwe,ZWE,2020-11,SAP,19.338133333333335
Zimbabwe,ZWE,2020-12,RCF,11.050645161290323
Zimbabwe,ZWE,2020-12,TP,14.055290322580644
Zimbabwe,ZWE,2020-12,KTR,-2.2258387096774195
Zimbabwe,ZWE,2020-12,SAP,27.852451612903224
Zimbabwe,ZWE,2021-01,RCF,-29.156709677419354
Zimbabwe,ZWE,2021-01,TP,-35.39170967741936
Zimbabwe,ZWE,2021-01,KTR,-33.40548387096774
Zimbabwe,ZWE,2021-01,SAP,-9.221290322580646
Zimbabwe,ZWE,2021-02,RCF,-25.91325
Zimbabwe,ZWE,2021-02,TP,-37.52039285714285
Zimbabwe,ZWE,2021-02,KTR,-26.903107142857145
Zimbabwe,ZWE,2021-02,SAP,-4.091892857142858
Zimbabwe,ZWE,2021-03,RCF,5.281161290322581
Zimbabwe,ZWE,2021-03,TP,7.327322580645161
Zimbabwe,ZWE,2021-03,KTR,-2.520741935483871
Zimbabwe,ZWE,2021-03,SAP,31.161354838709677
Zimbabwe,ZWE,2021-04,RCF,14.614266666666667
Zimbabwe,ZWE,2021-04,TP,18.7666
Zimbabwe,ZWE,2021-04,KTR,1.9334
Zimbabwe,ZWE,2021-04,SAP,39.419133333333335
Zimbabwe,ZWE,2021-05,RCF,29.769483870967743
Zimbabwe,ZWE,2021-05,TP,35.70974193548387
Zimbabwe,ZWE,2021-05,KTR,16.39625806451613
Zimbabwe,ZWE,2021-05,SAP,56.073677419354844
Zimbabwe,ZWE,2021-06,RCF,35.09043333333333
Zimbabwe,ZWE,2021-06,TP,39.31433333333334
Zimbabwe,ZWE,2021-06,KTR,18.4953
Zimbabwe,ZWE,2021-06,SAP,61.25713333333333
Zimbabwe,ZWE,2021-07,RCF,21.534709677419354
Zimbabwe,ZWE,2021-07,TP,16.05525806451613
Zimbabwe,ZWE,2021-07,KTR,8.857096774193549
Zimbabwe,ZWE,2021-07,SAP,47.276548387096774
Zimbabwe,ZWE,2021-08,RCF,30.49306451612903
Zimbabwe,ZWE,2021-08,TP,28.852516129032256
Zimbabwe,ZWE,2021-08,KTR,10.663612903225806
Zimbabwe,ZWE,2021-08,SAP,55.133645161290325
Zimbabwe,ZWE,2021-09,RCF,50.495266666666666
Zimbabwe,ZWE,2021-09,TP,48.82856666666667
Zimbabwe,ZWE,2021-09,KTR,26.761866666666666
Zimbabwe,ZWE,2021-09,SAP,73.82856666666666
Zimbabwe,ZWE,2021-10,RCF,58.958580645161284
Zimbabwe,ZWE,2021-10,TP,61.129064516129034
Zimbabwe,ZWE,2021-10,KTR,35.539096774193546
Zimbabwe,ZWE,2021-10,SAP,84.23041935483872
Zimbabwe,ZWE,2021-11,RCF,59.004733333333334
Zimbabwe,ZWE,2021-11,TP,62.83336666666666
Zimbabwe,ZWE,2021-11,KTR,37.98566666666667
Zimbabwe,ZWE,2021-11,SAP,82.119
Zimbabwe,ZWE,2021-12,RCF,60.61290322580645
Zimbabwe,ZWE,2021-12,TP,67.47922580645161
Zimbabwe,ZWE,2021-12,KTR,17.9631935483871
Zimbabwe,ZWE,2021-12,SAP,87.15196774193548
Zimbabwe,ZWE,2022-01,RCF,53.62674193548387
Zimbabwe,ZWE,2022-01,TP,59.801870967741934
Zimbabwe,ZWE,2022-01,KTR,28.86174193548387
Zimbabwe,ZWE,2022-01,SAP,75.1198064516129
Zimbabwe,ZWE,2022-02,RCF,78.51532142857143
Zimbabwe,ZWE,2022-02,TP,96.20914285714285
Zimbabwe,ZWE,2022-02,KTR,54.265249999999995
Zimbabwe,ZWE,2022-02,SAP,97.71435714285714
Zimbabwe,ZWE,2022-03,RCF,94.64516129032258
Zimbabwe,ZWE,2022-03,TP,99.65451612903226
Zimbabwe,ZWE,2022-03,KTR,77.40090322580645
Zimbabwe,ZWE,2022-03,SAP,105.35016129032257
Zimbabwe,ZWE,2022-04,RCF,106.75236666666666
Zimbabwe,ZWE,2022-04,TP,114.95243333333333
Zimbabwe,ZWE,2022-04,KTR,67.5381
Zimbabwe,ZWE,2022-04,SAP,110.17626666666666
Zimbabwe,ZWE,2022-05,RCF,114.4331935483871
Zimbabwe,ZWE,2022-05,TP,129.61293548387098
Zimbabwe,ZWE,2022-05,KTR,79.78348387096774
Zimbabwe,ZWE,2022-05,SAP,124.91696774193548
Zimbabwe,ZWE,2022-06,RCF,113.90473333333333
Zimbabwe,ZWE,2022-06,TP,134.59523333333334
Zimbabwe,ZWE,2022-06,KTR,93.83326666666667
Zimbabwe,ZWE,2022-06,SAP,125.22383333333333
Zimbabwe,ZWE,2022-07,RCF,121.6643
Zimbabwe,ZWE,2022-07,TP,143.5499
Zimbabwe,ZWE,2022-07,KTR,98.11435
Zimbabwe,ZWE,2022-07,SAP,128.2644
